project_id,trajectory_resolution,first_observed_report_month,last_observed_report_month,snapshots_observed_count,last_ongoing_snapshot_month,last_projected_completion_date,reported_actual_completion_month,reporting_lag_months,forward_dated_completion_flag,actual_before_last_ongoing_snapshot_flag,completion_before_last_forecast_flag,completion_date_consistency_flag
108841,ONGOING_ACTIVE,2026-06,2026-08,3,2026-08,,,,,,,
124199,ONGOING_ACTIVE,2026-07,2026-08,2,2026-08,,,,,,,
167179,ONGOING_ACTIVE,2026-08,2026-08,1,2026-08,,,,,,,
168896,ONGOING_ACTIVE,2026-08,2026-08,1,2026-08,,,,,,,
171218,ONGOING_ACTIVE,2026-07,2026-08,2,2026-08,,,,,,,
175860,ONGOING_ACTIVE,2026-07,2026-08,2,2026-08,,,,,,,
198592,ONGOING_ACTIVE,2026-08,2026-08,1,2026-08,,,,,,,
210914,ONGOING_ACTIVE,2026-07,2026-08,2,2026-08,,,,,,,
222253,ONGOING_ACTIVE,2026-06,2026-08,3,2026-08,,,,,,,
240484,ONGOING_ACTIVE,2026-07,2026-08,2,2026-08,,,,,,,
244981,ONGOING_ACTIVE,2026-08,2026-08,1,2026-08,,,,,,,
245986,ONGOING_ACTIVE,2026-07,2026-08,2,2026-08,,,,,,,
298178,ONGOING_ACTIVE,2026-07,2026-08,2,2026-08,,,,,,,
304532,ONGOING_ACTIVE,2026-08,2026-08,1,2026-08,2028-05,,,,,,
308266,ONGOING_ACTIVE,2026-08,2026-08,1,2026-08,,,,,,,
317725,ONGOING_ACTIVE,2026-07,2026-08,2,2026-08,,,,,,,
364934,ONGOING_ACTIVE,2026-07,2026-08,2,2026-08,,,,,,,
368840,ONGOING_ACTIVE,2026-08,2026-08,1,2026-08,,,,,,,
400005,REPORTED_COMPLETED_EXPLICIT_DATE,2026-05,2026-05,1,,,2026-05,0,False,,,
400006,DISAPPEARED_UNRESOLVED,2026-04,2026-07,4,2026-07,2026-12,,,,,,
400010,ONGOING_ACTIVE,2026-04,2026-08,5,2026-08,2026-09,,,,,,
400012,ONGOING_ACTIVE,2026-07,2026-08,2,2026-08,2026-10,,,,,,
400013,ONGOING_ACTIVE,2026-04,2026-08,5,2026-08,2027-03,,,,,,
400018,ONGOING_ACTIVE,2026-04,2026-08,5,2026-08,,,,,,,
400019,DISAPPEARED_UNRESOLVED,2026-04,2026-06,3,2026-06,2027-09,,,,,,
400023,DISAPPEARED_UNRESOLVED,2026-04,2026-07,4,2026-07,2030-03,,,,,,
400033,ONGOING_ACTIVE,2026-04,2026-08,5,2026-08,,,,,,,
400035,REPORTED_COMPLETED_MISSING_DATE,2026-04,2026-06,3,2026-05,2026-06,,,,,,
400043,ONGOING_ACTIVE,2026-04,2026-08,5,2026-08,2027-03,,,,,,
400045,DISAPPEARED_UNRESOLVED,2026-04,2026-07,4,2026-07,2025-01,,,,,,
400047,DISAPPEARED_UNRESOLVED,2026-04,2026-07,4,2026-07,2026-12,,,,,,
400048,DISAPPEARED_UNRESOLVED,2026-04,2026-07,4,2026-07,2027-06,,,,,,
400062,ONGOING_ACTIVE,2026-04,2026-08,5,2026-08,,,,,,,
400073,ONGOING_ACTIVE,2026-04,2026-08,5,2026-08,,,,,,,
400074,ONGOING_ACTIVE,2026-04,2026-08,5,2026-08,,,,,,,
400078,REPORTED_COMPLETED_EXPLICIT_DATE,2026-07,2026-07,1,,,2026-07,0,False,,,
400081,ONGOING_ACTIVE,2026-04,2026-08,5,2026-08,2026-08,,,,,,
400087,ONGOING_ACTIVE,2026-04,2026-08,5,2026-08,2027-03,,,,,,
400093,DISAPPEARED_UNRESOLVED,2026-04,2026-04,1,2026-04,2026-03,,,,,,
400095,DISAPPEARED_UNRESOLVED,2026-04,2026-04,1,2026-04,2026-06,,,,,,
400096,DISAPPEARED_UNRESOLVED,2026-04,2026-04,1,2026-04,2027-06,,,,,,
400097,DISAPPEARED_UNRESOLVED,2026-04,2026-04,1,2026-04,2026-03,,,,,,
400100,ONGOING_ACTIVE,2026-04,2026-08,5,2026-08,2027-12,,,,,,
400101,ONGOING_ACTIVE,2026-04,2026-08,5,2026-08,2027-03,,,,,,
400102,ONGOING_ACTIVE,2026-04,2026-08,5,2026-08,2025-12,,,,,,
400103,ONGOING_ACTIVE,2026-04,2026-08,5,2026-08,2026-12,,,,,,
400105,DISAPPEARED_UNRESOLVED,2026-04,2026-04,1,2026-04,2026-12,,,,,,
400107,DISAPPEARED_UNRESOLVED,2026-04,2026-04,1,2026-04,2027-06,,,,,,
400109,DISAPPEARED_UNRESOLVED,2026-04,2026-04,1,2026-04,2026-06,,,,,,
400111,ONGOING_ACTIVE,2026-04,2026-08,5,2026-08,2026-06,,,,,,
400112,DISAPPEARED_UNRESOLVED,2026-04,2026-04,1,2026-04,,,,,,,
400115,ONGOING_ACTIVE,2026-04,2026-08,5,2026-08,2026-03,,,,,,
400116,ONGOING_ACTIVE,2026-04,2026-08,5,2026-08,2026-12,,,,,,
400119,ONGOING_ACTIVE,2026-04,2026-08,5,2026-08,2026-10,,,,,,
400120,ONGOING_ACTIVE,2026-04,2026-08,5,2026-08,2026-09,,,,,,
400121,ONGOING_ACTIVE,2026-04,2026-08,5,2026-08,,,,,,,
400136,ONGOING_ACTIVE,2026-04,2026-08,5,2026-08,,,,,,,
400138,ONGOING_ACTIVE,2026-04,2026-08,5,2026-08,,,,,,,
400139,ONGOING_ACTIVE,2026-04,2026-08,5,2026-08,,,,,,,
400141,ONGOING_ACTIVE,2026-04,2026-08,5,2026-08,2026-06,,,,,,
400142,ONGOING_ACTIVE,2026-04,2026-08,5,2026-08,,,,,,,
400144,ONGOING_ACTIVE,2026-04,2026-08,5,2026-08,,,,,,,
400148,ONGOING_ACTIVE,2026-04,2026-08,5,2026-08,2027-03,,,,,,
400149,ONGOING_ACTIVE,2026-04,2026-08,5,2026-08,,,,,,,
400150,ONGOING_ACTIVE,2026-04,2026-08,5,2026-08,,,,,,,
400151,ONGOING_ACTIVE,2026-04,2026-08,5,2026-08,,,,,,,
400153,ONGOING_ACTIVE,2026-04,2026-08,5,2026-08,,,,,,,
400154,ONGOING_ACTIVE,2026-04,2026-08,5,2026-08,,,,,,,
400155,ONGOING_ACTIVE,2026-04,2026-08,5,2026-08,,,,,,,
400156,ONGOING_ACTIVE,2026-04,2026-08,5,2026-08,,,,,,,
400160,ONGOING_ACTIVE,2026-04,2026-08,5,2026-08,2027-03,,,,,,
400162,ONGOING_ACTIVE,2026-04,2026-08,5,2026-08,2027-03,,,,,,
400165,ONGOING_ACTIVE,2026-04,2026-08,5,2026-08,,,,,,,
400166,ONGOING_ACTIVE,2026-04,2026-08,5,2026-08,,,,,,,
400167,ONGOING_ACTIVE,2026-04,2026-08,5,2026-08,2026-12,,,,,,
400168,ONGOING_ACTIVE,2026-04,2026-08,5,2026-08,2027-06,,,,,,
400169,ONGOING_ACTIVE,2026-04,2026-08,5,2026-08,2026-10,,,,,,
400171,ONGOING_ACTIVE,2026-04,2026-08,5,2026-08,2026-12,,,,,,
400172,ONGOING_ACTIVE,2026-04,2026-08,5,2026-08,2028-03,,,,,,
400173,ONGOING_ACTIVE,2026-04,2026-08,5,2026-08,2030-03,,,,,,
400174,ONGOING_ACTIVE,2026-04,2026-08,5,2026-08,2027-06,,,,,,
400177,ONGOING_ACTIVE,2026-04,2026-08,5,2026-08,2027-03,,,,,,
400178,ONGOING_ACTIVE,2026-04,2026-08,5,2026-08,,,,,,,
400180,ONGOING_ACTIVE,2026-04,2026-08,5,2026-08,2030-03,,,,,,
400181,ONGOING_ACTIVE,2026-04,2026-08,5,2026-08,,,,,,,
400182,DISAPPEARED_UNRESOLVED,2026-04,2026-04,1,2026-04,2030-03,,,,,,
400183,ONGOING_ACTIVE,2026-04,2026-08,5,2026-08,,,,,,,
400185,ONGOING_ACTIVE,2026-04,2026-08,5,2026-08,,,,,,,
400186,ONGOING_ACTIVE,2026-04,2026-08,5,2026-08,,,,,,,
400187,ONGOING_ACTIVE,2026-04,2026-08,5,2026-08,,,,,,,
400188,ONGOING_ACTIVE,2026-04,2026-08,5,2026-08,2025-12,,,,,,
400192,ONGOING_ACTIVE,2026-04,2026-08,5,2026-08,2026-12,,,,,,
400203,ONGOING_ACTIVE,2026-04,2026-08,5,2026-08,2026-08,,,,,,
400204,ONGOING_ACTIVE,2026-04,2026-08,5,2026-08,2030-10,,,,,,
400205,ONGOING_ACTIVE,2026-04,2026-08,5,2026-08,2029-03,,,,,,
400220,DISAPPEARED_UNRESOLVED,2026-04,2026-07,4,2026-07,2026-12,,,,,,
400231,ONGOING_ACTIVE,2026-04,2026-08,5,2026-08,,,,,,,
400232,ONGOING_ACTIVE,2026-04,2026-08,5,2026-08,2026-12,,,,,,
400247,ONGOING_ACTIVE,2026-04,2026-08,5,2026-08,2028-03,,,,,,
400254,ONGOING_ACTIVE,2026-04,2026-08,5,2026-08,2027-03,,,,,,
400259,REPORTED_COMPLETED_EXPLICIT_DATE,2026-04,2026-05,2,2026-04,2026-03,2026-06,-1,True,False,False,False
400261,ONGOING_ACTIVE,2026-04,2026-08,5,2026-08,2027-04,,,,,,
400271,DISAPPEARED_UNRESOLVED,2026-04,2026-06,3,2026-06,2026-12,,,,,,
400273,DISAPPEARED_UNRESOLVED,2026-04,2026-07,4,2026-07,2026-02,,,,,,
400277,DISAPPEARED_UNRESOLVED,2026-04,2026-06,3,2026-06,2027-12,,,,,,
400280,DISAPPEARED_UNRESOLVED,2026-04,2026-07,4,2026-07,2025-09,,,,,,
400291,ONGOING_ACTIVE,2026-04,2026-08,5,2026-08,2027-04,,,,,,
400298,ONGOING_ACTIVE,2026-04,2026-08,5,2026-08,2028-03,,,,,,
400299,ONGOING_ACTIVE,2026-04,2026-08,5,2026-08,2026-11,,,,,,
400301,ONGOING_ACTIVE,2026-07,2026-08,2,2026-08,2026-09,,,,,,
400312,ONGOING_ACTIVE,2026-04,2026-08,5,2026-08,,,,,,,
400315,ONGOING_ACTIVE,2026-04,2026-08,5,2026-08,,,,,,,
400321,ONGOING_ACTIVE,2026-04,2026-08,5,2026-08,2028-03,,,,,,
400352,ONGOING_ACTIVE,2026-04,2026-08,5,2026-08,,,,,,,
400353,ONGOING_ACTIVE,2026-04,2026-08,5,2026-08,,,,,,,
400354,ONGOING_ACTIVE,2026-04,2026-08,5,2026-08,,,,,,,
400382,DISAPPEARED_UNRESOLVED,2026-04,2026-06,3,2026-06,,,,,,,
400392,ONGOING_ACTIVE,2026-04,2026-08,5,2026-08,,,,,,,
400416,ONGOING_ACTIVE,2026-04,2026-08,5,2026-08,2027-06,,,,,,
400424,ONGOING_ACTIVE,2026-04,2026-08,5,2026-08,2027-03,,,,,,
400425,ONGOING_ACTIVE,2026-04,2026-08,5,2026-08,2026-09,,,,,,
400426,ONGOING_ACTIVE,2026-04,2026-08,5,2026-08,2029-03,,,,,,
409131,ONGOING_ACTIVE,2026-08,2026-08,1,2026-08,,,,,,,
425828,ONGOING_ACTIVE,2026-07,2026-08,2,2026-08,,,,,,,
432726,ONGOING_ACTIVE,2026-08,2026-08,1,2026-08,,,,,,,
437130,ONGOING_ACTIVE,2026-07,2026-08,2,2026-08,,,,,,,
462136,ONGOING_ACTIVE,2026-07,2026-08,2,2026-08,,,,,,,
476006,ONGOING_ACTIVE,2026-07,2026-08,2,2026-08,,,,,,,
478482,ONGOING_ACTIVE,2026-07,2026-08,2,2026-08,,,,,,,
496150,ONGOING_ACTIVE,2026-08,2026-08,1,2026-08,,,,,,,
503783,ONGOING_ACTIVE,2026-08,2026-08,1,2026-08,,,,,,,
505106,ONGOING_ACTIVE,2026-08,2026-08,1,2026-08,,,,,,,
505491,ONGOING_ACTIVE,2026-07,2026-08,2,2026-08,,,,,,,
540543,ONGOING_ACTIVE,2026-08,2026-08,1,2026-08,,,,,,,
547243,ONGOING_ACTIVE,2026-07,2026-08,2,2026-08,,,,,,,
553920,ONGOING_ACTIVE,2026-08,2026-08,1,2026-08,,,,,,,
589703,ONGOING_ACTIVE,2026-07,2026-08,2,2026-08,,,,,,,
601812,ONGOING_ACTIVE,2026-04,2026-08,5,2026-08,,,,,,,
602098,ONGOING_ACTIVE,2026-04,2026-08,5,2026-08,2025-11,,,,,,
602099,ONGOING_ACTIVE,2026-04,2026-08,5,2026-08,2026-09,,,,,,
602181,ONGOING_ACTIVE,2026-04,2026-08,5,2026-08,2029-09,,,,,,
602182,ONGOING_ACTIVE,2026-04,2026-08,5,2026-08,2032-02,,,,,,
602184,ONGOING_ACTIVE,2026-04,2026-08,5,2026-08,2029-09,,,,,,
602185,ONGOING_ACTIVE,2026-04,2026-08,5,2026-08,2029-07,,,,,,
602195,ONGOING_ACTIVE,2026-04,2026-08,5,2026-08,2028-06,,,,,,
602525,ONGOING_ACTIVE,2026-04,2026-08,5,2026-08,2026-12,,,,,,
602532,ONGOING_ACTIVE,2026-04,2026-08,5,2026-08,2026-12,,,,,,
602535,ONGOING_ACTIVE,2026-04,2026-08,5,2026-08,2028-11,,,,,,
602538,ONGOING_ACTIVE,2026-04,2026-08,5,2026-08,2026-09,,,,,,
602579,ONGOING_ACTIVE,2026-04,2026-08,5,2026-08,2026-08,,,,,,
602582,ONGOING_ACTIVE,2026-04,2026-08,5,2026-08,2027-03,,,,,,
602593,ONGOING_ACTIVE,2026-04,2026-08,5,2026-08,2030-05,,,,,,
602792,DISAPPEARED_UNRESOLVED,2026-04,2026-07,4,2026-07,2026-06,,,,,,
602961,ONGOING_ACTIVE,2026-04,2026-08,5,2026-08,2028-05,,,,,,
603210,ONGOING_ACTIVE,2026-05,2026-08,4,2026-08,,,,,,,
603293,ONGOING_ACTIVE,2026-04,2026-08,5,2026-08,2027-04,,,,,,
603945,ONGOING_ACTIVE,2026-04,2026-08,5,2026-08,2028-06,,,,,,
604791,ONGOING_ACTIVE,2026-04,2026-08,5,2026-08,2027-03,,,,,,
604795,ONGOING_ACTIVE,2026-04,2026-08,5,2026-08,2028-10,,,,,,
604833,ONGOING_ACTIVE,2026-04,2026-08,5,2026-08,2027-06,,,,,,
604852,ONGOING_ACTIVE,2026-04,2026-08,5,2026-08,2026-11,,,,,,
604853,ONGOING_ACTIVE,2026-04,2026-08,5,2026-08,2027-07,,,,,,
604859,ONGOING_ACTIVE,2026-04,2026-08,5,2026-08,2026-09,,,,,,
604863,ONGOING_ACTIVE,2026-04,2026-08,5,2026-08,2026-12,,,,,,
605155,ONGOING_ACTIVE,2026-04,2026-08,5,2026-08,2028-03,,,,,,
605156,ONGOING_ACTIVE,2026-04,2026-08,5,2026-08,2026-11,,,,,,
605292,ONGOING_ACTIVE,2026-04,2026-08,5,2026-08,2026-11,,,,,,
606013,ONGOING_ACTIVE,2026-04,2026-08,5,2026-08,2026-01,,,,,,
606112,ONGOING_ACTIVE,2026-04,2026-08,5,2026-08,2025-12,,,,,,
606431,ONGOING_ACTIVE,2026-04,2026-08,5,2026-08,2026-06,,,,,,
606479,ONGOING_ACTIVE,2026-04,2026-08,5,2026-08,2027-07,,,,,,
607653,DISAPPEARED_UNRESOLVED,2026-04,2026-07,4,2026-07,2027-02,,,,,,
607701,REPORTED_COMPLETED_EXPLICIT_DATE,2026-04,2026-05,2,2026-04,2026-05,2026-05,0,False,False,False,True
607709,ONGOING_ACTIVE,2026-04,2026-08,5,2026-08,2027-03,,,,,,
609019,ONGOING_ACTIVE,2026-04,2026-08,5,2026-08,2026-12,,,,,,
609424,ONGOING_ACTIVE,2026-04,2026-08,5,2026-08,2027-09,,,,,,
609736,ONGOING_ACTIVE,2026-04,2026-08,5,2026-08,2026-10,,,,,,
609996,ONGOING_ACTIVE,2026-04,2026-08,5,2026-08,2026-01,,,,,,
610315,ONGOING_ACTIVE,2026-04,2026-08,5,2026-08,2026-10,,,,,,
610984,ONGOING_ACTIVE,2026-04,2026-08,5,2026-08,2026-09,,,,,,
611016,DISAPPEARED_UNRESOLVED,2026-04,2026-04,1,2026-04,2026-05,,,,,,
611017,DISAPPEARED_UNRESOLVED,2026-04,2026-04,1,2026-04,2026-12,,,,,,
611047,ONGOING_ACTIVE,2026-04,2026-08,5,2026-08,2026-11,,,,,,
611495,ONGOING_ACTIVE,2026-04,2026-08,5,2026-08,2027-03,,,,,,
611509,ONGOING_ACTIVE,2026-04,2026-08,5,2026-08,,,,,,,
611586,ONGOING_ACTIVE,2026-04,2026-08,5,2026-08,2029-12,,,,,,
611602,ONGOING_ACTIVE,2026-04,2026-08,5,2026-08,2027-04,,,,,,
611698,ONGOING_ACTIVE,2026-04,2026-08,5,2026-08,,,,,,,
611699,ONGOING_ACTIVE,2026-04,2026-08,5,2026-08,,,,,,,
611716,ONGOING_ACTIVE,2026-04,2026-08,5,2026-08,,,,,,,
611751,ONGOING_ACTIVE,2026-04,2026-08,5,2026-08,,,,,,,
611752,ONGOING_ACTIVE,2026-04,2026-08,4,2026-08,2027-03,,,,,,
611754,ONGOING_ACTIVE,2026-04,2026-08,5,2026-08,,,,,,,
611855,ONGOING_ACTIVE,2026-04,2026-08,5,2026-08,,,,,,,
611864,ONGOING_ACTIVE,2026-04,2026-08,5,2026-08,,,,,,,
611884,ONGOING_ACTIVE,2026-04,2026-08,5,2026-08,2028-02,,,,,,
611917,ONGOING_ACTIVE,2026-04,2026-08,5,2026-08,2026-12,,,,,,
611918,ONGOING_ACTIVE,2026-04,2026-08,5,2026-08,,,,,,,
611927,DISAPPEARED_UNRESOLVED,2026-04,2026-07,4,2026-07,,,,,,,
611929,DISAPPEARED_UNRESOLVED,2026-04,2026-07,4,2026-07,,,,,,,
611930,ONGOING_ACTIVE,2026-04,2026-08,5,2026-08,2028-11,,,,,,
611943,ONGOING_ACTIVE,2026-04,2026-08,5,2026-08,2028-02,,,,,,
611945,ONGOING_ACTIVE,2026-04,2026-08,5,2026-08,2030-05,,,,,,
611947,REPORTED_COMPLETED_EXPLICIT_DATE,2026-04,2026-05,2,2026-04,2026-06,2026-05,0,False,False,True,True
611948,REPORTED_COMPLETED_MISSING_DATE,2026-04,2026-06,3,2026-05,2026-06,,,,,,
611949,ONGOING_ACTIVE,2026-04,2026-08,5,2026-08,2026-08,,,,,,
611951,REPORTED_COMPLETED_EXPLICIT_DATE,2026-04,2026-04,1,,,2026-04,0,False,,,
611957,ONGOING_ACTIVE,2026-04,2026-08,5,2026-08,,,,,,,
611961,ONGOING_ACTIVE,2026-04,2026-08,5,2026-08,,,,,,,
611963,ONGOING_ACTIVE,2026-04,2026-08,5,2026-08,,,,,,,
611966,REPORTED_COMPLETED_EXPLICIT_DATE,2026-04,2026-07,4,2026-06,2026-05,2026-06,1,False,False,False,True
611967,REPORTED_COMPLETED_MISSING_DATE,2026-04,2026-06,3,2026-05,2026-05,,,,,,
611970,ONGOING_ACTIVE,2026-04,2026-08,5,2026-08,2030-03,,,,,,
611971,ONGOING_ACTIVE,2026-04,2026-08,5,2026-08,2030-03,,,,,,
611974,ONGOING_ACTIVE,2026-04,2026-08,5,2026-08,2027-12,,,,,,
611977,DISAPPEARED_UNRESOLVED,2026-04,2026-06,3,2026-06,,,,,,,
611978,DISAPPEARED_UNRESOLVED,2026-04,2026-06,3,2026-06,,,,,,,
611979,DISAPPEARED_UNRESOLVED,2026-04,2026-06,3,2026-06,2026-05,,,,,,
612066,ONGOING_ACTIVE,2026-05,2026-08,4,2026-08,,,,,,,
612068,ONGOING_ACTIVE,2026-05,2026-08,4,2026-08,,,,,,,
612072,ONGOING_ACTIVE,2026-04,2026-08,5,2026-08,2028-07,,,,,,
612096,DISAPPEARED_UNRESOLVED,2026-04,2026-07,4,2026-07,2027-03,,,,,,
612128,ONGOING_ACTIVE,2026-04,2026-08,5,2026-08,2026-09,,,,,,
612134,ONGOING_ACTIVE,2026-04,2026-08,5,2026-08,2027-04,,,,,,
612139,ONGOING_ACTIVE,2026-04,2026-08,5,2026-08,2026-12,,,,,,
612140,ONGOING_ACTIVE,2026-04,2026-08,5,2026-08,2026-09,,,,,,
612142,ONGOING_ACTIVE,2026-04,2026-08,5,2026-08,2030-02,,,,,,
612151,REPORTED_COMPLETED_EXPLICIT_DATE,2026-04,2026-04,1,,,2026-04,0,False,,,
612167,ONGOING_ACTIVE,2026-04,2026-08,5,2026-08,2026-08,,,,,,
612178,REPORTED_COMPLETED_EXPLICIT_DATE,2026-04,2026-04,1,,,2026-05,-1,True,,,False
612183,ONGOING_ACTIVE,2026-04,2026-08,5,2026-08,,,,,,,
612186,ONGOING_ACTIVE,2026-04,2026-08,5,2026-08,2027-05,,,,,,
612188,REPORTED_COMPLETED_MISSING_DATE,2026-04,2026-05,2,2026-04,2026-08,,,,,,
612194,ONGOING_ACTIVE,2026-04,2026-08,5,2026-08,2026-11,,,,,,
612201,REPORTED_COMPLETED_EXPLICIT_DATE,2026-04,2026-05,2,2026-04,2026-06,2026-05,0,False,False,True,True
612211,ONGOING_ACTIVE,2026-04,2026-08,5,2026-08,2026-11,,,,,,
612213,ONGOING_ACTIVE,2026-04,2026-08,5,2026-08,2026-09,,,,,,
612259,ONGOING_ACTIVE,2026-04,2026-08,5,2026-08,2026-07,,,,,,
612513,ONGOING_ACTIVE,2026-04,2026-08,5,2026-08,,,,,,,
612745,ONGOING_ACTIVE,2026-04,2026-08,5,2026-08,2027-05,,,,,,
612748,ONGOING_ACTIVE,2026-04,2026-08,5,2026-08,,,,,,,
612781,ONGOING_ACTIVE,2026-04,2026-08,5,2026-08,2027-09,,,,,,
612786,ONGOING_ACTIVE,2026-04,2026-08,5,2026-08,2026-09,,,,,,
612787,ONGOING_ACTIVE,2026-04,2026-08,5,2026-08,2026-09,,,,,,
612788,ONGOING_ACTIVE,2026-04,2026-08,5,2026-08,2026-09,,,,,,
612789,ONGOING_ACTIVE,2026-04,2026-08,5,2026-08,2027-03,,,,,,
612790,ONGOING_ACTIVE,2026-04,2026-08,5,2026-08,2026-09,,,,,,
612791,ONGOING_ACTIVE,2026-04,2026-08,5,2026-08,2026-08,,,,,,
612793,ONGOING_ACTIVE,2026-04,2026-08,5,2026-08,2027-06,,,,,,
612815,ONGOING_ACTIVE,2026-04,2026-08,5,2026-08,,,,,,,
612816,ONGOING_ACTIVE,2026-04,2026-08,5,2026-08,,,,,,,
612819,REPORTED_COMPLETED_EXPLICIT_DATE,2026-04,2026-05,2,2026-04,2025-12,2026-01,4,False,True,False,False
612827,ONGOING_ACTIVE,2026-04,2026-08,5,2026-08,,,,,,,
612834,ONGOING_ACTIVE,2026-04,2026-08,5,2026-08,,,,,,,
612845,ONGOING_ACTIVE,2026-04,2026-08,5,2026-08,,,,,,,
612851,REPORTED_COMPLETED_EXPLICIT_DATE,2026-04,2026-08,5,2026-07,2026-01,2026-06,2,False,True,False,False
612853,ONGOING_ACTIVE,2026-07,2026-08,2,2026-08,2026-09,,,,,,
612855,ONGOING_ACTIVE,2026-04,2026-08,5,2026-08,2026-09,,,,,,
612876,ONGOING_ACTIVE,2026-04,2026-08,5,2026-08,2022-03,,,,,,
612877,REPORTED_COMPLETED_EXPLICIT_DATE,2026-04,2026-08,5,2026-07,2026-05,2026-08,0,False,False,False,True
612878,ONGOING_ACTIVE,2026-04,2026-08,5,2026-08,,,,,,,
612883,ONGOING_ACTIVE,2026-04,2026-08,5,2026-08,2026-12,,,,,,
612885,ONGOING_ACTIVE,2026-04,2026-08,5,2026-08,2026-10,,,,,,
612894,DISAPPEARED_UNRESOLVED,2026-04,2026-07,4,2026-07,2026-03,,,,,,
612898,ONGOING_ACTIVE,2026-04,2026-08,5,2026-08,2024-08,,,,,,
612916,ONGOING_ACTIVE,2026-04,2026-08,5,2026-08,2026-03,,,,,,
613002,DISAPPEARED_UNRESOLVED,2026-04,2026-07,4,2026-07,,,,,,,
613008,ONGOING_ACTIVE,2026-04,2026-08,5,2026-08,,,,,,,
613013,ONGOING_ACTIVE,2026-04,2026-08,5,2026-08,,,,,,,
613015,DISAPPEARED_UNRESOLVED,2026-04,2026-07,4,2026-07,,,,,,,
613785,DISAPPEARED_UNRESOLVED,2026-04,2026-06,3,2026-06,,,,,,,
613786,DISAPPEARED_UNRESOLVED,2026-04,2026-06,3,2026-06,,,,,,,
613787,ONGOING_ACTIVE,2026-04,2026-08,5,2026-08,,,,,,,
613793,ONGOING_ACTIVE,2026-04,2026-08,5,2026-08,2028-03,,,,,,
613794,ONGOING_ACTIVE,2026-04,2026-08,5,2026-08,,,,,,,
613798,ONGOING_ACTIVE,2026-04,2026-08,5,2026-08,,,,,,,
613799,ONGOING_ACTIVE,2026-04,2026-08,5,2026-08,,,,,,,
613800,ONGOING_ACTIVE,2026-04,2026-08,5,2026-08,2027-03,,,,,,
613801,ONGOING_ACTIVE,2026-04,2026-08,5,2026-08,2028-03,,,,,,
613802,ONGOING_ACTIVE,2026-04,2026-08,5,2026-08,2028-03,,,,,,
613803,ONGOING_ACTIVE,2026-04,2026-08,5,2026-08,,,,,,,
613804,ONGOING_ACTIVE,2026-04,2026-08,5,2026-08,,,,,,,
613808,ONGOING_ACTIVE,2026-04,2026-08,5,2026-08,2026-12,,,,,,
615184,ONGOING_ACTIVE,2026-04,2026-08,5,2026-08,,,,,,,
615185,ONGOING_ACTIVE,2026-04,2026-08,5,2026-08,,,,,,,
615186,ONGOING_ACTIVE,2026-04,2026-08,5,2026-08,2027-03,,,,,,
615187,ONGOING_ACTIVE,2026-04,2026-08,5,2026-08,,,,,,,
615188,ONGOING_ACTIVE,2026-04,2026-08,5,2026-08,,,,,,,
615189,ONGOING_ACTIVE,2026-04,2026-08,5,2026-08,2027-03,,,,,,
615190,ONGOING_ACTIVE,2026-04,2026-08,5,2026-08,,,,,,,
615191,ONGOING_ACTIVE,2026-04,2026-08,5,2026-08,,,,,,,
615192,ONGOING_ACTIVE,2026-04,2026-08,5,2026-08,2027-03,,,,,,
615193,DISAPPEARED_UNRESOLVED,2026-04,2026-04,1,2026-04,2029-03,,,,,,
615194,ONGOING_ACTIVE,2026-04,2026-08,5,2026-08,,,,,,,
615195,ONGOING_ACTIVE,2026-04,2026-08,5,2026-08,,,,,,,
615199,ONGOING_ACTIVE,2026-04,2026-08,5,2026-08,,,,,,,
615202,ONGOING_ACTIVE,2026-04,2026-08,5,2026-08,2028-03,,,,,,
615206,ONGOING_ACTIVE,2026-04,2026-08,5,2026-08,2027-03,,,,,,
615327,REPORTED_COMPLETED_EXPLICIT_DATE,2026-04,2026-05,2,2026-04,2025-12,2026-01,4,False,True,False,False
615330,ONGOING_ACTIVE,2026-04,2026-08,5,2026-08,,,,,,,
615331,ONGOING_ACTIVE,2026-04,2026-08,5,2026-08,,,,,,,
615332,ONGOING_ACTIVE,2026-04,2026-08,5,2026-08,2027-03,,,,,,
615335,ONGOING_ACTIVE,2026-04,2026-08,5,2026-08,2027-03,,,,,,
615336,ONGOING_ACTIVE,2026-04,2026-08,5,2026-08,2026-12,,,,,,
615337,ONGOING_ACTIVE,2026-04,2026-08,5,2026-08,2026-09,,,,,,
615338,ONGOING_ACTIVE,2026-04,2026-08,5,2026-08,2027-06,,,,,,
615342,ONGOING_ACTIVE,2026-04,2026-08,5,2026-08,2027-04,,,,,,
615343,ONGOING_ACTIVE,2026-04,2026-08,5,2026-08,,,,,,,
615344,ONGOING_ACTIVE,2026-04,2026-08,5,2026-08,2027-06,,,,,,
615345,ONGOING_ACTIVE,2026-04,2026-08,5,2026-08,2027-10,,,,,,
615346,ONGOING_ACTIVE,2026-04,2026-08,5,2026-08,2027-02,,,,,,
615349,ONGOING_ACTIVE,2026-04,2026-08,5,2026-08,,,,,,,
615818,ONGOING_ACTIVE,2026-04,2026-08,5,2026-08,2027-03,,,,,,
615820,ONGOING_ACTIVE,2026-04,2026-08,5,2026-08,,,,,,,
615821,ONGOING_ACTIVE,2026-04,2026-08,5,2026-08,,,,,,,
615822,ONGOING_ACTIVE,2026-04,2026-08,5,2026-08,,,,,,,
615843,ONGOING_ACTIVE,2026-04,2026-08,5,2026-08,2027-03,,,,,,
615857,ONGOING_ACTIVE,2026-04,2026-08,5,2026-08,,,,,,,
615858,ONGOING_ACTIVE,2026-04,2026-08,5,2026-08,,,,,,,
615860,ONGOING_ACTIVE,2026-04,2026-08,5,2026-08,2026-03,,,,,,
615861,ONGOING_ACTIVE,2026-04,2026-08,5,2026-08,2026-03,,,,,,
615862,ONGOING_ACTIVE,2026-04,2026-08,5,2026-08,,,,,,,
615863,ONGOING_ACTIVE,2026-04,2026-08,5,2026-08,,,,,,,
615865,ONGOING_ACTIVE,2026-04,2026-08,5,2026-08,2026-03,,,,,,
615914,ONGOING_ACTIVE,2026-04,2026-08,5,2026-08,,,,,,,
615915,ONGOING_ACTIVE,2026-04,2026-08,5,2026-08,2026-11,,,,,,
615916,ONGOING_ACTIVE,2026-04,2026-08,5,2026-08,,,,,,,
615917,ONGOING_ACTIVE,2026-04,2026-08,5,2026-08,,,,,,,
615918,ONGOING_ACTIVE,2026-04,2026-08,5,2026-08,,,,,,,
615919,ONGOING_ACTIVE,2026-04,2026-08,5,2026-08,,,,,,,
615982,ONGOING_ACTIVE,2026-04,2026-08,5,2026-08,2027-03,,,,,,
616044,ONGOING_ACTIVE,2026-04,2026-08,5,2026-08,2027-03,,,,,,
616050,ONGOING_ACTIVE,2026-04,2026-08,5,2026-08,2027-03,,,,,,
616221,ONGOING_ACTIVE,2026-05,2026-08,4,2026-08,,,,,,,
616223,ONGOING_ACTIVE,2026-04,2026-08,5,2026-08,2027-03,,,,,,
616225,ONGOING_ACTIVE,2026-04,2026-08,5,2026-08,,,,,,,
616226,ONGOING_ACTIVE,2026-04,2026-08,5,2026-08,,,,,,,
616229,ONGOING_ACTIVE,2026-04,2026-08,5,2026-08,,,,,,,
616230,ONGOING_ACTIVE,2026-04,2026-08,5,2026-08,,,,,,,
616231,ONGOING_ACTIVE,2026-04,2026-08,5,2026-08,,,,,,,
616232,ONGOING_ACTIVE,2026-04,2026-08,5,2026-08,,,,,,,
616233,ONGOING_ACTIVE,2026-04,2026-08,5,2026-08,,,,,,,
616234,ONGOING_ACTIVE,2026-04,2026-08,5,2026-08,,,,,,,
616236,ONGOING_ACTIVE,2026-04,2026-08,5,2026-08,,,,,,,
616253,ONGOING_ACTIVE,2026-04,2026-08,5,2026-08,,,,,,,
616254,DISAPPEARED_UNRESOLVED,2026-04,2026-06,3,2026-06,2027-09,,,,,,
616586,DISAPPEARED_UNRESOLVED,2026-04,2026-06,3,2026-06,,,,,,,
616587,DISAPPEARED_UNRESOLVED,2026-04,2026-06,3,2026-06,,,,,,,
616594,ONGOING_ACTIVE,2026-04,2026-08,5,2026-08,2026-12,,,,,,
616600,ONGOING_ACTIVE,2026-04,2026-08,5,2026-08,2026-12,,,,,,
616604,ONGOING_ACTIVE,2026-04,2026-08,5,2026-08,2026-09,,,,,,
616605,ONGOING_ACTIVE,2026-04,2026-08,5,2026-08,2027-03,,,,,,
616611,ONGOING_ACTIVE,2026-04,2026-08,5,2026-08,2026-09,,,,,,
616612,ONGOING_ACTIVE,2026-04,2026-08,5,2026-08,,,,,,,
616615,ONGOING_ACTIVE,2026-04,2026-08,5,2026-08,2026-12,,,,,,
616616,ONGOING_ACTIVE,2026-04,2026-08,5,2026-08,2026-12,,,,,,
616671,ONGOING_ACTIVE,2026-04,2026-08,5,2026-08,2027-03,,,,,,
616672,ONGOING_ACTIVE,2026-04,2026-08,5,2026-08,,,,,,,
616691,ONGOING_ACTIVE,2026-04,2026-08,5,2026-08,2026-09,,,,,,
616694,ONGOING_ACTIVE,2026-04,2026-08,5,2026-08,,,,,,,
616695,ONGOING_ACTIVE,2026-04,2026-08,5,2026-08,,,,,,,
616697,ONGOING_ACTIVE,2026-04,2026-08,5,2026-08,,,,,,,
616699,ONGOING_ACTIVE,2026-07,2026-08,2,2026-08,,,,,,,
616701,ONGOING_ACTIVE,2026-07,2026-08,2,2026-08,,,,,,,
616839,ONGOING_ACTIVE,2026-04,2026-08,5,2026-08,,,,,,,
616841,ONGOING_ACTIVE,2026-04,2026-08,5,2026-08,2028-12,,,,,,
616843,ONGOING_ACTIVE,2026-04,2026-08,5,2026-08,2028-03,,,,,,
616856,DISAPPEARED_UNRESOLVED,2026-04,2026-06,3,2026-06,,,,,,,
616858,ONGOING_ACTIVE,2026-04,2026-08,5,2026-08,2026-11,,,,,,
616879,ONGOING_ACTIVE,2026-04,2026-08,5,2026-08,2027-01,,,,,,
616886,ONGOING_ACTIVE,2026-04,2026-08,5,2026-08,,,,,,,
616933,ONGOING_ACTIVE,2026-04,2026-08,5,2026-08,2029-08,,,,,,
616950,ONGOING_ACTIVE,2026-04,2026-08,5,2026-08,2027-03,,,,,,
616983,DISAPPEARED_UNRESOLVED,2026-04,2026-07,4,2026-07,,,,,,,
617068,ONGOING_ACTIVE,2026-04,2026-08,5,2026-08,,,,,,,
617069,ONGOING_ACTIVE,2026-04,2026-08,5,2026-08,,,,,,,
617179,ONGOING_ACTIVE,2026-04,2026-08,5,2026-08,2027-06,,,,,,
617181,ONGOING_ACTIVE,2026-04,2026-08,5,2026-08,2027-06,,,,,,
617182,ONGOING_ACTIVE,2026-04,2026-08,5,2026-08,,,,,,,
617183,ONGOING_ACTIVE,2026-04,2026-08,5,2026-08,,,,,,,
617184,ONGOING_ACTIVE,2026-04,2026-08,5,2026-08,,,,,,,
617188,ONGOING_ACTIVE,2026-04,2026-08,5,2026-08,2029-09,,,,,,
617200,DISAPPEARED_UNRESOLVED,2026-04,2026-06,3,2026-06,,,,,,,
617201,DISAPPEARED_UNRESOLVED,2026-04,2026-06,3,2026-06,,,,,,,
617207,ONGOING_ACTIVE,2026-04,2026-08,5,2026-08,,,,,,,
617210,DISAPPEARED_UNRESOLVED,2026-04,2026-06,3,2026-06,,,,,,,
617212,DISAPPEARED_UNRESOLVED,2026-04,2026-06,3,2026-06,2029-08,,,,,,
617213,ONGOING_ACTIVE,2026-04,2026-08,5,2026-08,,,,,,,
617215,ONGOING_ACTIVE,2026-04,2026-08,5,2026-08,,,,,,,
617216,ONGOING_ACTIVE,2026-04,2026-08,5,2026-08,,,,,,,
617221,ONGOING_ACTIVE,2026-04,2026-08,5,2026-08,,,,,,,
617225,ONGOING_ACTIVE,2026-04,2026-08,5,2026-08,,,,,,,
617226,ONGOING_ACTIVE,2026-04,2026-08,5,2026-08,,,,,,,
617231,ONGOING_ACTIVE,2026-04,2026-08,5,2026-08,,,,,,,
617233,ONGOING_ACTIVE,2026-04,2026-08,5,2026-08,,,,,,,
617239,ONGOING_ACTIVE,2026-04,2026-08,5,2026-08,2030-03,,,,,,
617242,ONGOING_ACTIVE,2026-04,2026-08,5,2026-08,,,,,,,
617243,ONGOING_ACTIVE,2026-04,2026-08,5,2026-08,,,,,,,
617246,ONGOING_ACTIVE,2026-04,2026-08,5,2026-08,2027-10,,,,,,
617248,ONGOING_ACTIVE,2026-04,2026-08,5,2026-08,2026-11,,,,,,
617249,ONGOING_ACTIVE,2026-04,2026-08,5,2026-08,,,,,,,
617250,ONGOING_ACTIVE,2026-04,2026-08,5,2026-08,2027-04,,,,,,
617251,ONGOING_ACTIVE,2026-04,2026-08,5,2026-08,2026-12,,,,,,
617252,ONGOING_ACTIVE,2026-04,2026-08,5,2026-08,,,,,,,
617253,REPORTED_COMPLETED_MISSING_DATE,2026-04,2026-06,3,2026-05,2026-05,,,,,,
617254,ONGOING_ACTIVE,2026-04,2026-08,5,2026-08,2027-04,,,,,,
617255,ONGOING_ACTIVE,2026-04,2026-08,5,2026-08,2026-09,,,,,,
617256,ONGOING_ACTIVE,2026-04,2026-08,5,2026-08,2026-09,,,,,,
617257,ONGOING_ACTIVE,2026-04,2026-08,5,2026-08,2027-11,,,,,,
617269,ONGOING_ACTIVE,2026-04,2026-08,5,2026-08,2026-12,,,,,,
617272,ONGOING_ACTIVE,2026-04,2026-08,5,2026-08,,,,,,,
617278,ONGOING_ACTIVE,2026-04,2026-08,5,2026-08,,,,,,,
617279,ONGOING_ACTIVE,2026-04,2026-08,5,2026-08,,,,,,,
617280,ONGOING_ACTIVE,2026-04,2026-08,5,2026-08,,,,,,,
617284,DISAPPEARED_UNRESOLVED,2026-04,2026-06,3,2026-06,,,,,,,
617287,ONGOING_ACTIVE,2026-04,2026-08,5,2026-08,,,,,,,
617288,ONGOING_ACTIVE,2026-04,2026-08,5,2026-08,,,,,,,
617299,ONGOING_ACTIVE,2026-04,2026-08,5,2026-08,2026-12,,,,,,
617302,ONGOING_ACTIVE,2026-04,2026-08,5,2026-08,2026-09,,,,,,
617304,ONGOING_ACTIVE,2026-04,2026-08,5,2026-08,2027-03,,,,,,
617326,ONGOING_ACTIVE,2026-04,2026-08,5,2026-08,2027-06,,,,,,
617327,ONGOING_ACTIVE,2026-04,2026-08,5,2026-08,,,,,,,
617333,DISAPPEARED_UNRESOLVED,2026-04,2026-06,3,2026-06,,,,,,,
617338,ONGOING_ACTIVE,2026-04,2026-08,5,2026-08,,,,,,,
617345,DISAPPEARED_UNRESOLVED,2026-04,2026-06,3,2026-06,,,,,,,
617361,DISAPPEARED_UNRESOLVED,2026-04,2026-06,3,2026-06,,,,,,,
617364,ONGOING_ACTIVE,2026-04,2026-08,5,2026-08,,,,,,,
617370,ONGOING_ACTIVE,2026-04,2026-08,5,2026-08,,,,,,,
617372,ONGOING_ACTIVE,2026-04,2026-08,4,2026-08,2026-03,,,,,,
617374,DISAPPEARED_UNRESOLVED,2026-04,2026-06,3,2026-06,2026-02,,,,,,
617375,ONGOING_ACTIVE,2026-04,2026-08,5,2026-08,,,,,,,
617379,DISAPPEARED_UNRESOLVED,2026-04,2026-06,3,2026-06,2026-12,,,,,,
617391,ONGOING_ACTIVE,2026-04,2026-08,5,2026-08,2027-06,,,,,,
617403,DISAPPEARED_UNRESOLVED,2026-04,2026-07,4,2026-07,,,,,,,
617404,ONGOING_ACTIVE,2026-04,2026-08,5,2026-08,,,,,,,
617405,ONGOING_ACTIVE,2026-04,2026-08,5,2026-08,2027-09,,,,,,
617408,DISAPPEARED_UNRESOLVED,2026-04,2026-06,3,2026-06,,,,,,,
617409,DISAPPEARED_UNRESOLVED,2026-04,2026-07,4,2026-07,2026-03,,,,,,
617412,ONGOING_ACTIVE,2026-04,2026-08,5,2026-08,,,,,,,
617413,ONGOING_ACTIVE,2026-04,2026-08,5,2026-08,2026-12,,,,,,
617416,ONGOING_ACTIVE,2026-04,2026-08,5,2026-08,,,,,,,
617421,ONGOING_ACTIVE,2026-08,2026-08,1,2026-08,,,,,,,
617422,ONGOING_ACTIVE,2026-04,2026-08,5,2026-08,,,,,,,
617727,ONGOING_ACTIVE,2026-04,2026-08,5,2026-08,,,,,,,
617729,ONGOING_ACTIVE,2026-04,2026-08,5,2026-08,,,,,,,
617730,ONGOING_ACTIVE,2026-04,2026-08,5,2026-08,2026-12,,,,,,
617764,ONGOING_ACTIVE,2026-04,2026-08,5,2026-08,,,,,,,
617801,ONGOING_ACTIVE,2026-04,2026-08,5,2026-08,2027-06,,,,,,
617802,ONGOING_ACTIVE,2026-04,2026-08,5,2026-08,,,,,,,
617803,ONGOING_ACTIVE,2026-04,2026-08,5,2026-08,,,,,,,
617804,ONGOING_ACTIVE,2026-04,2026-08,5,2026-08,,,,,,,
617818,ONGOING_ACTIVE,2026-04,2026-08,5,2026-08,2031-12,,,,,,
617819,ONGOING_ACTIVE,2026-04,2026-08,5,2026-08,2030-06,,,,,,
617822,ONGOING_ACTIVE,2026-04,2026-08,5,2026-08,2027-09,,,,,,
617827,ONGOING_ACTIVE,2026-07,2026-08,2,2026-08,2029-12,,,,,,
617828,ONGOING_ACTIVE,2026-04,2026-08,5,2026-08,2029-08,,,,,,
617829,ONGOING_ACTIVE,2026-04,2026-08,5,2026-08,2028-05,,,,,,
617830,ONGOING_ACTIVE,2026-04,2026-08,5,2026-08,2027-01,,,,,,
617832,ONGOING_ACTIVE,2026-04,2026-08,5,2026-08,,,,,,,
617836,ONGOING_ACTIVE,2026-04,2026-08,5,2026-08,2026-12,,,,,,
617837,ONGOING_ACTIVE,2026-04,2026-08,5,2026-08,2026-10,,,,,,
617838,ONGOING_ACTIVE,2026-04,2026-08,5,2026-08,2028-08,,,,,,
617839,ONGOING_ACTIVE,2026-04,2026-08,5,2026-08,2026-12,,,,,,
617877,ONGOING_ACTIVE,2026-04,2026-08,5,2026-08,,,,,,,
617878,ONGOING_ACTIVE,2026-04,2026-08,5,2026-08,,,,,,,
617880,DISAPPEARED_UNRESOLVED,2026-04,2026-06,3,2026-06,,,,,,,
617882,ONGOING_ACTIVE,2026-04,2026-08,5,2026-08,,,,,,,
617883,ONGOING_ACTIVE,2026-04,2026-08,5,2026-08,,,,,,,
617885,ONGOING_ACTIVE,2026-04,2026-08,5,2026-08,2026-09,,,,,,
617886,ONGOING_ACTIVE,2026-04,2026-08,5,2026-08,2027-04,,,,,,
617887,REPORTED_COMPLETED_EXPLICIT_DATE,2026-04,2026-07,4,2026-06,2026-07,2025-12,7,False,True,True,False
617888,ONGOING_ACTIVE,2026-04,2026-08,5,2026-08,2026-09,,,,,,
617889,ONGOING_ACTIVE,2026-04,2026-08,5,2026-08,2026-09,,,,,,
617890,ONGOING_ACTIVE,2026-04,2026-08,5,2026-08,,,,,,,
617891,REPORTED_COMPLETED_MISSING_DATE,2026-04,2026-06,3,2026-05,2025-08,,,,,,
617892,ONGOING_ACTIVE,2026-04,2026-08,5,2026-08,2026-10,,,,,,
617893,ONGOING_ACTIVE,2026-04,2026-08,5,2026-08,2028-05,,,,,,
617894,ONGOING_ACTIVE,2026-04,2026-08,5,2026-08,2027-05,,,,,,
617895,ONGOING_ACTIVE,2026-04,2026-08,5,2026-08,2026-12,,,,,,
617896,ONGOING_ACTIVE,2026-04,2026-08,5,2026-08,2027-03,,,,,,
617897,ONGOING_ACTIVE,2026-04,2026-08,5,2026-08,2026-12,,,,,,
617898,ONGOING_ACTIVE,2026-04,2026-08,5,2026-08,2027-10,,,,,,
617899,ONGOING_ACTIVE,2026-04,2026-08,5,2026-08,2026-11,,,,,,
617900,REPORTED_COMPLETED_MISSING_DATE,2026-04,2026-06,3,2026-05,2025-09,,,,,,
617901,ONGOING_ACTIVE,2026-04,2026-08,5,2026-08,2026-07,,,,,,
617902,ONGOING_ACTIVE,2026-04,2026-08,5,2026-08,2026-12,,,,,,
617904,ONGOING_ACTIVE,2026-04,2026-08,5,2026-08,2027-03,,,,,,
617905,ONGOING_ACTIVE,2026-04,2026-08,5,2026-08,2027-05,,,,,,
617906,ONGOING_ACTIVE,2026-04,2026-08,5,2026-08,2027-01,,,,,,
617907,REPORTED_COMPLETED_MISSING_DATE,2026-04,2026-06,3,2026-05,2026-04,,,,,,
617908,ONGOING_ACTIVE,2026-04,2026-08,5,2026-08,2027-04,,,,,,
617909,ONGOING_ACTIVE,2026-04,2026-08,5,2026-08,2027-02,,,,,,
617911,ONGOING_ACTIVE,2026-04,2026-08,5,2026-08,2026-09,,,,,,
617912,ONGOING_ACTIVE,2026-04,2026-08,5,2026-08,2027-10,,,,,,
617913,ONGOING_ACTIVE,2026-04,2026-08,5,2026-08,2026-06,,,,,,
617914,ONGOING_ACTIVE,2026-04,2026-08,5,2026-08,2027-06,,,,,,
617915,REPORTED_COMPLETED_EXPLICIT_DATE,2026-04,2026-07,4,2026-06,2026-07,2026-03,4,False,True,True,False
617916,ONGOING_ACTIVE,2026-04,2026-08,5,2026-08,2028-02,,,,,,
617917,REPORTED_COMPLETED_EXPLICIT_DATE,2026-04,2026-08,3,2026-05,2025-04,2025-07,13,False,True,False,False
617918,ONGOING_ACTIVE,2026-07,2026-08,2,2026-08,,,,,,,
617919,ONGOING_ACTIVE,2026-04,2026-08,5,2026-08,2025-08,,,,,,
617920,ONGOING_ACTIVE,2026-04,2026-08,5,2026-08,2027-06,,,,,,
617921,ONGOING_ACTIVE,2026-04,2026-08,5,2026-08,2027-06,,,,,,
617922,ONGOING_ACTIVE,2026-04,2026-08,5,2026-08,2027-07,,,,,,
617923,ONGOING_ACTIVE,2026-04,2026-08,5,2026-08,2027-05,,,,,,
617924,REPORTED_COMPLETED_MISSING_DATE,2026-04,2026-06,3,2026-05,2026-03,,,,,,
617925,ONGOING_ACTIVE,2026-04,2026-08,5,2026-08,2026-10,,,,,,
617926,ONGOING_ACTIVE,2026-04,2026-08,5,2026-08,2027-08,,,,,,
617927,ONGOING_ACTIVE,2026-04,2026-08,5,2026-08,2027-09,,,,,,
617928,ONGOING_ACTIVE,2026-04,2026-08,5,2026-08,2026-08,,,,,,
617929,ONGOING_ACTIVE,2026-04,2026-08,5,2026-08,2026-12,,,,,,
617930,ONGOING_ACTIVE,2026-04,2026-08,5,2026-08,2026-12,,,,,,
617931,ONGOING_ACTIVE,2026-04,2026-08,5,2026-08,2027-10,,,,,,
617932,ONGOING_ACTIVE,2026-04,2026-08,5,2026-08,2026-10,,,,,,
617933,REPORTED_COMPLETED_EXPLICIT_DATE,2026-04,2026-08,3,2026-05,2026-08,2026-02,6,False,True,True,False
617934,ONGOING_ACTIVE,2026-04,2026-08,5,2026-08,2026-08,,,,,,
617935,ONGOING_ACTIVE,2026-04,2026-08,5,2026-08,2026-11,,,,,,
617936,ONGOING_ACTIVE,2026-04,2026-08,5,2026-08,,,,,,,
617937,ONGOING_ACTIVE,2026-04,2026-08,5,2026-08,,,,,,,
617938,ONGOING_ACTIVE,2026-04,2026-08,5,2026-08,2027-03,,,,,,
617939,ONGOING_ACTIVE,2026-04,2026-08,5,2026-08,2027-06,,,,,,
617940,ONGOING_ACTIVE,2026-04,2026-08,5,2026-08,2026-12,,,,,,
617941,ONGOING_ACTIVE,2026-04,2026-08,5,2026-08,2028-02,,,,,,
617942,ONGOING_ACTIVE,2026-04,2026-08,5,2026-08,2026-10,,,,,,
617943,ONGOING_ACTIVE,2026-05,2026-08,4,2026-08,2028-10,,,,,,
617944,REPORTED_COMPLETED_EXPLICIT_DATE,2026-04,2026-08,3,2026-05,2021-04,2026-02,6,False,True,False,False
617945,ONGOING_ACTIVE,2026-04,2026-08,5,2026-08,2027-04,,,,,,
617946,ONGOING_ACTIVE,2026-04,2026-08,5,2026-08,2025-12,,,,,,
617947,ONGOING_ACTIVE,2026-04,2026-08,5,2026-08,2026-03,,,,,,
617948,ONGOING_ACTIVE,2026-04,2026-08,5,2026-08,2025-11,,,,,,
617949,REPORTED_COMPLETED_EXPLICIT_DATE,2026-04,2026-07,4,2026-06,2026-03,2026-01,6,False,True,True,False
617950,ONGOING_ACTIVE,2026-04,2026-08,5,2026-08,2027-01,,,,,,
617951,ONGOING_ACTIVE,2026-04,2026-08,5,2026-08,2027-07,,,,,,
617954,REPORTED_COMPLETED_MISSING_DATE,2026-04,2026-06,3,2026-05,2026-04,,,,,,
617955,ONGOING_ACTIVE,2026-04,2026-08,5,2026-08,2026-12,,,,,,
617957,REPORTED_COMPLETED_EXPLICIT_DATE,2026-04,2026-08,3,2026-05,,2025-09,11,False,True,,False
617958,ONGOING_ACTIVE,2026-04,2026-08,5,2026-08,2026-11,,,,,,
617959,REPORTED_COMPLETED_MISSING_DATE,2026-04,2026-06,3,2026-05,,,,,,,
617960,ONGOING_ACTIVE,2026-04,2026-08,5,2026-08,2026-10,,,,,,
617961,ONGOING_ACTIVE,2026-04,2026-08,5,2026-08,2026-12,,,,,,
617962,ONGOING_ACTIVE,2026-04,2026-08,5,2026-08,2026-10,,,,,,
617963,ONGOING_ACTIVE,2026-04,2026-08,5,2026-08,2027-01,,,,,,
617964,ONGOING_ACTIVE,2026-04,2026-08,5,2026-08,2026-11,,,,,,
617965,ONGOING_ACTIVE,2026-04,2026-08,5,2026-08,2026-09,,,,,,
617966,ONGOING_ACTIVE,2026-04,2026-08,5,2026-08,2026-10,,,,,,
617967,ONGOING_ACTIVE,2026-04,2026-08,5,2026-08,2026-09,,,,,,
617968,ONGOING_ACTIVE,2026-04,2026-08,5,2026-08,2024-03,,,,,,
617969,ONGOING_ACTIVE,2026-04,2026-08,5,2026-08,2026-12,,,,,,
617970,REPORTED_COMPLETED_MISSING_DATE,2026-04,2026-06,3,2026-05,2023-10,,,,,,
617971,ONGOING_ACTIVE,2026-04,2026-08,5,2026-08,2027-03,,,,,,
617972,ONGOING_ACTIVE,2026-04,2026-08,5,2026-08,,,,,,,
617973,REPORTED_COMPLETED_MISSING_DATE,2026-04,2026-06,3,2026-05,2026-02,,,,,,
617974,ONGOING_ACTIVE,2026-04,2026-08,5,2026-08,,,,,,,
617975,REPORTED_COMPLETED_MISSING_DATE,2026-04,2026-06,3,2026-05,2024-07,,,,,,
617976,ONGOING_ACTIVE,2026-04,2026-08,5,2026-08,2026-09,,,,,,
617977,REPORTED_COMPLETED_EXPLICIT_DATE,2026-04,2026-08,3,2026-05,2022-07,2024-09,23,False,True,False,False
617978,ONGOING_ACTIVE,2026-04,2026-08,5,2026-08,2027-05,,,,,,
617979,ONGOING_ACTIVE,2026-04,2026-08,5,2026-08,2027-05,,,,,,
617980,ONGOING_ACTIVE,2026-04,2026-08,5,2026-08,2027-12,,,,,,
617981,REPORTED_COMPLETED_EXPLICIT_DATE,2026-04,2026-07,3,2026-05,2026-05,2024-10,21,False,True,True,False
617982,REPORTED_COMPLETED_EXPLICIT_DATE,2026-04,2026-07,3,2026-05,2020-12,2024-11,20,False,True,False,False
617983,ONGOING_ACTIVE,2026-04,2026-08,5,2026-08,2026-12,,,,,,
617984,ONGOING_ACTIVE,2026-04,2026-08,5,2026-08,2027-03,,,,,,
617985,ONGOING_ACTIVE,2026-04,2026-08,5,2026-08,2027-05,,,,,,
617986,ONGOING_ACTIVE,2026-04,2026-08,5,2026-08,2026-12,,,,,,
617987,ONGOING_ACTIVE,2026-04,2026-08,5,2026-08,2027-09,,,,,,
617988,ONGOING_ACTIVE,2026-04,2026-08,5,2026-08,2027-07,,,,,,
617989,ONGOING_ACTIVE,2026-04,2026-08,5,2026-08,2027-04,,,,,,
617990,REPORTED_COMPLETED_MISSING_DATE,2026-04,2026-06,3,2026-05,,,,,,,
617991,ONGOING_ACTIVE,2026-04,2026-08,5,2026-08,2026-12,,,,,,
617992,REPORTED_COMPLETED_MISSING_DATE,2026-04,2026-06,3,2026-05,2026-06,,,,,,
617993,REPORTED_COMPLETED_EXPLICIT_DATE,2026-04,2026-07,3,2026-05,2026-06,2025-12,7,False,True,True,False
617994,ONGOING_ACTIVE,2026-04,2026-08,5,2026-08,2025-12,,,,,,
617995,REPORTED_COMPLETED_EXPLICIT_DATE,2026-04,2026-08,5,2026-07,2026-12,2025-07,13,False,True,True,False
617996,REPORTED_COMPLETED_MISSING_DATE,2026-04,2026-06,3,2026-05,2026-03,,,,,,
617997,ONGOING_ACTIVE,2026-05,2026-08,4,2026-08,2028-02,,,,,,
617998,ONGOING_ACTIVE,2026-04,2026-08,5,2026-08,2026-11,,,,,,
617999,ONGOING_ACTIVE,2026-04,2026-08,5,2026-08,2027-04,,,,,,
618000,REPORTED_COMPLETED_EXPLICIT_DATE,2026-04,2026-08,5,2026-07,2026-06,2026-05,3,False,True,True,False
618001,ONGOING_ACTIVE,2026-04,2026-08,5,2026-08,2026-06,,,,,,
618002,REPORTED_COMPLETED_MISSING_DATE,2026-04,2026-06,3,2026-05,,,,,,,
618003,ONGOING_ACTIVE,2026-04,2026-08,5,2026-08,2026-09,,,,,,
618004,ONGOING_ACTIVE,2026-04,2026-08,5,2026-08,2027-12,,,,,,
618005,REPORTED_COMPLETED_EXPLICIT_DATE,2026-04,2026-08,4,2026-06,2026-09,2024-09,23,False,True,True,False
618006,REPORTED_COMPLETED_EXPLICIT_DATE,2026-04,2026-08,3,2026-05,2026-07,2026-06,2,False,False,True,True
618007,REPORTED_COMPLETED_EXPLICIT_DATE,2026-04,2026-08,3,2026-05,2026-07,2026-06,2,False,False,True,True
618008,REPORTED_COMPLETED_MISSING_DATE,2026-04,2026-06,3,2026-05,2024-12,,,,,,
618009,ONGOING_ACTIVE,2026-04,2026-08,5,2026-08,2026-12,,,,,,
618010,ONGOING_ACTIVE,2026-04,2026-08,5,2026-08,2026-11,,,,,,
618011,ONGOING_ACTIVE,2026-04,2026-08,5,2026-08,2026-10,,,,,,
618012,ONGOING_ACTIVE,2026-04,2026-08,5,2026-08,2026-12,,,,,,
618013,ONGOING_ACTIVE,2026-04,2026-08,5,2026-08,2026-10,,,,,,
618014,ONGOING_ACTIVE,2026-04,2026-08,5,2026-08,2026-10,,,,,,
618015,ONGOING_ACTIVE,2026-04,2026-08,5,2026-08,2026-12,,,,,,
618016,ONGOING_ACTIVE,2026-04,2026-08,5,2026-08,2027-05,,,,,,
618017,ONGOING_ACTIVE,2026-04,2026-08,5,2026-08,2026-12,,,,,,
618018,ONGOING_ACTIVE,2026-04,2026-08,5,2026-08,2026-12,,,,,,
618019,ONGOING_ACTIVE,2026-04,2026-08,5,2026-08,2026-09,,,,,,
618020,ONGOING_ACTIVE,2026-04,2026-08,5,2026-08,2026-12,,,,,,
618021,ONGOING_ACTIVE,2026-04,2026-08,5,2026-08,2027-06,,,,,,
618022,ONGOING_ACTIVE,2026-04,2026-08,5,2026-08,2027-03,,,,,,
618023,REPORTED_COMPLETED_EXPLICIT_DATE,2026-04,2026-08,4,2026-06,2026-03,2026-03,5,False,True,False,False
618024,ONGOING_ACTIVE,2026-04,2026-08,5,2026-08,2026-09,,,,,,
618025,ONGOING_ACTIVE,2026-04,2026-08,5,2026-08,2026-09,,,,,,
618026,REPORTED_COMPLETED_MISSING_DATE,2026-04,2026-06,3,2026-05,2026-05,,,,,,
618027,ONGOING_ACTIVE,2026-04,2026-08,5,2026-08,2026-12,,,,,,
618028,ONGOING_ACTIVE,2026-04,2026-08,5,2026-08,2027-06,,,,,,
618029,ONGOING_ACTIVE,2026-04,2026-08,5,2026-08,2027-03,,,,,,
618030,DISAPPEARED_UNRESOLVED,2026-04,2026-06,3,2026-06,2026-12,,,,,,
618031,ONGOING_ACTIVE,2026-04,2026-08,5,2026-08,2026-08,,,,,,
618033,DISAPPEARED_UNRESOLVED,2026-04,2026-06,3,2026-06,2026-07,,,,,,
618034,ONGOING_ACTIVE,2026-04,2026-08,5,2026-08,2027-03,,,,,,
618035,ONGOING_ACTIVE,2026-04,2026-08,5,2026-08,2026-12,,,,,,
618036,ONGOING_ACTIVE,2026-04,2026-08,5,2026-08,2027-03,,,,,,
618037,ONGOING_ACTIVE,2026-04,2026-08,5,2026-08,2026-09,,,,,,
618038,ONGOING_ACTIVE,2026-04,2026-08,5,2026-08,,,,,,,
618039,ONGOING_ACTIVE,2026-04,2026-08,5,2026-08,,,,,,,
618040,ONGOING_ACTIVE,2026-04,2026-08,5,2026-08,,,,,,,
618041,ONGOING_ACTIVE,2026-04,2026-08,5,2026-08,,,,,,,
618042,ONGOING_ACTIVE,2026-04,2026-08,5,2026-08,2026-12,,,,,,
618043,ONGOING_ACTIVE,2026-04,2026-08,5,2026-08,2026-09,,,,,,
618044,ONGOING_ACTIVE,2026-04,2026-08,5,2026-08,2028-03,,,,,,
618045,REPORTED_COMPLETED_MISSING_DATE,2026-04,2026-06,3,2026-05,,,,,,,
618046,REPORTED_COMPLETED_EXPLICIT_DATE,2026-04,2026-08,3,2026-05,,2025-09,11,False,True,,False
618047,ONGOING_ACTIVE,2026-04,2026-08,5,2026-08,2027-05,,,,,,
618049,ONGOING_ACTIVE,2026-04,2026-08,5,2026-08,2026-09,,,,,,
618050,REPORTED_COMPLETED_MISSING_DATE,2026-04,2026-06,3,2026-05,2024-11,,,,,,
618051,REPORTED_COMPLETED_EXPLICIT_DATE,2026-06,2026-07,2,2026-06,2025-12,2025-12,7,False,True,False,False
618052,ONGOING_ACTIVE,2026-04,2026-08,5,2026-08,2027-08,,,,,,
618053,ONGOING_ACTIVE,2026-04,2026-08,5,2026-08,2027-08,,,,,,
618054,ONGOING_ACTIVE,2026-04,2026-08,5,2026-08,2026-12,,,,,,
618055,ONGOING_ACTIVE,2026-04,2026-08,5,2026-08,2026-09,,,,,,
618056,ONGOING_ACTIVE,2026-04,2026-08,5,2026-08,2026-12,,,,,,
618057,ONGOING_ACTIVE,2026-04,2026-08,5,2026-08,2026-12,,,,,,
618059,ONGOING_ACTIVE,2026-04,2026-08,5,2026-08,2026-10,,,,,,
618060,ONGOING_ACTIVE,2026-04,2026-08,5,2026-08,2026-10,,,,,,
618061,ONGOING_ACTIVE,2026-04,2026-08,5,2026-08,2026-09,,,,,,
618062,REPORTED_COMPLETED_EXPLICIT_DATE,2026-04,2026-08,3,2026-05,2026-01,2026-02,6,False,True,False,False
618063,ONGOING_ACTIVE,2026-04,2026-08,5,2026-08,2026-12,,,,,,
618064,REPORTED_COMPLETED_MISSING_DATE,2026-04,2026-06,3,2026-05,,,,,,,
618065,ONGOING_ACTIVE,2026-04,2026-08,5,2026-08,2027-03,,,,,,
618066,ONGOING_ACTIVE,2026-04,2026-08,5,2026-08,2027-02,,,,,,
618067,ONGOING_ACTIVE,2026-04,2026-08,5,2026-08,2027-11,,,,,,
618068,ONGOING_ACTIVE,2026-04,2026-08,5,2026-08,2026-12,,,,,,
618069,ONGOING_ACTIVE,2026-04,2026-08,5,2026-08,2026-10,,,,,,
618070,ONGOING_ACTIVE,2026-04,2026-08,5,2026-08,2026-06,,,,,,
618071,ONGOING_ACTIVE,2026-04,2026-08,5,2026-08,2026-12,,,,,,
618072,REPORTED_COMPLETED_EXPLICIT_DATE,2026-04,2026-08,5,2026-07,2026-03,2026-02,6,False,True,True,False
618073,ONGOING_ACTIVE,2026-04,2026-08,5,2026-08,2027-02,,,,,,
618074,ONGOING_ACTIVE,2026-04,2026-08,5,2026-08,2026-10,,,,,,
618075,ONGOING_ACTIVE,2026-04,2026-08,5,2026-08,2027-03,,,,,,
618076,ONGOING_ACTIVE,2026-04,2026-08,5,2026-08,,,,,,,
618078,REPORTED_COMPLETED_MISSING_DATE,2026-04,2026-06,3,2026-05,2026-02,,,,,,
618079,ONGOING_ACTIVE,2026-04,2026-08,5,2026-08,2027-06,,,,,,
618080,ONGOING_ACTIVE,2026-04,2026-08,5,2026-08,2027-06,,,,,,
618081,ONGOING_ACTIVE,2026-04,2026-08,5,2026-08,2026-12,,,,,,
618082,ONGOING_ACTIVE,2026-04,2026-08,5,2026-08,2026-10,,,,,,
618083,ONGOING_ACTIVE,2026-04,2026-08,4,2026-08,2026-09,,,,,,
618084,ONGOING_ACTIVE,2026-04,2026-08,5,2026-08,2026-10,,,,,,
618085,ONGOING_ACTIVE,2026-04,2026-08,5,2026-08,2026-10,,,,,,
618086,ONGOING_ACTIVE,2026-04,2026-08,5,2026-08,2027-01,,,,,,
618087,ONGOING_ACTIVE,2026-04,2026-08,5,2026-08,2026-09,,,,,,
618088,ONGOING_ACTIVE,2026-04,2026-08,5,2026-08,2026-12,,,,,,
618089,ONGOING_ACTIVE,2026-04,2026-08,5,2026-08,2026-10,,,,,,
618090,REPORTED_COMPLETED_EXPLICIT_DATE,2026-04,2026-08,3,2026-05,2025-11,2024-01,31,False,True,True,False
618091,ONGOING_ACTIVE,2026-04,2026-08,5,2026-08,2027-03,,,,,,
618092,ONGOING_ACTIVE,2026-04,2026-08,5,2026-08,2026-10,,,,,,
618093,REPORTED_COMPLETED_MISSING_DATE,2026-04,2026-06,3,2026-05,,,,,,,
618094,ONGOING_ACTIVE,2026-04,2026-08,5,2026-08,2025-12,,,,,,
618095,ONGOING_ACTIVE,2026-04,2026-08,5,2026-08,2027-03,,,,,,
618096,ONGOING_ACTIVE,2026-04,2026-08,5,2026-08,2027-02,,,,,,
618097,ONGOING_ACTIVE,2026-04,2026-08,5,2026-08,2025-08,,,,,,
618098,ONGOING_ACTIVE,2026-04,2026-08,5,2026-08,2026-08,,,,,,
618099,REPORTED_COMPLETED_MISSING_DATE,2026-04,2026-06,3,2026-05,2026-04,,,,,,
618101,ONGOING_ACTIVE,2026-04,2026-08,5,2026-08,2027-04,,,,,,
618103,ONGOING_ACTIVE,2026-04,2026-08,5,2026-08,2026-07,,,,,,
618104,ONGOING_ACTIVE,2026-04,2026-08,5,2026-08,2026-08,,,,,,
618105,ONGOING_ACTIVE,2026-04,2026-08,5,2026-08,2026-11,,,,,,
618106,ONGOING_ACTIVE,2026-04,2026-08,5,2026-08,2026-03,,,,,,
618107,ONGOING_ACTIVE,2026-04,2026-08,5,2026-08,2028-06,,,,,,
618108,ONGOING_ACTIVE,2026-04,2026-08,5,2026-08,2027-03,,,,,,
618109,ONGOING_ACTIVE,2026-04,2026-08,5,2026-08,2026-11,,,,,,
618110,REPORTED_COMPLETED_MISSING_DATE,2026-04,2026-06,3,2026-05,2025-07,,,,,,
618111,ONGOING_ACTIVE,2026-04,2026-08,5,2026-08,2026-09,,,,,,
618112,ONGOING_ACTIVE,2026-04,2026-08,5,2026-08,2027-05,,,,,,
618113,ONGOING_ACTIVE,2026-04,2026-08,5,2026-08,2027-05,,,,,,
618114,ONGOING_ACTIVE,2026-04,2026-08,5,2026-08,2028-08,,,,,,
618116,ONGOING_ACTIVE,2026-04,2026-08,5,2026-08,2028-01,,,,,,
618117,ONGOING_ACTIVE,2026-04,2026-08,5,2026-08,2027-03,,,,,,
618118,REPORTED_COMPLETED_MISSING_DATE,2026-04,2026-06,3,2026-05,2025-07,,,,,,
618119,ONGOING_ACTIVE,2026-04,2026-08,5,2026-08,,,,,,,
618120,ONGOING_ACTIVE,2026-04,2026-08,5,2026-08,2028-01,,,,,,
618121,ONGOING_ACTIVE,2026-04,2026-08,5,2026-08,2026-11,,,,,,
618122,ONGOING_ACTIVE,2026-04,2026-08,5,2026-08,2026-10,,,,,,
618123,DISAPPEARED_UNRESOLVED,2026-04,2026-06,3,2026-06,,,,,,,
618124,ONGOING_ACTIVE,2026-04,2026-08,5,2026-08,2026-11,,,,,,
618125,ONGOING_ACTIVE,2026-04,2026-08,5,2026-08,2025-10,,,,,,
618126,ONGOING_ACTIVE,2026-04,2026-08,5,2026-08,2027-03,,,,,,
618127,ONGOING_ACTIVE,2026-04,2026-08,5,2026-08,2027-05,,,,,,
618129,ONGOING_ACTIVE,2026-04,2026-08,5,2026-08,2026-12,,,,,,
618130,ONGOING_ACTIVE,2026-04,2026-08,5,2026-08,2026-12,,,,,,
618132,REPORTED_COMPLETED_MISSING_DATE,2026-04,2026-06,3,2026-05,,,,,,,
618133,ONGOING_ACTIVE,2026-04,2026-08,5,2026-08,2027-03,,,,,,
618134,ONGOING_ACTIVE,2026-04,2026-08,5,2026-08,2026-09,,,,,,
618136,REPORTED_COMPLETED_EXPLICIT_DATE,2026-04,2026-07,3,2026-05,2026-03,2025-08,11,False,True,True,False
618137,ONGOING_ACTIVE,2026-04,2026-08,5,2026-08,2027-05,,,,,,
618138,ONGOING_ACTIVE,2026-04,2026-08,5,2026-08,2026-11,,,,,,
618139,ONGOING_ACTIVE,2026-04,2026-08,5,2026-08,2026-09,,,,,,
618140,ONGOING_ACTIVE,2026-04,2026-08,5,2026-08,2027-01,,,,,,
618141,ONGOING_ACTIVE,2026-04,2026-08,5,2026-08,2026-12,,,,,,
618142,REPORTED_COMPLETED_MISSING_DATE,2026-04,2026-06,3,2026-05,2019-09,,,,,,
618143,REPORTED_COMPLETED_MISSING_DATE,2026-04,2026-06,3,2026-05,2019-10,,,,,,
618144,REPORTED_COMPLETED_EXPLICIT_DATE,2026-04,2026-08,3,2026-05,,2025-08,12,False,True,,False
618145,REPORTED_COMPLETED_MISSING_DATE,2026-04,2026-06,3,2026-05,2026-04,,,,,,
618146,ONGOING_ACTIVE,2026-04,2026-08,5,2026-08,2027-06,,,,,,
618147,ONGOING_ACTIVE,2026-04,2026-08,5,2026-08,2026-12,,,,,,
618148,ONGOING_ACTIVE,2026-05,2026-08,4,2026-08,2028-04,,,,,,
618149,ONGOING_ACTIVE,2026-04,2026-08,5,2026-08,2027-01,,,,,,
618150,ONGOING_ACTIVE,2026-04,2026-08,5,2026-08,2027-05,,,,,,
618151,ONGOING_ACTIVE,2026-05,2026-08,4,2026-08,,,,,,,
618152,ONGOING_ACTIVE,2026-04,2026-08,5,2026-08,2026-08,,,,,,
618153,ONGOING_ACTIVE,2026-04,2026-08,5,2026-08,2026-08,,,,,,
618154,ONGOING_ACTIVE,2026-04,2026-08,5,2026-08,2026-06,,,,,,
618155,ONGOING_ACTIVE,2026-04,2026-08,5,2026-08,2027-03,,,,,,
618156,ONGOING_ACTIVE,2026-04,2026-08,5,2026-08,2026-10,,,,,,
618157,ONGOING_ACTIVE,2026-04,2026-08,5,2026-08,2026-12,,,,,,
618158,ONGOING_ACTIVE,2026-04,2026-08,5,2026-08,2026-12,,,,,,
618159,ONGOING_ACTIVE,2026-04,2026-08,5,2026-08,2027-03,,,,,,
618160,ONGOING_ACTIVE,2026-04,2026-08,5,2026-08,2027-12,,,,,,
618161,REPORTED_COMPLETED_MISSING_DATE,2026-04,2026-06,3,2026-05,2026-04,,,,,,
618162,ONGOING_ACTIVE,2026-04,2026-08,5,2026-08,2028-01,,,,,,
618163,ONGOING_ACTIVE,2026-04,2026-08,5,2026-08,2026-12,,,,,,
618164,ONGOING_ACTIVE,2026-04,2026-08,5,2026-08,2026-09,,,,,,
618165,REPORTED_COMPLETED_EXPLICIT_DATE,2026-04,2026-08,4,2026-06,2026-07,2026-06,2,False,False,True,True
618166,ONGOING_ACTIVE,2026-04,2026-08,5,2026-08,2026-09,,,,,,
618167,REPORTED_COMPLETED_EXPLICIT_DATE,2026-04,2026-08,3,2026-05,2026-06,2025-11,9,False,True,True,False
618168,ONGOING_ACTIVE,2026-04,2026-08,5,2026-08,2027-01,,,,,,
618169,ONGOING_ACTIVE,2026-04,2026-08,5,2026-08,2026-09,,,,,,
618170,ONGOING_ACTIVE,2026-04,2026-08,5,2026-08,2026-12,,,,,,
618171,ONGOING_ACTIVE,2026-04,2026-08,5,2026-08,2026-12,,,,,,
618172,ONGOING_ACTIVE,2026-04,2026-08,5,2026-08,2026-10,,,,,,
618173,ONGOING_ACTIVE,2026-04,2026-08,5,2026-08,2026-08,,,,,,
618174,ONGOING_ACTIVE,2026-04,2026-08,5,2026-08,2026-10,,,,,,
618175,REPORTED_COMPLETED_EXPLICIT_DATE,2026-04,2026-07,4,2026-06,2026-08,2026-02,5,False,True,True,False
618176,ONGOING_ACTIVE,2026-04,2026-08,5,2026-08,,,,,,,
618177,ONGOING_ACTIVE,2026-04,2026-08,5,2026-08,2026-09,,,,,,
618178,ONGOING_ACTIVE,2026-04,2026-08,5,2026-08,2026-10,,,,,,
618179,REPORTED_COMPLETED_EXPLICIT_DATE,2026-04,2026-08,4,2026-06,2026-07,2025-08,12,False,True,True,False
618180,ONGOING_ACTIVE,2026-04,2026-08,5,2026-08,2026-07,,,,,,
618181,REPORTED_COMPLETED_EXPLICIT_DATE,2026-04,2026-08,3,2026-05,2025-03,2025-12,8,False,True,False,False
618182,ONGOING_ACTIVE,2026-04,2026-08,5,2026-08,2027-08,,,,,,
618183,ONGOING_ACTIVE,2026-04,2026-08,5,2026-08,2026-08,,,,,,
618184,ONGOING_ACTIVE,2026-04,2026-08,5,2026-08,2027-12,,,,,,
618185,ONGOING_ACTIVE,2026-04,2026-08,5,2026-08,2027-08,,,,,,
618186,ONGOING_ACTIVE,2026-04,2026-08,5,2026-08,2026-09,,,,,,
618187,ONGOING_ACTIVE,2026-04,2026-08,5,2026-08,2027-10,,,,,,
618188,REPORTED_COMPLETED_EXPLICIT_DATE,2026-04,2026-08,5,2026-07,2026-08,2026-01,7,False,True,True,False
618189,ONGOING_ACTIVE,2026-04,2026-08,5,2026-08,2027-11,,,,,,
618190,ONGOING_ACTIVE,2026-04,2026-08,5,2026-08,2026-09,,,,,,
618191,REPORTED_COMPLETED_MISSING_DATE,2026-04,2026-06,3,2026-05,2026-03,,,,,,
618192,REPORTED_COMPLETED_EXPLICIT_DATE,2026-04,2026-08,3,2026-05,2026-04,2026-03,5,False,True,True,False
618193,ONGOING_ACTIVE,2026-04,2026-08,5,2026-08,2027-03,,,,,,
618194,ONGOING_ACTIVE,2026-04,2026-08,5,2026-08,2025-09,,,,,,
618196,ONGOING_ACTIVE,2026-04,2026-08,5,2026-08,2026-12,,,,,,
618197,ONGOING_ACTIVE,2026-04,2026-08,5,2026-08,2026-12,,,,,,
618198,ONGOING_ACTIVE,2026-04,2026-08,5,2026-08,2026-10,,,,,,
618199,ONGOING_ACTIVE,2026-04,2026-08,5,2026-08,2027-02,,,,,,
618200,ONGOING_ACTIVE,2026-04,2026-08,5,2026-08,2026-11,,,,,,
618201,ONGOING_ACTIVE,2026-04,2026-08,5,2026-08,2027-06,,,,,,
618202,ONGOING_ACTIVE,2026-04,2026-08,5,2026-08,2027-07,,,,,,
618203,ONGOING_ACTIVE,2026-04,2026-08,5,2026-08,2027-02,,,,,,
618204,ONGOING_ACTIVE,2026-04,2026-08,5,2026-08,2027-07,,,,,,
618205,ONGOING_ACTIVE,2026-04,2026-08,5,2026-08,2026-12,,,,,,
618206,ONGOING_ACTIVE,2026-04,2026-08,5,2026-08,,,,,,,
618207,ONGOING_ACTIVE,2026-04,2026-08,5,2026-08,2028-10,,,,,,
618208,REPORTED_COMPLETED_EXPLICIT_DATE,2026-04,2026-08,3,2026-05,,2025-11,9,False,True,,False
618209,ONGOING_ACTIVE,2026-04,2026-08,5,2026-08,2027-08,,,,,,
618210,ONGOING_ACTIVE,2026-04,2026-08,5,2026-08,2026-10,,,,,,
618211,ONGOING_ACTIVE,2026-04,2026-08,5,2026-08,2027-07,,,,,,
618212,ONGOING_ACTIVE,2026-04,2026-08,5,2026-08,,,,,,,
618213,ONGOING_ACTIVE,2026-04,2026-08,5,2026-08,2026-10,,,,,,
618214,ONGOING_ACTIVE,2026-04,2026-08,5,2026-08,2024-06,,,,,,
618215,ONGOING_ACTIVE,2026-04,2026-08,5,2026-08,2027-06,,,,,,
618216,ONGOING_ACTIVE,2026-04,2026-08,5,2026-08,2027-09,,,,,,
618217,ONGOING_ACTIVE,2026-04,2026-08,5,2026-08,2027-08,,,,,,
618218,ONGOING_ACTIVE,2026-04,2026-08,5,2026-08,2027-03,,,,,,
618219,ONGOING_ACTIVE,2026-04,2026-08,5,2026-08,2026-12,,,,,,
618220,REPORTED_COMPLETED_EXPLICIT_DATE,2026-04,2026-08,3,2026-05,2026-03,2025-11,9,False,True,True,False
618221,ONGOING_ACTIVE,2026-04,2026-08,5,2026-08,2027-07,,,,,,
618222,ONGOING_ACTIVE,2026-04,2026-08,5,2026-08,2027-03,,,,,,
618223,ONGOING_ACTIVE,2026-04,2026-08,5,2026-08,2026-12,,,,,,
618224,ONGOING_ACTIVE,2026-04,2026-08,5,2026-08,2026-09,,,,,,
618225,ONGOING_ACTIVE,2026-04,2026-08,5,2026-08,2026-12,,,,,,
618226,ONGOING_ACTIVE,2026-04,2026-08,5,2026-08,2026-12,,,,,,
618227,ONGOING_ACTIVE,2026-04,2026-08,5,2026-08,2027-03,,,,,,
618228,ONGOING_ACTIVE,2026-04,2026-08,5,2026-08,2027-12,,,,,,
618229,REPORTED_COMPLETED_EXPLICIT_DATE,2026-04,2026-08,3,2026-05,2025-02,2025-04,16,False,True,False,False
618230,ONGOING_ACTIVE,2026-04,2026-08,5,2026-08,2026-12,,,,,,
618231,ONGOING_ACTIVE,2026-04,2026-08,5,2026-08,2026-09,,,,,,
618232,ONGOING_ACTIVE,2026-04,2026-08,5,2026-08,2026-12,,,,,,
618233,ONGOING_ACTIVE,2026-04,2026-08,5,2026-08,2026-09,,,,,,
618234,ONGOING_ACTIVE,2026-04,2026-08,5,2026-08,2027-02,,,,,,
618235,ONGOING_ACTIVE,2026-04,2026-08,5,2026-08,2026-12,,,,,,
618236,ONGOING_ACTIVE,2026-04,2026-08,5,2026-08,2023-11,,,,,,
618237,REPORTED_COMPLETED_MISSING_DATE,2026-04,2026-06,3,2026-05,2025-09,,,,,,
618238,ONGOING_ACTIVE,2026-04,2026-08,5,2026-08,2026-09,,,,,,
618239,ONGOING_ACTIVE,2026-04,2026-08,5,2026-08,2025-07,,,,,,
618240,REPORTED_COMPLETED_EXPLICIT_DATE,2026-04,2026-08,5,2026-07,2026-08,2026-02,6,False,True,True,False
618242,ONGOING_ACTIVE,2026-04,2026-08,5,2026-08,2027-01,,,,,,
618243,ONGOING_ACTIVE,2026-04,2026-08,5,2026-08,2027-06,,,,,,
618244,ONGOING_ACTIVE,2026-04,2026-08,5,2026-08,2027-05,,,,,,
618246,ONGOING_ACTIVE,2026-04,2026-08,5,2026-08,2029-03,,,,,,
618247,ONGOING_ACTIVE,2026-04,2026-08,5,2026-08,2029-01,,,,,,
618248,ONGOING_ACTIVE,2026-04,2026-08,5,2026-08,2028-01,,,,,,
618249,ONGOING_ACTIVE,2026-04,2026-08,5,2026-08,2027-03,,,,,,
618250,ONGOING_ACTIVE,2026-04,2026-08,5,2026-08,2028-12,,,,,,
618251,ONGOING_ACTIVE,2026-04,2026-08,5,2026-08,2028-03,,,,,,
618252,ONGOING_ACTIVE,2026-04,2026-08,5,2026-08,2027-05,,,,,,
618253,ONGOING_ACTIVE,2026-04,2026-08,5,2026-08,2029-03,,,,,,
618254,ONGOING_ACTIVE,2026-04,2026-08,5,2026-08,2026-12,,,,,,
618255,ONGOING_ACTIVE,2026-04,2026-08,5,2026-08,2027-03,,,,,,
618256,ONGOING_ACTIVE,2026-04,2026-08,5,2026-08,2026-09,,,,,,
618257,ONGOING_ACTIVE,2026-04,2026-08,5,2026-08,2026-09,,,,,,
618258,REPORTED_COMPLETED_MISSING_DATE,2026-04,2026-06,3,2026-05,2024-04,,,,,,
618259,REPORTED_COMPLETED_MISSING_DATE,2026-04,2026-06,3,2026-05,2024-03,,,,,,
618260,ONGOING_ACTIVE,2026-04,2026-08,5,2026-08,2027-11,,,,,,
618262,ONGOING_ACTIVE,2026-04,2026-08,5,2026-08,2027-07,,,,,,
618263,ONGOING_ACTIVE,2026-04,2026-08,5,2026-08,2026-10,,,,,,
618264,ONGOING_ACTIVE,2026-04,2026-08,5,2026-08,2028-05,,,,,,
618265,ONGOING_ACTIVE,2026-04,2026-08,5,2026-08,2026-12,,,,,,
618266,ONGOING_ACTIVE,2026-04,2026-08,5,2026-08,2026-10,,,,,,
618267,ONGOING_ACTIVE,2026-05,2026-08,4,2026-08,2028-05,,,,,,
618282,ONGOING_ACTIVE,2026-04,2026-08,5,2026-08,2027-03,,,,,,
618283,ONGOING_ACTIVE,2026-04,2026-08,5,2026-08,2027-03,,,,,,
618284,ONGOING_ACTIVE,2026-04,2026-08,5,2026-08,2026-12,,,,,,
618285,REPORTED_COMPLETED_MISSING_DATE,2026-04,2026-06,3,2026-05,2026-01,,,,,,
618286,ONGOING_ACTIVE,2026-04,2026-08,5,2026-08,2027-03,,,,,,
618287,ONGOING_ACTIVE,2026-04,2026-08,5,2026-08,2027-06,,,,,,
618288,ONGOING_ACTIVE,2026-04,2026-08,5,2026-08,2027-08,,,,,,
618289,ONGOING_ACTIVE,2026-04,2026-08,5,2026-08,2026-03,,,,,,
618290,ONGOING_ACTIVE,2026-04,2026-08,5,2026-08,2026-12,,,,,,
618291,ONGOING_ACTIVE,2026-04,2026-08,5,2026-08,2026-12,,,,,,
618292,ONGOING_ACTIVE,2026-04,2026-08,5,2026-08,2027-10,,,,,,
618293,ONGOING_ACTIVE,2026-04,2026-08,5,2026-08,2026-11,,,,,,
618294,ONGOING_ACTIVE,2026-04,2026-08,5,2026-08,2027-09,,,,,,
618295,ONGOING_ACTIVE,2026-04,2026-08,5,2026-08,2027-03,,,,,,
618296,ONGOING_ACTIVE,2026-04,2026-08,5,2026-08,2026-09,,,,,,
618297,ONGOING_ACTIVE,2026-04,2026-08,5,2026-08,2026-12,,,,,,
618298,ONGOING_ACTIVE,2026-04,2026-08,5,2026-08,2026-09,,,,,,
618299,ONGOING_ACTIVE,2026-04,2026-08,5,2026-08,2027-01,,,,,,
618300,ONGOING_ACTIVE,2026-04,2026-08,5,2026-08,2026-12,,,,,,
618301,ONGOING_ACTIVE,2026-04,2026-08,5,2026-08,2026-12,,,,,,
618302,ONGOING_ACTIVE,2026-04,2026-08,5,2026-08,2026-10,,,,,,
618303,ONGOING_ACTIVE,2026-04,2026-08,5,2026-08,2026-10,,,,,,
618304,ONGOING_ACTIVE,2026-04,2026-08,5,2026-08,2027-02,,,,,,
618305,ONGOING_ACTIVE,2026-04,2026-08,5,2026-08,2027-08,,,,,,
618306,ONGOING_ACTIVE,2026-04,2026-08,5,2026-08,2027-08,,,,,,
618307,ONGOING_ACTIVE,2026-06,2026-08,3,2026-08,2026-01,,,,,,
618308,ONGOING_ACTIVE,2026-04,2026-08,5,2026-08,2027-03,,,,,,
618309,ONGOING_ACTIVE,2026-04,2026-08,5,2026-08,2027-08,,,,,,
618310,ONGOING_ACTIVE,2026-04,2026-08,5,2026-08,2027-02,,,,,,
618311,ONGOING_ACTIVE,2026-04,2026-08,5,2026-08,2027-03,,,,,,
618312,ONGOING_ACTIVE,2026-04,2026-08,5,2026-08,2027-10,,,,,,
618313,ONGOING_ACTIVE,2026-04,2026-08,5,2026-08,2027-09,,,,,,
618314,ONGOING_ACTIVE,2026-04,2026-08,5,2026-08,2027-03,,,,,,
618315,ONGOING_ACTIVE,2026-04,2026-08,5,2026-08,2027-03,,,,,,
618316,ONGOING_ACTIVE,2026-04,2026-08,5,2026-08,2026-12,,,,,,
618317,ONGOING_ACTIVE,2026-04,2026-08,5,2026-08,2026-12,,,,,,
618318,ONGOING_ACTIVE,2026-04,2026-08,5,2026-08,2027-06,,,,,,
618319,ONGOING_ACTIVE,2026-04,2026-08,5,2026-08,2026-12,,,,,,
618320,ONGOING_ACTIVE,2026-04,2026-08,5,2026-08,,,,,,,
618321,ONGOING_ACTIVE,2026-04,2026-08,5,2026-08,,,,,,,
618323,ONGOING_ACTIVE,2026-04,2026-08,5,2026-08,,,,,,,
618324,ONGOING_ACTIVE,2026-04,2026-08,5,2026-08,,,,,,,
618325,DISAPPEARED_UNRESOLVED,2026-04,2026-06,3,2026-06,2026-04,,,,,,
618326,ONGOING_ACTIVE,2026-04,2026-08,5,2026-08,2026-06,,,,,,
618327,REPORTED_COMPLETED_MISSING_DATE,2026-04,2026-06,3,2026-05,2025-03,,,,,,
618328,ONGOING_ACTIVE,2026-04,2026-08,5,2026-08,2026-09,,,,,,
618329,REPORTED_COMPLETED_MISSING_DATE,2026-04,2026-06,3,2026-05,2023-02,,,,,,
618330,REPORTED_COMPLETED_MISSING_DATE,2026-04,2026-06,3,2026-05,2025-09,,,,,,
618331,ONGOING_ACTIVE,2026-04,2026-08,5,2026-08,2028-01,,,,,,
618333,ONGOING_ACTIVE,2026-04,2026-08,5,2026-08,2026-12,,,,,,
618334,ONGOING_ACTIVE,2026-04,2026-08,5,2026-08,2026-12,,,,,,
618335,ONGOING_ACTIVE,2026-04,2026-08,5,2026-08,2026-12,,,,,,
618336,ONGOING_ACTIVE,2026-04,2026-08,5,2026-08,2026-12,,,,,,
618337,REPORTED_COMPLETED_EXPLICIT_DATE,2026-04,2026-08,5,2026-07,2026-03,2026-02,6,False,True,True,False
618338,ONGOING_ACTIVE,2026-04,2026-08,5,2026-08,2026-10,,,,,,
618339,DISAPPEARED_UNRESOLVED,2026-04,2026-06,3,2026-06,2026-12,,,,,,
618340,ONGOING_ACTIVE,2026-04,2026-08,5,2026-08,2026-10,,,,,,
618341,REPORTED_COMPLETED_MISSING_DATE,2026-04,2026-06,3,2026-05,2026-06,,,,,,
618342,REPORTED_COMPLETED_EXPLICIT_DATE,2026-04,2026-07,3,2026-05,2024-06,2024-06,25,False,True,False,False
618343,REPORTED_COMPLETED_EXPLICIT_DATE,2026-04,2026-07,3,2026-05,2024-12,2024-10,21,False,True,True,False
618344,ONGOING_ACTIVE,2026-04,2026-08,5,2026-08,2026-12,,,,,,
618345,ONGOING_ACTIVE,2026-04,2026-08,5,2026-08,2026-10,,,,,,
618346,ONGOING_ACTIVE,2026-04,2026-08,5,2026-08,2026-09,,,,,,
618347,REPORTED_COMPLETED_EXPLICIT_DATE,2026-04,2026-08,5,2026-07,2026-08,2026-02,6,False,True,True,False
618348,ONGOING_ACTIVE,2026-04,2026-08,5,2026-08,2026-11,,,,,,
618349,ONGOING_ACTIVE,2026-04,2026-08,5,2026-08,2026-11,,,,,,
618350,ONGOING_ACTIVE,2026-04,2026-08,5,2026-08,2027-03,,,,,,
618351,ONGOING_ACTIVE,2026-04,2026-08,5,2026-08,2026-12,,,,,,
618352,ONGOING_ACTIVE,2026-04,2026-08,5,2026-08,2026-12,,,,,,
618353,ONGOING_ACTIVE,2026-04,2026-08,5,2026-08,2026-12,,,,,,
618354,ONGOING_ACTIVE,2026-04,2026-08,5,2026-08,2026-12,,,,,,
618355,ONGOING_ACTIVE,2026-04,2026-08,5,2026-08,2026-03,,,,,,
618356,ONGOING_ACTIVE,2026-04,2026-08,5,2026-08,2026-04,,,,,,
618357,ONGOING_ACTIVE,2026-04,2026-08,5,2026-08,2026-01,,,,,,
618358,ONGOING_ACTIVE,2026-04,2026-08,5,2026-08,2025-12,,,,,,
618362,ONGOING_ACTIVE,2026-04,2026-08,5,2026-08,2026-11,,,,,,
618363,ONGOING_ACTIVE,2026-04,2026-08,5,2026-08,2026-12,,,,,,
618364,ONGOING_ACTIVE,2026-04,2026-08,5,2026-08,2026-02,,,,,,
618365,ONGOING_ACTIVE,2026-04,2026-08,5,2026-08,2026-02,,,,,,
618366,ONGOING_ACTIVE,2026-04,2026-08,5,2026-08,2026-02,,,,,,
618367,ONGOING_ACTIVE,2026-04,2026-08,5,2026-08,2027-12,,,,,,
618368,ONGOING_ACTIVE,2026-04,2026-08,5,2026-08,2027-05,,,,,,
618369,ONGOING_ACTIVE,2026-04,2026-08,5,2026-08,2027-03,,,,,,
618370,ONGOING_ACTIVE,2026-04,2026-08,5,2026-08,2027-04,,,,,,
618371,ONGOING_ACTIVE,2026-04,2026-08,5,2026-08,2026-11,,,,,,
618372,REPORTED_COMPLETED_MISSING_DATE,2026-04,2026-06,3,2026-05,2025-06,,,,,,
618373,ONGOING_ACTIVE,2026-04,2026-08,5,2026-08,2028-09,,,,,,
618374,ONGOING_ACTIVE,2026-04,2026-08,5,2026-08,2026-11,,,,,,
618375,ONGOING_ACTIVE,2026-04,2026-08,5,2026-08,2026-10,,,,,,
618376,ONGOING_ACTIVE,2026-04,2026-08,5,2026-08,2026-12,,,,,,
618377,ONGOING_ACTIVE,2026-04,2026-08,5,2026-08,2026-06,,,,,,
618379,ONGOING_ACTIVE,2026-04,2026-08,5,2026-08,2026-08,,,,,,
618380,REPORTED_COMPLETED_EXPLICIT_DATE,2026-04,2026-08,5,2026-07,2026-06,2026-07,1,False,False,False,True
618381,REPORTED_COMPLETED_MISSING_DATE,2026-04,2026-06,3,2026-05,2025-05,,,,,,
618382,REPORTED_COMPLETED_MISSING_DATE,2026-04,2026-06,3,2026-05,2025-05,,,,,,
618383,ONGOING_ACTIVE,2026-04,2026-08,5,2026-08,2026-06,,,,,,
618384,REPORTED_COMPLETED_MISSING_DATE,2026-04,2026-06,3,2026-05,2025-04,,,,,,
618385,ONGOING_ACTIVE,2026-04,2026-08,5,2026-08,2026-03,,,,,,
618386,REPORTED_COMPLETED_MISSING_DATE,2026-04,2026-06,3,2026-05,2024-10,,,,,,
618387,ONGOING_ACTIVE,2026-04,2026-08,5,2026-08,2026-12,,,,,,
618388,ONGOING_ACTIVE,2026-04,2026-08,5,2026-08,2026-12,,,,,,
618389,ONGOING_ACTIVE,2026-04,2026-08,5,2026-08,2026-10,,,,,,
618390,ONGOING_ACTIVE,2026-04,2026-08,5,2026-08,2027-03,,,,,,
618391,ONGOING_ACTIVE,2026-04,2026-08,5,2026-08,2027-02,,,,,,
618392,ONGOING_ACTIVE,2026-04,2026-08,5,2026-08,2027-01,,,,,,
618393,REPORTED_COMPLETED_EXPLICIT_DATE,2026-04,2026-08,5,2026-07,2024-02,2026-07,1,False,False,False,True
618394,ONGOING_ACTIVE,2026-04,2026-08,5,2026-08,2026-10,,,,,,
618395,ONGOING_ACTIVE,2026-04,2026-08,5,2026-08,2027-06,,,,,,
618396,REPORTED_COMPLETED_MISSING_DATE,2026-04,2026-06,3,2026-05,2024-10,,,,,,
618397,ONGOING_ACTIVE,2026-04,2026-08,5,2026-08,2025-12,,,,,,
618398,ONGOING_ACTIVE,2026-04,2026-08,5,2026-08,2026-06,,,,,,
618399,ONGOING_ACTIVE,2026-04,2026-08,5,2026-08,2027-12,,,,,,
618400,ONGOING_ACTIVE,2026-04,2026-08,5,2026-08,2025-08,,,,,,
618401,ONGOING_ACTIVE,2026-04,2026-08,5,2026-08,2028-07,,,,,,
618402,ONGOING_ACTIVE,2026-04,2026-08,5,2026-08,2028-02,,,,,,
618403,ONGOING_ACTIVE,2026-04,2026-08,5,2026-08,2027-01,,,,,,
618404,ONGOING_ACTIVE,2026-04,2026-08,5,2026-08,2027-11,,,,,,
618405,ONGOING_ACTIVE,2026-04,2026-08,5,2026-08,2027-07,,,,,,
618406,ONGOING_ACTIVE,2026-04,2026-08,5,2026-08,2026-11,,,,,,
618407,ONGOING_ACTIVE,2026-04,2026-08,5,2026-08,2026-10,,,,,,
618408,ONGOING_ACTIVE,2026-04,2026-08,5,2026-08,2026-09,,,,,,
618409,ONGOING_ACTIVE,2026-04,2026-08,5,2026-08,2026-09,,,,,,
618410,ONGOING_ACTIVE,2026-04,2026-08,5,2026-08,2026-10,,,,,,
618411,ONGOING_ACTIVE,2026-04,2026-08,5,2026-08,2026-10,,,,,,
618412,ONGOING_ACTIVE,2026-04,2026-08,5,2026-08,2028-02,,,,,,
618413,ONGOING_ACTIVE,2026-04,2026-08,5,2026-08,2026-09,,,,,,
618414,ONGOING_ACTIVE,2026-04,2026-08,5,2026-08,2025-09,,,,,,
618415,ONGOING_ACTIVE,2026-04,2026-08,5,2026-08,2026-03,,,,,,
618416,ONGOING_ACTIVE,2026-04,2026-08,5,2026-08,2027-03,,,,,,
618417,ONGOING_ACTIVE,2026-04,2026-08,5,2026-08,2027-03,,,,,,
618418,ONGOING_ACTIVE,2026-04,2026-08,5,2026-08,2027-03,,,,,,
618419,ONGOING_ACTIVE,2026-04,2026-08,5,2026-08,2027-06,,,,,,
618420,ONGOING_ACTIVE,2026-04,2026-08,5,2026-08,2027-06,,,,,,
618421,ONGOING_ACTIVE,2026-04,2026-08,5,2026-08,2027-03,,,,,,
618422,ONGOING_ACTIVE,2026-04,2026-08,5,2026-08,2026-07,,,,,,
618423,ONGOING_ACTIVE,2026-04,2026-08,5,2026-08,2026-03,,,,,,
618426,ONGOING_ACTIVE,2026-04,2026-08,5,2026-08,2026-12,,,,,,
618427,ONGOING_ACTIVE,2026-04,2026-08,5,2026-08,2026-12,,,,,,
618428,ONGOING_ACTIVE,2026-04,2026-08,5,2026-08,2026-05,,,,,,
618429,ONGOING_ACTIVE,2026-04,2026-08,5,2026-08,2026-08,,,,,,
618430,ONGOING_ACTIVE,2026-04,2026-08,5,2026-08,2026-08,,,,,,
618431,ONGOING_ACTIVE,2026-04,2026-08,5,2026-08,2026-12,,,,,,
618432,REPORTED_COMPLETED_EXPLICIT_DATE,2026-04,2026-07,3,2026-05,2023-07,2024-09,22,False,True,False,False
618433,ONGOING_ACTIVE,2026-04,2026-08,5,2026-08,2026-04,,,,,,
618434,ONGOING_ACTIVE,2026-04,2026-08,5,2026-08,2026-10,,,,,,
618435,DISAPPEARED_UNRESOLVED,2026-04,2026-06,3,2026-06,2026-07,,,,,,
618436,ONGOING_ACTIVE,2026-04,2026-08,5,2026-08,2025-07,,,,,,
618437,ONGOING_ACTIVE,2026-04,2026-08,5,2026-08,2025-08,,,,,,
618438,ONGOING_ACTIVE,2026-04,2026-08,5,2026-08,2025-08,,,,,,
618439,DISAPPEARED_UNRESOLVED,2026-04,2026-06,3,2026-06,2026-06,,,,,,
618440,ONGOING_ACTIVE,2026-04,2026-08,5,2026-08,2026-10,,,,,,
618441,ONGOING_ACTIVE,2026-04,2026-08,5,2026-08,2026-10,,,,,,
618442,ONGOING_ACTIVE,2026-04,2026-08,5,2026-08,2026-06,,,,,,
618443,DISAPPEARED_UNRESOLVED,2026-04,2026-06,3,2026-06,2026-03,,,,,,
618444,DISAPPEARED_UNRESOLVED,2026-04,2026-06,3,2026-06,2026-07,,,,,,
618445,ONGOING_ACTIVE,2026-04,2026-08,5,2026-08,2027-12,,,,,,
618446,ONGOING_ACTIVE,2026-04,2026-08,5,2026-08,2026-09,,,,,,
618447,ONGOING_ACTIVE,2026-04,2026-08,5,2026-08,2027-05,,,,,,
618448,ONGOING_ACTIVE,2026-04,2026-08,5,2026-08,2027-05,,,,,,
618449,ONGOING_ACTIVE,2026-04,2026-08,5,2026-08,2026-09,,,,,,
618450,ONGOING_ACTIVE,2026-04,2026-08,5,2026-08,2026-12,,,,,,
618452,ONGOING_ACTIVE,2026-04,2026-08,5,2026-08,2027-12,,,,,,
618454,REPORTED_COMPLETED_EXPLICIT_DATE,2026-04,2026-08,5,2026-07,2024-09,2024-09,23,False,True,False,False
618455,REPORTED_COMPLETED_EXPLICIT_DATE,2026-04,2026-08,5,2026-07,2024-09,2024-09,23,False,True,False,False
618456,REPORTED_COMPLETED_MISSING_DATE,2026-04,2026-06,3,2026-05,2025-03,,,,,,
618457,ONGOING_ACTIVE,2026-04,2026-08,5,2026-08,2027-04,,,,,,
618458,ONGOING_ACTIVE,2026-04,2026-08,5,2026-08,2026-09,,,,,,
618459,ONGOING_ACTIVE,2026-04,2026-08,5,2026-08,2027-02,,,,,,
618460,REPORTED_COMPLETED_EXPLICIT_DATE,2026-04,2026-07,4,2026-06,2026-04,2026-04,3,False,True,False,False
618462,ONGOING_ACTIVE,2026-04,2026-08,5,2026-08,2026-09,,,,,,
618463,ONGOING_ACTIVE,2026-04,2026-08,5,2026-08,2026-09,,,,,,
618464,REPORTED_COMPLETED_MISSING_DATE,2026-04,2026-06,3,2026-05,2026-05,,,,,,
618465,REPORTED_COMPLETED_MISSING_DATE,2026-04,2026-06,3,2026-05,2026-05,,,,,,
618466,DISAPPEARED_UNRESOLVED,2026-04,2026-06,3,2026-06,2026-11,,,,,,
618467,ONGOING_ACTIVE,2026-04,2026-08,5,2026-08,2027-07,,,,,,
618468,REPORTED_COMPLETED_MISSING_DATE,2026-04,2026-06,3,2026-05,2026-04,,,,,,
618469,ONGOING_ACTIVE,2026-04,2026-08,5,2026-08,2026-08,,,,,,
618470,ONGOING_ACTIVE,2026-04,2026-08,5,2026-08,2026-09,,,,,,
618471,ONGOING_ACTIVE,2026-04,2026-08,5,2026-08,2026-08,,,,,,
618472,ONGOING_ACTIVE,2026-04,2026-08,5,2026-08,2026-08,,,,,,
618473,ONGOING_ACTIVE,2026-04,2026-08,5,2026-08,2026-08,,,,,,
618475,ONGOING_ACTIVE,2026-04,2026-08,5,2026-08,2026-10,,,,,,
618476,ONGOING_ACTIVE,2026-04,2026-08,5,2026-08,2026-09,,,,,,
618478,ONGOING_ACTIVE,2026-04,2026-08,5,2026-08,2026-10,,,,,,
618479,ONGOING_ACTIVE,2026-04,2026-08,5,2026-08,2027-12,,,,,,
618480,ONGOING_ACTIVE,2026-04,2026-08,5,2026-08,2026-10,,,,,,
618481,ONGOING_ACTIVE,2026-04,2026-08,5,2026-08,2026-10,,,,,,
618482,ONGOING_ACTIVE,2026-04,2026-08,5,2026-08,2026-07,,,,,,
618483,ONGOING_ACTIVE,2026-04,2026-08,5,2026-08,2026-07,,,,,,
618484,REPORTED_COMPLETED_MISSING_DATE,2026-04,2026-06,3,2026-05,2024-05,,,,,,
618485,REPORTED_COMPLETED_MISSING_DATE,2026-04,2026-06,3,2026-05,2024-03,,,,,,
618487,REPORTED_COMPLETED_MISSING_DATE,2026-04,2026-06,3,2026-05,2026-06,,,,,,
618488,DISAPPEARED_UNRESOLVED,2026-04,2026-06,3,2026-06,2026-12,,,,,,
618489,ONGOING_ACTIVE,2026-04,2026-08,5,2026-08,2027-03,,,,,,
618490,DISAPPEARED_UNRESOLVED,2026-04,2026-06,3,2026-06,2026-07,,,,,,
618491,DISAPPEARED_UNRESOLVED,2026-04,2026-06,3,2026-06,2026-12,,,,,,
618492,ONGOING_ACTIVE,2026-04,2026-08,5,2026-08,2027-06,,,,,,
618493,ONGOING_ACTIVE,2026-04,2026-08,5,2026-08,2028-03,,,,,,
618494,ONGOING_ACTIVE,2026-04,2026-08,5,2026-08,2026-12,,,,,,
618495,ONGOING_ACTIVE,2026-04,2026-08,5,2026-08,2027-11,,,,,,
618496,ONGOING_ACTIVE,2026-04,2026-08,5,2026-08,2026-09,,,,,,
618497,ONGOING_ACTIVE,2026-04,2026-08,5,2026-08,2027-06,,,,,,
618498,REPORTED_COMPLETED_MISSING_DATE,2026-04,2026-06,3,2026-05,2026-04,,,,,,
618499,ONGOING_ACTIVE,2026-04,2026-08,5,2026-08,2026-09,,,,,,
618500,ONGOING_ACTIVE,2026-04,2026-08,5,2026-08,2026-09,,,,,,
618501,REPORTED_COMPLETED_MISSING_DATE,2026-04,2026-06,3,2026-05,2026-06,,,,,,
618502,REPORTED_COMPLETED_MISSING_DATE,2026-04,2026-06,3,2026-05,2026-06,,,,,,
618503,REPORTED_COMPLETED_EXPLICIT_DATE,2026-04,2026-08,5,2026-07,2026-08,2025-10,10,False,True,True,False
618504,REPORTED_COMPLETED_EXPLICIT_DATE,2026-04,2026-08,5,2026-07,2026-08,2025-06,14,False,True,True,False
618506,ONGOING_ACTIVE,2026-04,2026-08,5,2026-08,2027-05,,,,,,
618507,ONGOING_ACTIVE,2026-04,2026-08,5,2026-08,2026-09,,,,,,
618508,ONGOING_ACTIVE,2026-04,2026-08,5,2026-08,2027-06,,,,,,
618509,ONGOING_ACTIVE,2026-04,2026-08,5,2026-08,2026-09,,,,,,
618511,ONGOING_ACTIVE,2026-04,2026-08,5,2026-08,2027-06,,,,,,
618512,ONGOING_ACTIVE,2026-04,2026-08,5,2026-08,2026-10,,,,,,
618513,ONGOING_ACTIVE,2026-04,2026-08,5,2026-08,2027-02,,,,,,
618514,ONGOING_ACTIVE,2026-04,2026-08,5,2026-08,2026-12,,,,,,
618517,ONGOING_ACTIVE,2026-04,2026-08,5,2026-08,2027-05,,,,,,
618518,ONGOING_ACTIVE,2026-04,2026-08,5,2026-08,2026-12,,,,,,
618520,ONGOING_ACTIVE,2026-04,2026-08,5,2026-08,2026-09,,,,,,
618521,ONGOING_ACTIVE,2026-04,2026-08,5,2026-08,2026-09,,,,,,
618522,ONGOING_ACTIVE,2026-04,2026-08,5,2026-08,2027-03,,,,,,
618523,ONGOING_ACTIVE,2026-04,2026-08,5,2026-08,2026-11,,,,,,
618524,ONGOING_ACTIVE,2026-04,2026-08,5,2026-08,2027-08,,,,,,
618525,ONGOING_ACTIVE,2026-04,2026-08,5,2026-08,2027-10,,,,,,
618526,REPORTED_COMPLETED_EXPLICIT_DATE,2026-04,2026-08,5,2026-07,2026-08,2023-07,37,False,True,True,False
618527,REPORTED_COMPLETED_MISSING_DATE,2026-04,2026-06,3,2026-05,2026-06,,,,,,
618529,ONGOING_ACTIVE,2026-04,2026-08,5,2026-08,2026-10,,,,,,
618534,ONGOING_ACTIVE,2026-05,2026-08,4,2026-08,2028-08,,,,,,
618535,ONGOING_ACTIVE,2026-04,2026-08,5,2026-08,2028-03,,,,,,
618536,ONGOING_ACTIVE,2026-04,2026-08,5,2026-08,2027-06,,,,,,
618537,ONGOING_ACTIVE,2026-04,2026-08,5,2026-08,2027-02,,,,,,
618538,ONGOING_ACTIVE,2026-04,2026-08,5,2026-08,2027-07,,,,,,
618539,ONGOING_ACTIVE,2026-04,2026-08,5,2026-08,2027-09,,,,,,
618540,ONGOING_ACTIVE,2026-04,2026-08,5,2026-08,2028-04,,,,,,
618541,ONGOING_ACTIVE,2026-04,2026-08,5,2026-08,2026-10,,,,,,
618542,ONGOING_ACTIVE,2026-05,2026-08,4,2026-08,2028-05,,,,,,
618543,ONGOING_ACTIVE,2026-04,2026-08,5,2026-08,2027-12,,,,,,
618544,ONGOING_ACTIVE,2026-04,2026-08,5,2026-08,2026-09,,,,,,
618545,ONGOING_ACTIVE,2026-04,2026-08,5,2026-08,2027-06,,,,,,
618547,ONGOING_ACTIVE,2026-04,2026-08,5,2026-08,2027-03,,,,,,
618549,ONGOING_ACTIVE,2026-04,2026-08,5,2026-08,2026-12,,,,,,
618550,ONGOING_ACTIVE,2026-04,2026-08,5,2026-08,2026-12,,,,,,
618551,ONGOING_ACTIVE,2026-04,2026-08,5,2026-08,2027-07,,,,,,
618552,ONGOING_ACTIVE,2026-04,2026-08,5,2026-08,2027-06,,,,,,
618553,REPORTED_COMPLETED_MISSING_DATE,2026-04,2026-06,3,2026-05,2026-07,,,,,,
618554,ONGOING_ACTIVE,2026-04,2026-08,5,2026-08,2026-11,,,,,,
618555,REPORTED_COMPLETED_MISSING_DATE,2026-04,2026-04,1,,,,,,,,
618557,ONGOING_ACTIVE,2026-04,2026-08,5,2026-08,2026-09,,,,,,
618558,DISAPPEARED_UNRESOLVED,2026-04,2026-06,3,2026-06,2027-03,,,,,,
618559,DISAPPEARED_UNRESOLVED,2026-04,2026-06,3,2026-06,2026-12,,,,,,
618560,DISAPPEARED_UNRESOLVED,2026-04,2026-06,3,2026-06,2026-09,,,,,,
618561,ONGOING_ACTIVE,2026-04,2026-08,5,2026-08,2028-03,,,,,,
618562,REPORTED_COMPLETED_MISSING_DATE,2026-04,2026-06,3,2026-05,,,,,,,
618563,ONGOING_ACTIVE,2026-04,2026-08,5,2026-08,2026-09,,,,,,
618564,ONGOING_ACTIVE,2026-04,2026-08,5,2026-08,2027-03,,,,,,
618565,REPORTED_COMPLETED_MISSING_DATE,2026-04,2026-06,3,2026-05,2025-08,,,,,,
618566,ONGOING_ACTIVE,2026-04,2026-08,5,2026-08,2027-03,,,,,,
618567,ONGOING_ACTIVE,2026-04,2026-08,5,2026-08,2028-01,,,,,,
618568,ONGOING_ACTIVE,2026-04,2026-08,5,2026-08,2027-09,,,,,,
618569,DISAPPEARED_UNRESOLVED,2026-04,2026-06,3,2026-06,2027-02,,,,,,
618570,REPORTED_COMPLETED_MISSING_DATE,2026-04,2026-06,3,2026-05,2026-04,,,,,,
618571,ONGOING_ACTIVE,2026-04,2026-08,5,2026-08,2026-12,,,,,,
618572,ONGOING_ACTIVE,2026-04,2026-08,5,2026-08,2027-11,,,,,,
618574,ONGOING_ACTIVE,2026-04,2026-08,5,2026-08,2027-06,,,,,,
618576,REPORTED_COMPLETED_MISSING_DATE,2026-04,2026-06,3,2026-05,,,,,,,
618578,REPORTED_COMPLETED_MISSING_DATE,2026-04,2026-06,3,2026-05,2026-06,,,,,,
618579,ONGOING_ACTIVE,2026-04,2026-08,5,2026-08,2026-10,,,,,,
618580,ONGOING_ACTIVE,2026-04,2026-08,5,2026-08,2026-07,,,,,,
618582,REPORTED_COMPLETED_MISSING_DATE,2026-04,2026-06,3,2026-05,,,,,,,
618583,REPORTED_COMPLETED_MISSING_DATE,2026-04,2026-06,3,2026-05,2024-05,,,,,,
618585,ONGOING_ACTIVE,2026-04,2026-08,5,2026-08,2027-11,,,,,,
618586,ONGOING_ACTIVE,2026-04,2026-08,5,2026-08,2026-10,,,,,,
618588,ONGOING_ACTIVE,2026-04,2026-08,5,2026-08,2026-10,,,,,,
618589,ONGOING_ACTIVE,2026-04,2026-08,5,2026-08,2027-03,,,,,,
618590,ONGOING_ACTIVE,2026-04,2026-08,5,2026-08,2027-03,,,,,,
618591,ONGOING_ACTIVE,2026-04,2026-08,5,2026-08,2026-12,,,,,,
618592,ONGOING_ACTIVE,2026-04,2026-08,5,2026-08,2027-10,,,,,,
618593,ONGOING_ACTIVE,2026-04,2026-08,5,2026-08,2027-11,,,,,,
618594,ONGOING_ACTIVE,2026-04,2026-08,5,2026-08,2026-09,,,,,,
618595,ONGOING_ACTIVE,2026-04,2026-08,5,2026-08,2027-03,,,,,,
618596,ONGOING_ACTIVE,2026-04,2026-08,5,2026-08,2028-01,,,,,,
618597,ONGOING_ACTIVE,2026-04,2026-08,5,2026-08,2028-03,,,,,,
618598,ONGOING_ACTIVE,2026-04,2026-08,5,2026-08,2026-09,,,,,,
618599,ONGOING_ACTIVE,2026-04,2026-08,5,2026-08,2026-09,,,,,,
618600,ONGOING_ACTIVE,2026-04,2026-08,5,2026-08,2026-09,,,,,,
618601,ONGOING_ACTIVE,2026-04,2026-08,5,2026-08,2027-06,,,,,,
618602,ONGOING_ACTIVE,2026-04,2026-08,5,2026-08,2027-06,,,,,,
618603,ONGOING_ACTIVE,2026-04,2026-08,5,2026-08,2027-05,,,,,,
618604,ONGOING_ACTIVE,2026-04,2026-08,5,2026-08,2026-12,,,,,,
618605,ONGOING_ACTIVE,2026-04,2026-08,5,2026-08,2027-05,,,,,,
618606,ONGOING_ACTIVE,2026-04,2026-08,5,2026-08,2027-03,,,,,,
618607,ONGOING_ACTIVE,2026-04,2026-08,5,2026-08,2027-03,,,,,,
618608,ONGOING_ACTIVE,2026-04,2026-08,5,2026-08,2026-12,,,,,,
618609,ONGOING_ACTIVE,2026-04,2026-08,5,2026-08,2027-05,,,,,,
618610,ONGOING_ACTIVE,2026-04,2026-08,5,2026-08,2026-09,,,,,,
618611,ONGOING_ACTIVE,2026-04,2026-08,5,2026-08,2026-09,,,,,,
618612,ONGOING_ACTIVE,2026-04,2026-08,5,2026-08,2026-09,,,,,,
618613,ONGOING_ACTIVE,2026-04,2026-08,5,2026-08,2026-09,,,,,,
618614,REPORTED_COMPLETED_MISSING_DATE,2026-04,2026-06,3,2026-05,2026-06,,,,,,
618615,ONGOING_ACTIVE,2026-04,2026-08,5,2026-08,2026-09,,,,,,
618616,ONGOING_ACTIVE,2026-04,2026-08,5,2026-08,2027-02,,,,,,
618617,ONGOING_ACTIVE,2026-04,2026-08,5,2026-08,2027-12,,,,,,
618618,ONGOING_ACTIVE,2026-04,2026-08,5,2026-08,2027-07,,,,,,
618619,ONGOING_ACTIVE,2026-04,2026-08,5,2026-08,2028-01,,,,,,
618620,ONGOING_ACTIVE,2026-04,2026-08,5,2026-08,2027-03,,,,,,
618621,ONGOING_ACTIVE,2026-04,2026-08,5,2026-08,2026-12,,,,,,
618622,ONGOING_ACTIVE,2026-04,2026-08,5,2026-08,2026-10,,,,,,
618623,ONGOING_ACTIVE,2026-04,2026-08,5,2026-08,2026-10,,,,,,
618625,REPORTED_COMPLETED_MISSING_DATE,2026-04,2026-06,3,2026-05,2026-05,,,,,,
618626,ONGOING_ACTIVE,2026-04,2026-08,5,2026-08,2027-04,,,,,,
618627,ONGOING_ACTIVE,2026-04,2026-08,5,2026-08,2027-01,,,,,,
618628,ONGOING_ACTIVE,2026-04,2026-08,5,2026-08,2027-03,,,,,,
618629,ONGOING_ACTIVE,2026-04,2026-08,5,2026-08,2026-09,,,,,,
618630,ONGOING_ACTIVE,2026-04,2026-08,5,2026-08,2026-12,,,,,,
618633,ONGOING_ACTIVE,2026-04,2026-08,5,2026-08,2028-03,,,,,,
618635,ONGOING_ACTIVE,2026-04,2026-08,5,2026-08,2027-12,,,,,,
618638,REPORTED_COMPLETED_MISSING_DATE,2026-04,2026-06,3,2026-05,2026-04,,,,,,
618639,ONGOING_ACTIVE,2026-04,2026-08,5,2026-08,2026-12,,,,,,
618640,ONGOING_ACTIVE,2026-04,2026-08,5,2026-08,2026-10,,,,,,
618641,ONGOING_ACTIVE,2026-04,2026-08,5,2026-08,2028-02,,,,,,
618642,ONGOING_ACTIVE,2026-04,2026-08,5,2026-08,2026-10,,,,,,
618644,ONGOING_ACTIVE,2026-04,2026-08,5,2026-08,2026-12,,,,,,
618645,ONGOING_ACTIVE,2026-04,2026-08,5,2026-08,2026-10,,,,,,
618646,ONGOING_ACTIVE,2026-05,2026-08,4,2026-08,2029-04,,,,,,
618647,ONGOING_ACTIVE,2026-04,2026-08,5,2026-08,2026-10,,,,,,
618648,ONGOING_ACTIVE,2026-06,2026-08,3,2026-08,2028-03,,,,,,
618649,ONGOING_ACTIVE,2026-04,2026-08,5,2026-08,2027-06,,,,,,
618650,ONGOING_ACTIVE,2026-04,2026-08,5,2026-08,2028-03,,,,,,
618651,ONGOING_ACTIVE,2026-04,2026-08,5,2026-08,2027-07,,,,,,
618652,REPORTED_COMPLETED_MISSING_DATE,2026-04,2026-06,3,2026-05,2024-02,,,,,,
618653,ONGOING_ACTIVE,2026-04,2026-08,5,2026-08,2026-12,,,,,,
618654,ONGOING_ACTIVE,2026-04,2026-08,5,2026-08,2027-03,,,,,,
618655,ONGOING_ACTIVE,2026-04,2026-08,5,2026-08,2026-09,,,,,,
618661,ONGOING_ACTIVE,2026-04,2026-08,5,2026-08,2027-11,,,,,,
618662,ONGOING_ACTIVE,2026-04,2026-08,5,2026-08,2028-03,,,,,,
618663,ONGOING_ACTIVE,2026-04,2026-08,5,2026-08,2026-12,,,,,,
618664,ONGOING_ACTIVE,2026-04,2026-08,5,2026-08,2026-12,,,,,,
618665,REPORTED_COMPLETED_MISSING_DATE,2026-04,2026-06,3,2026-05,2026-06,,,,,,
618666,ONGOING_ACTIVE,2026-04,2026-08,5,2026-08,2026-09,,,,,,
618667,ONGOING_ACTIVE,2026-04,2026-08,5,2026-08,2027-10,,,,,,
618669,ONGOING_ACTIVE,2026-04,2026-08,5,2026-08,2027-02,,,,,,
618671,ONGOING_ACTIVE,2026-04,2026-08,5,2026-08,2027-12,,,,,,
618672,ONGOING_ACTIVE,2026-04,2026-08,5,2026-08,2027-11,,,,,,
618673,ONGOING_ACTIVE,2026-04,2026-08,5,2026-08,2027-02,,,,,,
618674,ONGOING_ACTIVE,2026-04,2026-08,5,2026-08,2026-10,,,,,,
618675,ONGOING_ACTIVE,2026-04,2026-08,5,2026-08,2027-03,,,,,,
618677,ONGOING_ACTIVE,2026-04,2026-08,5,2026-08,2026-11,,,,,,
618678,ONGOING_ACTIVE,2026-04,2026-08,5,2026-08,2026-09,,,,,,
618680,REPORTED_COMPLETED_EXPLICIT_DATE,2026-04,2026-08,5,2026-07,2026-08,2026-09,-1,True,False,False,False
618682,ONGOING_ACTIVE,2026-04,2026-08,5,2026-08,2026-09,,,,,,
618684,ONGOING_ACTIVE,2026-04,2026-08,5,2026-08,2027-03,,,,,,
618685,ONGOING_ACTIVE,2026-04,2026-08,5,2026-08,2026-12,,,,,,
618686,ONGOING_ACTIVE,2026-04,2026-08,5,2026-08,2027-03,,,,,,
618687,ONGOING_ACTIVE,2026-04,2026-08,5,2026-08,2027-03,,,,,,
618688,ONGOING_ACTIVE,2026-04,2026-08,5,2026-08,2027-10,,,,,,
618690,ONGOING_ACTIVE,2026-04,2026-08,5,2026-08,2027-03,,,,,,
618692,REPORTED_COMPLETED_EXPLICIT_DATE,2026-04,2026-07,4,2026-06,2026-08,2024-12,19,False,True,True,False
618693,ONGOING_ACTIVE,2026-04,2026-08,5,2026-08,2026-10,,,,,,
618694,ONGOING_ACTIVE,2026-04,2026-08,5,2026-08,2026-09,,,,,,
618695,REPORTED_COMPLETED_MISSING_DATE,2026-04,2026-06,3,2026-05,2026-06,,,,,,
618697,ONGOING_ACTIVE,2026-04,2026-08,5,2026-08,2027-11,,,,,,
618698,REPORTED_COMPLETED_MISSING_DATE,2026-04,2026-06,3,2026-05,2025-06,,,,,,
618699,REPORTED_COMPLETED_MISSING_DATE,2026-04,2026-06,3,2026-05,,,,,,,
618700,ONGOING_ACTIVE,2026-04,2026-08,5,2026-08,2026-09,,,,,,
618701,REPORTED_COMPLETED_MISSING_DATE,2026-04,2026-06,3,2026-05,2024-04,,,,,,
618702,ONGOING_ACTIVE,2026-04,2026-08,5,2026-08,2027-04,,,,,,
618704,ONGOING_ACTIVE,2026-04,2026-08,5,2026-08,2026-09,,,,,,
618705,ONGOING_ACTIVE,2026-04,2026-08,5,2026-08,2028-02,,,,,,
618706,ONGOING_ACTIVE,2026-04,2026-08,5,2026-08,2026-09,,,,,,
618707,ONGOING_ACTIVE,2026-04,2026-08,5,2026-08,2028-05,,,,,,
618708,ONGOING_ACTIVE,2026-04,2026-08,5,2026-08,2027-03,,,,,,
618709,ONGOING_ACTIVE,2026-04,2026-08,5,2026-08,2028-04,,,,,,
618710,ONGOING_ACTIVE,2026-04,2026-08,5,2026-08,2026-09,,,,,,
618712,ONGOING_ACTIVE,2026-04,2026-08,5,2026-08,2027-03,,,,,,
618713,ONGOING_ACTIVE,2026-04,2026-08,5,2026-08,2027-11,,,,,,
618714,ONGOING_ACTIVE,2026-04,2026-08,5,2026-08,2027-06,,,,,,
618715,ONGOING_ACTIVE,2026-04,2026-08,5,2026-08,2027-04,,,,,,
618716,ONGOING_ACTIVE,2026-04,2026-08,5,2026-08,2027-03,,,,,,
618717,ONGOING_ACTIVE,2026-04,2026-08,5,2026-08,2027-02,,,,,,
618718,ONGOING_ACTIVE,2026-04,2026-08,5,2026-08,2027-12,,,,,,
618719,ONGOING_ACTIVE,2026-04,2026-08,5,2026-08,2027-07,,,,,,
618720,ONGOING_ACTIVE,2026-04,2026-08,5,2026-08,2027-04,,,,,,
618721,ONGOING_ACTIVE,2026-04,2026-08,5,2026-08,2027-08,,,,,,
618722,ONGOING_ACTIVE,2026-04,2026-08,5,2026-08,2027-03,,,,,,
618725,ONGOING_ACTIVE,2026-04,2026-08,5,2026-08,2027-09,,,,,,
618726,ONGOING_ACTIVE,2026-04,2026-08,5,2026-08,2027-10,,,,,,
618727,ONGOING_ACTIVE,2026-04,2026-08,5,2026-08,2027-10,,,,,,
618729,ONGOING_ACTIVE,2026-06,2026-08,3,2026-08,2028-07,,,,,,
618730,ONGOING_ACTIVE,2026-05,2026-08,4,2026-08,2028-05,,,,,,
618731,ONGOING_ACTIVE,2026-07,2026-08,2,2026-08,2028-07,,,,,,
618733,ONGOING_ACTIVE,2026-06,2026-08,3,2026-08,2028-07,,,,,,
618735,ONGOING_ACTIVE,2026-04,2026-08,5,2026-08,2027-03,,,,,,
618736,ONGOING_ACTIVE,2026-04,2026-08,5,2026-08,2027-03,,,,,,
618737,ONGOING_ACTIVE,2026-04,2026-08,5,2026-08,2027-12,,,,,,
618738,ONGOING_ACTIVE,2026-04,2026-08,5,2026-08,2029-03,,,,,,
618739,ONGOING_ACTIVE,2026-04,2026-08,5,2026-08,2027-07,,,,,,
618740,ONGOING_ACTIVE,2026-04,2026-08,5,2026-08,2027-11,,,,,,
618741,ONGOING_ACTIVE,2026-04,2026-08,5,2026-08,2028-03,,,,,,
618742,ONGOING_ACTIVE,2026-04,2026-08,5,2026-08,2028-04,,,,,,
618743,REPORTED_COMPLETED_MISSING_DATE,2026-04,2026-06,3,2026-05,,,,,,,
618744,ONGOING_ACTIVE,2026-04,2026-08,5,2026-08,2026-10,,,,,,
618745,REPORTED_COMPLETED_MISSING_DATE,2026-04,2026-06,3,2026-05,2026-06,,,,,,
618746,ONGOING_ACTIVE,2026-04,2026-08,5,2026-08,2026-10,,,,,,
618748,REPORTED_COMPLETED_MISSING_DATE,2026-04,2026-06,3,2026-05,2025-05,,,,,,
618749,REPORTED_COMPLETED_EXPLICIT_DATE,2026-04,2026-07,4,2026-06,2026-07,2026-05,2,False,True,True,False
618751,ONGOING_ACTIVE,2026-04,2026-08,5,2026-08,2027-03,,,,,,
618754,ONGOING_ACTIVE,2026-04,2026-08,5,2026-08,2027-06,,,,,,
618756,ONGOING_ACTIVE,2026-04,2026-08,5,2026-08,2026-09,,,,,,
618757,ONGOING_ACTIVE,2026-04,2026-08,5,2026-08,2027-06,,,,,,
618758,ONGOING_ACTIVE,2026-04,2026-08,5,2026-08,2026-09,,,,,,
618759,ONGOING_ACTIVE,2026-04,2026-08,5,2026-08,2026-12,,,,,,
618761,ONGOING_ACTIVE,2026-04,2026-08,5,2026-08,2026-09,,,,,,
618762,ONGOING_ACTIVE,2026-04,2026-08,5,2026-08,2026-12,,,,,,
618764,ONGOING_ACTIVE,2026-04,2026-08,5,2026-08,2026-12,,,,,,
618765,ONGOING_ACTIVE,2026-04,2026-08,5,2026-08,2026-09,,,,,,
618766,ONGOING_ACTIVE,2026-04,2026-08,5,2026-08,2027-04,,,,,,
618768,ONGOING_ACTIVE,2026-04,2026-08,5,2026-08,2028-11,,,,,,
618770,REPORTED_COMPLETED_MISSING_DATE,2026-04,2026-06,3,2026-05,2025-03,,,,,,
618773,REPORTED_COMPLETED_MISSING_DATE,2026-04,2026-06,3,2026-05,,,,,,,
618774,REPORTED_COMPLETED_MISSING_DATE,2026-04,2026-06,3,2026-05,2025-11,,,,,,
618775,ONGOING_ACTIVE,2026-04,2026-08,5,2026-08,2027-04,,,,,,
618776,ONGOING_ACTIVE,2026-04,2026-08,5,2026-08,2026-09,,,,,,
618777,ONGOING_ACTIVE,2026-04,2026-08,5,2026-08,2026-09,,,,,,
618778,ONGOING_ACTIVE,2026-04,2026-08,5,2026-08,2026-09,,,,,,
618779,REPORTED_COMPLETED_MISSING_DATE,2026-04,2026-06,3,2026-05,2026-06,,,,,,
618782,ONGOING_ACTIVE,2026-04,2026-08,5,2026-08,2027-03,,,,,,
618784,ONGOING_ACTIVE,2026-04,2026-08,5,2026-08,2027-01,,,,,,
618785,ONGOING_ACTIVE,2026-04,2026-08,5,2026-08,2026-12,,,,,,
618786,ONGOING_ACTIVE,2026-04,2026-08,5,2026-08,2027-07,,,,,,
618787,ONGOING_ACTIVE,2026-04,2026-08,5,2026-08,2027-03,,,,,,
618788,ONGOING_ACTIVE,2026-04,2026-08,5,2026-08,2026-09,,,,,,
618790,ONGOING_ACTIVE,2026-04,2026-08,5,2026-08,2027-09,,,,,,
618791,ONGOING_ACTIVE,2026-04,2026-08,5,2026-08,2027-12,,,,,,
618792,ONGOING_ACTIVE,2026-04,2026-08,5,2026-08,2026-11,,,,,,
618793,ONGOING_ACTIVE,2026-04,2026-08,5,2026-08,2027-08,,,,,,
618794,ONGOING_ACTIVE,2026-04,2026-08,5,2026-08,2026-10,,,,,,
618795,ONGOING_ACTIVE,2026-04,2026-08,5,2026-08,2026-12,,,,,,
618796,ONGOING_ACTIVE,2026-04,2026-08,5,2026-08,2026-09,,,,,,
618797,ONGOING_ACTIVE,2026-04,2026-08,5,2026-08,2027-12,,,,,,
618798,ONGOING_ACTIVE,2026-04,2026-08,5,2026-08,2026-12,,,,,,
618799,ONGOING_ACTIVE,2026-04,2026-08,5,2026-08,2026-11,,,,,,
618800,ONGOING_ACTIVE,2026-04,2026-08,5,2026-08,2029-03,,,,,,
618801,ONGOING_ACTIVE,2026-04,2026-08,5,2026-08,2029-03,,,,,,
618803,ONGOING_ACTIVE,2026-04,2026-08,5,2026-08,2026-12,,,,,,
618804,ONGOING_ACTIVE,2026-04,2026-08,5,2026-08,2027-03,,,,,,
618805,ONGOING_ACTIVE,2026-04,2026-08,5,2026-08,2028-02,,,,,,
618806,ONGOING_ACTIVE,2026-04,2026-08,5,2026-08,2026-12,,,,,,
618807,ONGOING_ACTIVE,2026-04,2026-08,5,2026-08,2027-01,,,,,,
618808,ONGOING_ACTIVE,2026-04,2026-08,5,2026-08,2027-12,,,,,,
618809,ONGOING_ACTIVE,2026-04,2026-08,5,2026-08,2027-05,,,,,,
618810,ONGOING_ACTIVE,2026-04,2026-08,5,2026-08,2027-03,,,,,,
618811,ONGOING_ACTIVE,2026-04,2026-08,5,2026-08,2028-01,,,,,,
618812,ONGOING_ACTIVE,2026-04,2026-08,5,2026-08,2027-12,,,,,,
618813,ONGOING_ACTIVE,2026-04,2026-08,5,2026-08,2027-10,,,,,,
618814,ONGOING_ACTIVE,2026-04,2026-08,4,2026-08,2028-05,,,,,,
618815,ONGOING_ACTIVE,2026-04,2026-08,5,2026-08,2027-03,,,,,,
618816,ONGOING_ACTIVE,2026-05,2026-08,4,2026-08,2028-02,,,,,,
618817,ONGOING_ACTIVE,2026-04,2026-08,5,2026-08,2027-06,,,,,,
618819,REPORTED_COMPLETED_MISSING_DATE,2026-04,2026-06,3,2026-05,2022-07,,,,,,
618820,ONGOING_ACTIVE,2026-04,2026-08,5,2026-08,2027-03,,,,,,
618821,ONGOING_ACTIVE,2026-04,2026-08,5,2026-08,2026-11,,,,,,
618822,ONGOING_ACTIVE,2026-04,2026-08,5,2026-08,2027-01,,,,,,
618823,ONGOING_ACTIVE,2026-04,2026-08,5,2026-08,2027-10,,,,,,
618824,ONGOING_ACTIVE,2026-04,2026-08,5,2026-08,2027-06,,,,,,
618825,ONGOING_ACTIVE,2026-04,2026-08,5,2026-08,2026-09,,,,,,
618826,ONGOING_ACTIVE,2026-04,2026-08,5,2026-08,2026-10,,,,,,
618827,ONGOING_ACTIVE,2026-04,2026-08,5,2026-08,2026-12,,,,,,
618829,REPORTED_COMPLETED_MISSING_DATE,2026-04,2026-06,3,2026-05,,,,,,,
618830,ONGOING_ACTIVE,2026-04,2026-08,5,2026-08,2027-03,,,,,,
618831,ONGOING_ACTIVE,2026-04,2026-08,5,2026-08,2027-03,,,,,,
618832,ONGOING_ACTIVE,2026-04,2026-08,5,2026-08,2028-01,,,,,,
618833,REPORTED_COMPLETED_EXPLICIT_DATE,2026-04,2026-07,4,2026-06,2026-07,2026-05,2,False,True,True,False
618834,REPORTED_COMPLETED_MISSING_DATE,2026-04,2026-06,3,2026-05,2025-04,,,,,,
618835,REPORTED_COMPLETED_MISSING_DATE,2026-04,2026-06,3,2026-05,,,,,,,
618836,ONGOING_ACTIVE,2026-04,2026-08,5,2026-08,2027-01,,,,,,
618837,ONGOING_ACTIVE,2026-04,2026-08,5,2026-08,2027-01,,,,,,
618838,ONGOING_ACTIVE,2026-04,2026-08,5,2026-08,2026-09,,,,,,
618839,REPORTED_COMPLETED_MISSING_DATE,2026-04,2026-06,3,2026-05,2026-04,,,,,,
618840,ONGOING_ACTIVE,2026-04,2026-08,5,2026-08,2026-12,,,,,,
618841,ONGOING_ACTIVE,2026-04,2026-08,5,2026-08,2026-10,,,,,,
618842,ONGOING_ACTIVE,2026-06,2026-08,3,2026-08,2026-12,,,,,,
618843,ONGOING_ACTIVE,2026-04,2026-08,5,2026-08,2027-03,,,,,,
618846,ONGOING_ACTIVE,2026-04,2026-08,5,2026-08,2026-10,,,,,,
618848,ONGOING_ACTIVE,2026-04,2026-08,5,2026-08,2027-09,,,,,,
618849,REPORTED_COMPLETED_MISSING_DATE,2026-04,2026-06,3,2026-05,2026-05,,,,,,
618850,ONGOING_ACTIVE,2026-04,2026-08,5,2026-08,2026-09,,,,,,
618851,ONGOING_ACTIVE,2026-04,2026-08,5,2026-08,2027-03,,,,,,
618852,ONGOING_ACTIVE,2026-04,2026-08,5,2026-08,2026-09,,,,,,
618853,ONGOING_ACTIVE,2026-04,2026-08,5,2026-08,2026-11,,,,,,
618854,REPORTED_COMPLETED_MISSING_DATE,2026-04,2026-06,3,2026-05,2025-06,,,,,,
618855,REPORTED_COMPLETED_MISSING_DATE,2026-04,2026-06,3,2026-05,2026-04,,,,,,
618856,ONGOING_ACTIVE,2026-04,2026-08,5,2026-08,2027-03,,,,,,
618858,ONGOING_ACTIVE,2026-04,2026-08,5,2026-08,2027-03,,,,,,
618859,ONGOING_ACTIVE,2026-04,2026-08,5,2026-08,2026-09,,,,,,
618861,ONGOING_ACTIVE,2026-04,2026-08,5,2026-08,2026-09,,,,,,
618862,ONGOING_ACTIVE,2026-04,2026-08,5,2026-08,2026-09,,,,,,
618863,ONGOING_ACTIVE,2026-04,2026-08,5,2026-08,2026-09,,,,,,
618864,REPORTED_COMPLETED_MISSING_DATE,2026-04,2026-06,3,2026-05,2026-07,,,,,,
618865,REPORTED_COMPLETED_MISSING_DATE,2026-04,2026-06,3,2026-05,,,,,,,
618866,ONGOING_ACTIVE,2026-04,2026-08,5,2026-08,2027-11,,,,,,
618867,ONGOING_ACTIVE,2026-04,2026-08,5,2026-08,2027-12,,,,,,
618868,ONGOING_ACTIVE,2026-04,2026-08,5,2026-08,2026-12,,,,,,
618869,ONGOING_ACTIVE,2026-04,2026-08,5,2026-08,2028-06,,,,,,
618870,ONGOING_ACTIVE,2026-04,2026-08,5,2026-08,2028-02,,,,,,
618871,ONGOING_ACTIVE,2026-04,2026-08,5,2026-08,2028-05,,,,,,
618872,ONGOING_ACTIVE,2026-04,2026-08,5,2026-08,2028-04,,,,,,
618873,ONGOING_ACTIVE,2026-04,2026-08,5,2026-08,2028-04,,,,,,
618874,REPORTED_COMPLETED_MISSING_DATE,2026-04,2026-06,3,2026-05,2026-06,,,,,,
618875,ONGOING_ACTIVE,2026-04,2026-08,5,2026-08,2026-12,,,,,,
618878,ONGOING_ACTIVE,2026-04,2026-08,5,2026-08,2026-09,,,,,,
618879,ONGOING_ACTIVE,2026-04,2026-08,5,2026-08,2026-11,,,,,,
618880,ONGOING_ACTIVE,2026-04,2026-08,5,2026-08,2027-04,,,,,,
618881,ONGOING_ACTIVE,2026-04,2026-08,5,2026-08,2027-09,,,,,,
618883,REPORTED_COMPLETED_EXPLICIT_DATE,2026-04,2026-08,5,2026-07,2026-08,2026-06,2,False,True,True,False
618884,ONGOING_ACTIVE,2026-04,2026-08,5,2026-08,2026-09,,,,,,
618885,ONGOING_ACTIVE,2026-04,2026-08,5,2026-08,2026-11,,,,,,
618887,ONGOING_ACTIVE,2026-04,2026-08,5,2026-08,2027-03,,,,,,
618888,ONGOING_ACTIVE,2026-04,2026-08,5,2026-08,2026-12,,,,,,
618889,ONGOING_ACTIVE,2026-04,2026-08,5,2026-08,2026-12,,,,,,
618890,ONGOING_ACTIVE,2026-04,2026-08,5,2026-08,2026-12,,,,,,
618891,ONGOING_ACTIVE,2026-04,2026-08,5,2026-08,2027-09,,,,,,
618892,ONGOING_ACTIVE,2026-06,2026-08,3,2026-08,2028-06,,,,,,
618893,REPORTED_COMPLETED_EXPLICIT_DATE,2026-04,2026-08,5,2026-07,2026-08,2024-12,20,False,True,True,False
618894,ONGOING_ACTIVE,2026-04,2026-08,5,2026-08,2026-09,,,,,,
618895,ONGOING_ACTIVE,2026-04,2026-08,5,2026-08,2026-09,,,,,,
618896,ONGOING_ACTIVE,2026-04,2026-08,5,2026-08,2027-04,,,,,,
618897,REPORTED_COMPLETED_MISSING_DATE,2026-04,2026-06,3,2026-05,2026-04,,,,,,
618898,ONGOING_ACTIVE,2026-04,2026-08,5,2026-08,2027-06,,,,,,
618899,ONGOING_ACTIVE,2026-04,2026-08,5,2026-08,2026-09,,,,,,
618901,ONGOING_ACTIVE,2026-04,2026-08,5,2026-08,2027-05,,,,,,
618902,ONGOING_ACTIVE,2026-04,2026-08,5,2026-08,2026-12,,,,,,
618903,ONGOING_ACTIVE,2026-04,2026-08,5,2026-08,2026-09,,,,,,
618904,DISAPPEARED_UNRESOLVED,2026-04,2026-06,3,2026-06,2026-04,,,,,,
618905,ONGOING_ACTIVE,2026-04,2026-08,5,2026-08,2026-10,,,,,,
618906,ONGOING_ACTIVE,2026-04,2026-08,5,2026-08,2027-03,,,,,,
618908,ONGOING_ACTIVE,2026-04,2026-08,5,2026-08,2027-09,,,,,,
618910,DISAPPEARED_UNRESOLVED,2026-04,2026-06,3,2026-06,2026-09,,,,,,
618911,ONGOING_ACTIVE,2026-04,2026-08,5,2026-08,2027-02,,,,,,
618913,REPORTED_COMPLETED_MISSING_DATE,2026-04,2026-06,3,2026-05,2024-12,,,,,,
618914,ONGOING_ACTIVE,2026-04,2026-08,5,2026-08,2027-08,,,,,,
618915,REPORTED_COMPLETED_MISSING_DATE,2026-04,2026-06,3,2026-05,2025-05,,,,,,
618916,REPORTED_COMPLETED_MISSING_DATE,2026-04,2026-06,3,2026-05,2025-05,,,,,,
618917,ONGOING_ACTIVE,2026-04,2026-08,5,2026-08,2026-09,,,,,,
618919,REPORTED_COMPLETED_MISSING_DATE,2026-04,2026-06,3,2026-05,,,,,,,
618920,ONGOING_ACTIVE,2026-04,2026-08,5,2026-08,2027-03,,,,,,
618921,ONGOING_ACTIVE,2026-04,2026-08,5,2026-08,2027-07,,,,,,
618922,ONGOING_ACTIVE,2026-04,2026-08,5,2026-08,2027-12,,,,,,
618923,ONGOING_ACTIVE,2026-04,2026-08,5,2026-08,2026-12,,,,,,
618924,ONGOING_ACTIVE,2026-04,2026-08,5,2026-08,2026-10,,,,,,
618925,ONGOING_ACTIVE,2026-04,2026-08,5,2026-08,2026-09,,,,,,
618926,ONGOING_ACTIVE,2026-04,2026-08,5,2026-08,2028-11,,,,,,
618927,ONGOING_ACTIVE,2026-04,2026-08,5,2026-08,2027-06,,,,,,
618929,ONGOING_ACTIVE,2026-04,2026-08,5,2026-08,2026-12,,,,,,
618930,ONGOING_ACTIVE,2026-04,2026-08,5,2026-08,2027-11,,,,,,
618931,ONGOING_ACTIVE,2026-04,2026-08,5,2026-08,2027-11,,,,,,
618932,ONGOING_ACTIVE,2026-04,2026-08,5,2026-08,2027-12,,,,,,
618933,ONGOING_ACTIVE,2026-04,2026-08,5,2026-08,2028-02,,,,,,
618934,ONGOING_ACTIVE,2026-04,2026-08,5,2026-08,2030-01,,,,,,
618936,ONGOING_ACTIVE,2026-04,2026-08,5,2026-08,2027-03,,,,,,
618937,ONGOING_ACTIVE,2026-04,2026-08,5,2026-08,2027-03,,,,,,
618939,ONGOING_ACTIVE,2026-04,2026-08,5,2026-08,2027-07,,,,,,
618943,REPORTED_COMPLETED_MISSING_DATE,2026-04,2026-06,3,2026-05,2026-06,,,,,,
618944,ONGOING_ACTIVE,2026-04,2026-08,5,2026-08,2027-05,,,,,,
618945,ONGOING_ACTIVE,2026-04,2026-08,5,2026-08,2026-09,,,,,,
618946,REPORTED_COMPLETED_MISSING_DATE,2026-04,2026-06,3,2026-05,2026-06,,,,,,
618947,ONGOING_ACTIVE,2026-04,2026-08,5,2026-08,2026-10,,,,,,
618949,ONGOING_ACTIVE,2026-04,2026-08,5,2026-08,2026-09,,,,,,
618950,ONGOING_ACTIVE,2026-04,2026-08,5,2026-08,2028-01,,,,,,
618953,ONGOING_ACTIVE,2026-04,2026-08,5,2026-08,2027-03,,,,,,
618954,ONGOING_ACTIVE,2026-04,2026-08,5,2026-08,2027-07,,,,,,
618955,ONGOING_ACTIVE,2026-04,2026-08,5,2026-08,2026-09,,,,,,
618956,ONGOING_ACTIVE,2026-04,2026-08,5,2026-08,2028-03,,,,,,
618957,ONGOING_ACTIVE,2026-04,2026-08,5,2026-08,2026-10,,,,,,
618958,ONGOING_ACTIVE,2026-04,2026-08,5,2026-08,2027-12,,,,,,
618959,REPORTED_COMPLETED_MISSING_DATE,2026-04,2026-06,3,2026-05,,,,,,,
618960,ONGOING_ACTIVE,2026-04,2026-08,5,2026-08,2027-06,,,,,,
618961,ONGOING_ACTIVE,2026-04,2026-08,5,2026-08,2027-12,,,,,,
618962,ONGOING_ACTIVE,2026-04,2026-08,5,2026-08,2027-08,,,,,,
618963,ONGOING_ACTIVE,2026-04,2026-08,5,2026-08,2027-03,,,,,,
618964,ONGOING_ACTIVE,2026-04,2026-08,5,2026-08,2028-01,,,,,,
618966,ONGOING_ACTIVE,2026-04,2026-08,5,2026-08,2027-08,,,,,,
618967,ONGOING_ACTIVE,2026-04,2026-08,5,2026-08,2027-03,,,,,,
618968,ONGOING_ACTIVE,2026-04,2026-08,5,2026-08,2026-09,,,,,,
618970,ONGOING_ACTIVE,2026-04,2026-08,5,2026-08,2026-08,,,,,,
618971,ONGOING_ACTIVE,2026-04,2026-08,5,2026-08,,,,,,,
618972,DISAPPEARED_UNRESOLVED,2026-04,2026-06,3,2026-06,,,,,,,
618976,ONGOING_ACTIVE,2026-04,2026-08,5,2026-08,2030-03,,,,,,
618977,ONGOING_ACTIVE,2026-04,2026-08,5,2026-08,2027-11,,,,,,
618981,ONGOING_ACTIVE,2026-04,2026-08,5,2026-08,,,,,,,
618982,ONGOING_ACTIVE,2026-04,2026-08,5,2026-08,2026-12,,,,,,
618985,ONGOING_ACTIVE,2026-04,2026-08,5,2026-08,,,,,,,
618986,DISAPPEARED_UNRESOLVED,2026-04,2026-06,3,2026-06,,,,,,,
618991,ONGOING_ACTIVE,2026-04,2026-08,5,2026-08,,,,,,,
618992,ONGOING_ACTIVE,2026-04,2026-08,5,2026-08,,,,,,,
618995,DISAPPEARED_UNRESOLVED,2026-04,2026-06,3,2026-06,,,,,,,
619003,ONGOING_ACTIVE,2026-04,2026-08,5,2026-08,2026-11,,,,,,
619004,ONGOING_ACTIVE,2026-04,2026-08,5,2026-08,2027-12,,,,,,
619005,ONGOING_ACTIVE,2026-04,2026-08,5,2026-08,2028-01,,,,,,
619007,ONGOING_ACTIVE,2026-04,2026-08,5,2026-08,2028-01,,,,,,
619008,ONGOING_ACTIVE,2026-04,2026-08,5,2026-08,2027-07,,,,,,
619009,ONGOING_ACTIVE,2026-04,2026-08,5,2026-08,2028-03,,,,,,
619010,ONGOING_ACTIVE,2026-04,2026-08,5,2026-08,2026-07,,,,,,
619013,ONGOING_ACTIVE,2026-04,2026-08,5,2026-08,2026-10,,,,,,
619014,ONGOING_ACTIVE,2026-04,2026-08,5,2026-08,2028-02,,,,,,
619022,ONGOING_ACTIVE,2026-04,2026-08,5,2026-08,,,,,,,
619024,ONGOING_ACTIVE,2026-04,2026-08,5,2026-08,,,,,,,
619025,ONGOING_ACTIVE,2026-04,2026-08,5,2026-08,,,,,,,
619026,ONGOING_ACTIVE,2026-04,2026-08,5,2026-08,,,,,,,
619027,ONGOING_ACTIVE,2026-04,2026-08,5,2026-08,,,,,,,
619028,ONGOING_ACTIVE,2026-04,2026-08,5,2026-08,2027-12,,,,,,
619029,ONGOING_ACTIVE,2026-04,2026-08,5,2026-08,2026-12,,,,,,
619031,ONGOING_ACTIVE,2026-04,2026-08,5,2026-08,,,,,,,
619032,ONGOING_ACTIVE,2026-04,2026-08,5,2026-08,,,,,,,
619033,ONGOING_ACTIVE,2026-04,2026-08,5,2026-08,2027-08,,,,,,
619038,ONGOING_ACTIVE,2026-04,2026-08,5,2026-08,2026-03,,,,,,
619039,ONGOING_ACTIVE,2026-06,2026-08,3,2026-08,,,,,,,
619042,ONGOING_ACTIVE,2026-04,2026-08,5,2026-08,2023-02,,,,,,
619043,ONGOING_ACTIVE,2026-07,2026-08,2,2026-08,2027-10,,,,,,
619045,ONGOING_ACTIVE,2026-04,2026-08,5,2026-08,2029-03,,,,,,
619046,ONGOING_ACTIVE,2026-08,2026-08,1,2026-08,2028-08,,,,,,
619049,ONGOING_ACTIVE,2026-04,2026-08,5,2026-08,2027-03,,,,,,
619051,ONGOING_ACTIVE,2026-04,2026-08,5,2026-08,2030-07,,,,,,
619052,ONGOING_ACTIVE,2026-04,2026-08,5,2026-08,,,,,,,
619053,ONGOING_ACTIVE,2026-04,2026-08,5,2026-08,,,,,,,
619054,ONGOING_ACTIVE,2026-04,2026-08,5,2026-08,,,,,,,
619055,ONGOING_ACTIVE,2026-04,2026-08,5,2026-08,,,,,,,
619056,ONGOING_ACTIVE,2026-04,2026-08,5,2026-08,2031-01,,,,,,
619057,ONGOING_ACTIVE,2026-04,2026-08,5,2026-08,2027-03,,,,,,
619059,ONGOING_ACTIVE,2026-04,2026-08,5,2026-08,2026-12,,,,,,
619060,ONGOING_ACTIVE,2026-04,2026-08,5,2026-08,2026-10,,,,,,
619061,ONGOING_ACTIVE,2026-05,2026-08,4,2026-08,2028-05,,,,,,
619063,REPORTED_COMPLETED_MISSING_DATE,2026-04,2026-06,3,2026-05,2026-06,,,,,,
619065,ONGOING_ACTIVE,2026-06,2026-08,3,2026-08,2026-09,,,,,,
619067,REPORTED_COMPLETED_MISSING_DATE,2026-04,2026-06,3,2026-05,2026-06,,,,,,
619069,ONGOING_ACTIVE,2026-04,2026-08,5,2026-08,2026-12,,,,,,
619070,REPORTED_COMPLETED_MISSING_DATE,2026-04,2026-05,2,2026-04,2026-06,,,,,,
619071,ONGOING_ACTIVE,2026-04,2026-08,5,2026-08,2027-03,,,,,,
619072,ONGOING_ACTIVE,2026-04,2026-08,5,2026-08,2026-11,,,,,,
619073,ONGOING_ACTIVE,2026-04,2026-08,5,2026-08,2026-09,,,,,,
619074,ONGOING_ACTIVE,2026-04,2026-08,5,2026-08,2026-09,,,,,,
619075,REPORTED_COMPLETED_MISSING_DATE,2026-04,2026-06,3,2026-05,2026-05,,,,,,
619076,ONGOING_ACTIVE,2026-04,2026-08,5,2026-08,2026-09,,,,,,
619080,ONGOING_ACTIVE,2026-04,2026-08,5,2026-08,2026-09,,,,,,
619083,REPORTED_COMPLETED_MISSING_DATE,2026-04,2026-06,3,2026-05,2026-08,,,,,,
619084,REPORTED_COMPLETED_MISSING_DATE,2026-04,2026-06,3,2026-05,2026-10,,,,,,
619086,ONGOING_ACTIVE,2026-04,2026-08,5,2026-08,2026-10,,,,,,
619087,ONGOING_ACTIVE,2026-04,2026-08,5,2026-08,2027-01,,,,,,
619089,ONGOING_ACTIVE,2026-04,2026-08,5,2026-08,2026-09,,,,,,
619090,REPORTED_COMPLETED_EXPLICIT_DATE,2026-04,2026-08,5,2026-07,2026-08,2025-08,12,False,True,True,False
619092,ONGOING_ACTIVE,2026-04,2026-08,5,2026-08,2026-07,,,,,,
619094,ONGOING_ACTIVE,2026-04,2026-08,5,2026-08,2026-12,,,,,,
619095,ONGOING_ACTIVE,2026-04,2026-08,5,2026-08,2026-09,,,,,,
619096,ONGOING_ACTIVE,2026-04,2026-08,5,2026-08,2026-12,,,,,,
619098,ONGOING_ACTIVE,2026-04,2026-08,5,2026-08,2026-09,,,,,,
619099,ONGOING_ACTIVE,2026-04,2026-08,5,2026-08,2027-06,,,,,,
619100,ONGOING_ACTIVE,2026-04,2026-08,5,2026-08,2026-10,,,,,,
619102,ONGOING_ACTIVE,2026-04,2026-08,5,2026-08,2028-03,,,,,,
619103,ONGOING_ACTIVE,2026-04,2026-08,5,2026-08,2026-09,,,,,,
619105,ONGOING_ACTIVE,2026-04,2026-08,5,2026-08,2027-09,,,,,,
619106,ONGOING_ACTIVE,2026-04,2026-08,5,2026-08,2027-08,,,,,,
619107,ONGOING_ACTIVE,2026-04,2026-08,5,2026-08,2028-04,,,,,,
619108,ONGOING_ACTIVE,2026-04,2026-08,5,2026-08,2027-11,,,,,,
619109,ONGOING_ACTIVE,2026-04,2026-08,5,2026-08,2026-09,,,,,,
619111,ONGOING_ACTIVE,2026-04,2026-08,5,2026-08,2026-09,,,,,,
619112,ONGOING_ACTIVE,2026-04,2026-08,5,2026-08,2027-03,,,,,,
619113,REPORTED_COMPLETED_EXPLICIT_DATE,2026-06,2026-07,2,2026-06,2026-02,2026-02,5,False,True,False,False
619114,ONGOING_ACTIVE,2026-04,2026-08,5,2026-08,2027-06,,,,,,
619117,ONGOING_ACTIVE,2026-04,2026-08,5,2026-08,2026-09,,,,,,
619118,ONGOING_ACTIVE,2026-04,2026-08,5,2026-08,2026-09,,,,,,
619119,ONGOING_ACTIVE,2026-04,2026-08,5,2026-08,2026-12,,,,,,
619120,ONGOING_ACTIVE,2026-04,2026-08,5,2026-08,2026-09,,,,,,
619121,REPORTED_COMPLETED_MISSING_DATE,2026-04,2026-06,3,2026-05,2026-05,,,,,,
619123,ONGOING_ACTIVE,2026-04,2026-08,5,2026-08,2027-07,,,,,,
619124,ONGOING_ACTIVE,2026-04,2026-08,5,2026-08,2027-05,,,,,,
619125,ONGOING_ACTIVE,2026-04,2026-08,5,2026-08,2027-10,,,,,,
619126,ONGOING_ACTIVE,2026-04,2026-08,5,2026-08,2027-04,,,,,,
619127,ONGOING_ACTIVE,2026-04,2026-08,5,2026-08,2028-03,,,,,,
619128,ONGOING_ACTIVE,2026-04,2026-08,5,2026-08,2026-08,,,,,,
619129,ONGOING_ACTIVE,2026-04,2026-08,5,2026-08,2027-01,,,,,,
619130,ONGOING_ACTIVE,2026-04,2026-08,5,2026-08,2027-03,,,,,,
619131,ONGOING_ACTIVE,2026-04,2026-08,5,2026-08,2026-08,,,,,,
619132,ONGOING_ACTIVE,2026-04,2026-08,5,2026-08,2026-09,,,,,,
619136,ONGOING_ACTIVE,2026-04,2026-08,5,2026-08,2026-09,,,,,,
619137,REPORTED_COMPLETED_MISSING_DATE,2026-04,2026-05,2,2026-04,2026-05,,,,,,
619138,ONGOING_ACTIVE,2026-04,2026-08,5,2026-08,2028-03,,,,,,
619139,ONGOING_ACTIVE,2026-04,2026-08,5,2026-08,2029-03,,,,,,
619140,ONGOING_ACTIVE,2026-04,2026-08,5,2026-08,2027-09,,,,,,
619141,ONGOING_ACTIVE,2026-04,2026-08,5,2026-08,2026-03,,,,,,
619142,ONGOING_ACTIVE,2026-04,2026-08,5,2026-08,2027-04,,,,,,
619144,REPORTED_COMPLETED_MISSING_DATE,2026-04,2026-06,3,2026-05,2026-06,,,,,,
619145,ONGOING_ACTIVE,2026-04,2026-08,5,2026-08,2025-03,,,,,,
619146,REPORTED_COMPLETED_EXPLICIT_DATE,2026-04,2026-07,4,2026-06,2026-07,2026-06,1,False,False,True,True
619147,REPORTED_COMPLETED_MISSING_DATE,2026-04,2026-06,3,2026-05,2026-01,,,,,,
619148,REPORTED_COMPLETED_MISSING_DATE,2026-04,2026-06,3,2026-05,,,,,,,
619149,ONGOING_ACTIVE,2026-04,2026-08,5,2026-08,2026-11,,,,,,
619150,ONGOING_ACTIVE,2026-04,2026-08,5,2026-08,2026-09,,,,,,
619152,ONGOING_ACTIVE,2026-04,2026-08,5,2026-08,2026-09,,,,,,
619153,ONGOING_ACTIVE,2026-04,2026-08,5,2026-08,2026-12,,,,,,
619155,ONGOING_ACTIVE,2026-04,2026-08,5,2026-08,2026-11,,,,,,
619156,ONGOING_ACTIVE,2026-05,2026-08,4,2026-08,2028-05,,,,,,
619157,REPORTED_COMPLETED_EXPLICIT_DATE,2026-04,2026-08,5,2026-07,2026-10,2026-04,4,False,True,True,False
619158,ONGOING_ACTIVE,2026-04,2026-08,5,2026-08,2026-12,,,,,,
619160,ONGOING_ACTIVE,2026-04,2026-08,5,2026-08,2026-01,,,,,,
619161,ONGOING_ACTIVE,2026-04,2026-08,5,2026-08,2027-03,,,,,,
619162,REPORTED_COMPLETED_EXPLICIT_DATE,2026-04,2026-08,5,2026-07,2026-08,2026-03,5,False,True,True,False
619163,ONGOING_ACTIVE,2026-04,2026-08,5,2026-08,2026-12,,,,,,
619164,ONGOING_ACTIVE,2026-04,2026-08,5,2026-08,2027-03,,,,,,
619165,REPORTED_COMPLETED_EXPLICIT_DATE,2026-04,2026-08,5,2026-07,2026-12,2018-01,103,False,True,True,False
619166,ONGOING_ACTIVE,2026-04,2026-08,5,2026-08,2026-09,,,,,,
619167,ONGOING_ACTIVE,2026-04,2026-08,5,2026-08,2026-09,,,,,,
619168,ONGOING_ACTIVE,2026-04,2026-08,5,2026-08,2026-09,,,,,,
619171,ONGOING_ACTIVE,2026-04,2026-08,5,2026-08,,,,,,,
619172,ONGOING_ACTIVE,2026-04,2026-08,5,2026-08,,,,,,,
619181,ONGOING_ACTIVE,2026-04,2026-08,5,2026-08,2027-12,,,,,,
619183,ONGOING_ACTIVE,2026-04,2026-08,5,2026-08,2026-09,,,,,,
619184,ONGOING_ACTIVE,2026-04,2026-08,5,2026-08,2026-12,,,,,,
619185,ONGOING_ACTIVE,2026-04,2026-08,5,2026-08,2027-03,,,,,,
619186,ONGOING_ACTIVE,2026-04,2026-08,5,2026-08,2026-12,,,,,,
619187,ONGOING_ACTIVE,2026-04,2026-08,5,2026-08,2027-06,,,,,,
619191,ONGOING_ACTIVE,2026-04,2026-08,5,2026-08,2027-09,,,,,,
619193,ONGOING_ACTIVE,2026-04,2026-08,5,2026-08,2026-09,,,,,,
619194,ONGOING_ACTIVE,2026-05,2026-08,4,2026-08,2027-10,,,,,,
619196,ONGOING_ACTIVE,2026-04,2026-08,4,2026-08,2027-04,,,,,,
619197,ONGOING_ACTIVE,2026-04,2026-08,5,2026-08,2026-09,,,,,,
619198,ONGOING_ACTIVE,2026-04,2026-08,5,2026-08,2026-08,,,,,,
619200,ONGOING_ACTIVE,2026-04,2026-08,5,2026-08,2027-12,,,,,,
619201,ONGOING_ACTIVE,2026-04,2026-08,5,2026-08,2026-10,,,,,,
619202,ONGOING_ACTIVE,2026-04,2026-08,5,2026-08,2026-09,,,,,,
619203,ONGOING_ACTIVE,2026-04,2026-08,5,2026-08,2026-10,,,,,,
619204,ONGOING_ACTIVE,2026-06,2026-08,3,2026-08,2027-10,,,,,,
619206,ONGOING_ACTIVE,2026-04,2026-08,5,2026-08,2027-03,,,,,,
619207,ONGOING_ACTIVE,2026-04,2026-08,5,2026-08,2027-06,,,,,,
619208,ONGOING_ACTIVE,2026-04,2026-08,5,2026-08,2027-05,,,,,,
619209,REPORTED_COMPLETED_MISSING_DATE,2026-04,2026-06,3,2026-05,2026-04,,,,,,
619210,ONGOING_ACTIVE,2026-04,2026-08,5,2026-08,2026-09,,,,,,
619211,ONGOING_ACTIVE,2026-04,2026-08,5,2026-08,2027-03,,,,,,
619213,ONGOING_ACTIVE,2026-04,2026-08,5,2026-08,2026-09,,,,,,
619214,ONGOING_ACTIVE,2026-04,2026-08,5,2026-08,2027-02,,,,,,
619215,ONGOING_ACTIVE,2026-04,2026-08,5,2026-08,2026-12,,,,,,
619218,ONGOING_ACTIVE,2026-04,2026-08,5,2026-08,2026-09,,,,,,
619219,ONGOING_ACTIVE,2026-04,2026-08,5,2026-08,2026-12,,,,,,
619220,ONGOING_ACTIVE,2026-04,2026-08,5,2026-08,2026-12,,,,,,
619221,ONGOING_ACTIVE,2026-07,2026-08,2,2026-08,2027-09,,,,,,
619222,ONGOING_ACTIVE,2026-04,2026-08,5,2026-08,2026-09,,,,,,
619223,ONGOING_ACTIVE,2026-04,2026-08,5,2026-08,2029-09,,,,,,
619224,ONGOING_ACTIVE,2026-04,2026-08,5,2026-08,2028-03,,,,,,
619225,ONGOING_ACTIVE,2026-04,2026-08,5,2026-08,2027-04,,,,,,
619226,ONGOING_ACTIVE,2026-04,2026-08,5,2026-08,2028-03,,,,,,
619227,ONGOING_ACTIVE,2026-04,2026-08,5,2026-08,,,,,,,
619228,ONGOING_ACTIVE,2026-04,2026-08,5,2026-08,,,,,,,
619229,DISAPPEARED_UNRESOLVED,2026-05,2026-06,2,2026-06,,,,,,,
619248,ONGOING_ACTIVE,2026-06,2026-08,3,2026-08,2028-06,,,,,,
619251,ONGOING_ACTIVE,2026-04,2026-08,5,2026-08,,,,,,,
619253,ONGOING_ACTIVE,2026-04,2026-08,5,2026-08,2027-10,,,,,,
619256,ONGOING_ACTIVE,2026-08,2026-08,1,2026-08,,,,,,,
619257,ONGOING_ACTIVE,2026-08,2026-08,1,2026-08,,,,,,,
619263,ONGOING_ACTIVE,2026-08,2026-08,1,2026-08,,,,,,,
619265,ONGOING_ACTIVE,2026-07,2026-08,2,2026-08,2028-07,,,,,,
619266,ONGOING_ACTIVE,2026-08,2026-08,1,2026-08,,,,,,,
619267,ONGOING_ACTIVE,2026-08,2026-08,1,2026-08,,,,,,,
619270,ONGOING_ACTIVE,2026-06,2026-08,3,2026-08,2028-08,,,,,,
619271,ONGOING_ACTIVE,2026-06,2026-08,3,2026-08,2029-01,,,,,,
619273,ONGOING_ACTIVE,2026-08,2026-08,1,2026-08,2028-06,,,,,,
619276,ONGOING_ACTIVE,2026-08,2026-08,1,2026-08,2026-12,,,,,,
619289,ONGOING_ACTIVE,2026-04,2026-08,5,2026-08,2026-10,,,,,,
619292,ONGOING_ACTIVE,2026-04,2026-08,5,2026-08,2026-09,,,,,,
619293,ONGOING_ACTIVE,2026-04,2026-08,5,2026-08,2027-04,,,,,,
619294,ONGOING_ACTIVE,2026-04,2026-08,5,2026-08,2028-08,,,,,,
619295,ONGOING_ACTIVE,2026-04,2026-08,5,2026-08,2027-11,,,,,,
619297,ONGOING_ACTIVE,2026-07,2026-08,2,2026-08,2028-07,,,,,,
619298,ONGOING_ACTIVE,2026-06,2026-08,3,2026-08,2029-06,,,,,,
619299,ONGOING_ACTIVE,2026-06,2026-08,3,2026-08,2028-06,,,,,,
619300,ONGOING_ACTIVE,2026-06,2026-08,3,2026-08,2027-12,,,,,,
619301,ONGOING_ACTIVE,2026-04,2026-08,5,2026-08,2026-09,,,,,,
619304,ONGOING_ACTIVE,2026-08,2026-08,1,2026-08,2028-05,,,,,,
619305,ONGOING_ACTIVE,2026-04,2026-08,5,2026-08,2026-12,,,,,,
619306,ONGOING_ACTIVE,2026-04,2026-08,5,2026-08,2026-09,,,,,,
619308,ONGOING_ACTIVE,2026-04,2026-08,5,2026-08,2026-09,,,,,,
619311,ONGOING_ACTIVE,2026-04,2026-08,5,2026-08,,,,,,,
619312,ONGOING_ACTIVE,2026-04,2026-08,5,2026-08,2027-09,,,,,,
619313,ONGOING_ACTIVE,2026-04,2026-08,5,2026-08,2027-04,,,,,,
619314,ONGOING_ACTIVE,2026-04,2026-08,5,2026-08,2027-05,,,,,,
619316,ONGOING_ACTIVE,2026-04,2026-08,5,2026-08,2027-10,,,,,,
619317,ONGOING_ACTIVE,2026-04,2026-08,5,2026-08,2026-10,,,,,,
619318,ONGOING_ACTIVE,2026-04,2026-08,5,2026-08,2027-12,,,,,,
619320,REPORTED_COMPLETED_MISSING_DATE,2026-04,2026-06,3,2026-05,2026-06,,,,,,
619321,ONGOING_ACTIVE,2026-05,2026-08,4,2026-08,,,,,,,
619326,DISAPPEARED_UNRESOLVED,2026-05,2026-06,2,2026-06,,,,,,,
619328,ONGOING_ACTIVE,2026-05,2026-08,4,2026-08,2027-03,,,,,,
619341,ONGOING_ACTIVE,2026-05,2026-08,4,2026-08,,,,,,,
619347,ONGOING_ACTIVE,2026-06,2026-08,3,2026-08,,,,,,,
635651,ONGOING_ACTIVE,2026-07,2026-08,2,2026-08,,,,,,,
658240,ONGOING_ACTIVE,2026-08,2026-08,1,2026-08,,,,,,,
660056,ONGOING_ACTIVE,2026-07,2026-08,2,2026-08,,,,,,,
665021,ONGOING_ACTIVE,2026-07,2026-08,2,2026-08,,,,,,,
684624,ONGOING_ACTIVE,2026-08,2026-08,1,2026-08,,,,,,,
687613,ONGOING_ACTIVE,2026-08,2026-08,1,2026-08,,,,,,,
691992,ONGOING_ACTIVE,2026-08,2026-08,1,2026-08,,,,,,,
701101,ONGOING_ACTIVE,2026-04,2026-08,5,2026-08,2026-08,,,,,,
701105,REPORTED_COMPLETED_MISSING_DATE,2026-04,2026-06,3,2026-05,2026-04,,,,,,
701107,ONGOING_ACTIVE,2026-04,2026-08,5,2026-08,2026-11,,,,,,
701113,ONGOING_ACTIVE,2026-04,2026-08,5,2026-08,2027-07,,,,,,
701121,ONGOING_ACTIVE,2026-04,2026-08,5,2026-08,2026-10,,,,,,
701122,ONGOING_ACTIVE,2026-04,2026-08,5,2026-08,2026-11,,,,,,
701126,ONGOING_ACTIVE,2026-04,2026-08,5,2026-08,2026-09,,,,,,
701127,ONGOING_ACTIVE,2026-04,2026-08,5,2026-08,2026-06,,,,,,
701128,ONGOING_ACTIVE,2026-04,2026-08,5,2026-08,2026-09,,,,,,
701167,ONGOING_ACTIVE,2026-04,2026-08,5,2026-08,2026-12,,,,,,
701168,ONGOING_ACTIVE,2026-04,2026-08,5,2026-08,2026-10,,,,,,
701170,ONGOING_ACTIVE,2026-04,2026-08,5,2026-08,2026-12,,,,,,
701171,ONGOING_ACTIVE,2026-04,2026-08,5,2026-08,2026-12,,,,,,
701172,ONGOING_ACTIVE,2026-04,2026-08,5,2026-08,,,,,,,
701173,ONGOING_ACTIVE,2026-04,2026-08,5,2026-08,2026-12,,,,,,
701228,ONGOING_ACTIVE,2026-07,2026-08,2,2026-08,2026-09,,,,,,
701263,REPORTED_COMPLETED_MISSING_DATE,2026-04,2026-06,3,2026-05,2026-06,,,,,,
701289,ONGOING_ACTIVE,2026-04,2026-08,5,2026-08,2026-12,,,,,,
701324,ONGOING_ACTIVE,2026-04,2026-08,5,2026-08,2026-12,,,,,,
701329,ONGOING_ACTIVE,2026-04,2026-08,5,2026-08,2026-11,,,,,,
701330,ONGOING_ACTIVE,2026-04,2026-08,5,2026-08,2027-03,,,,,,
701338,ONGOING_ACTIVE,2026-07,2026-08,2,2026-08,2031-06,,,,,,
701343,REPORTED_COMPLETED_EXPLICIT_DATE,2026-07,2026-07,1,,,2026-07,0,False,,,
701344,ONGOING_ACTIVE,2026-07,2026-08,2,2026-08,2026-09,,,,,,
701346,ONGOING_ACTIVE,2026-04,2026-08,5,2026-08,2028-03,,,,,,
701349,ONGOING_ACTIVE,2026-07,2026-08,2,2026-08,2026-10,,,,,,
701354,REPORTED_COMPLETED_EXPLICIT_DATE,2026-05,2026-05,1,,,2026-05,0,False,,,
701370,ONGOING_ACTIVE,2026-04,2026-08,5,2026-08,2026-03,,,,,,
701372,ONGOING_ACTIVE,2026-04,2026-08,5,2026-08,2028-03,,,,,,
701376,ONGOING_ACTIVE,2026-04,2026-08,5,2026-08,2026-03,,,,,,
701377,ONGOING_ACTIVE,2026-04,2026-08,5,2026-08,2026-11,,,,,,
701383,ONGOING_ACTIVE,2026-04,2026-08,5,2026-08,2026-03,,,,,,
701386,ONGOING_ACTIVE,2026-04,2026-08,5,2026-08,2028-06,,,,,,
701391,ONGOING_ACTIVE,2026-04,2026-08,5,2026-08,2026-06,,,,,,
701395,DISAPPEARED_UNRESOLVED,2026-04,2026-06,3,2026-06,,,,,,,
701396,ONGOING_ACTIVE,2026-04,2026-08,5,2026-08,2026-03,,,,,,
701398,ONGOING_ACTIVE,2026-04,2026-08,5,2026-08,2028-06,,,,,,
701399,ONGOING_ACTIVE,2026-04,2026-08,5,2026-08,2026-03,,,,,,
701400,ONGOING_ACTIVE,2026-04,2026-08,5,2026-08,2026-12,,,,,,
701402,ONGOING_ACTIVE,2026-04,2026-08,5,2026-08,2026-03,,,,,,
701404,ONGOING_ACTIVE,2026-04,2026-08,5,2026-08,2027-06,,,,,,
701405,ONGOING_ACTIVE,2026-04,2026-08,5,2026-08,2025-12,,,,,,
701406,REPORTED_COMPLETED_EXPLICIT_DATE,2026-04,2026-07,4,2026-06,2026-03,2026-06,1,False,False,False,True
701408,ONGOING_ACTIVE,2026-04,2026-08,5,2026-08,2025-12,,,,,,
701410,ONGOING_ACTIVE,2026-04,2026-08,5,2026-08,2026-06,,,,,,
701411,ONGOING_ACTIVE,2026-04,2026-08,5,2026-08,2026-06,,,,,,
701415,ONGOING_ACTIVE,2026-04,2026-08,5,2026-08,2027-06,,,,,,
701565,DISAPPEARED_UNRESOLVED,2026-04,2026-07,4,2026-07,2026-10,,,,,,
701570,ONGOING_ACTIVE,2026-04,2026-08,5,2026-08,2025-03,,,,,,
701574,ONGOING_ACTIVE,2026-04,2026-08,5,2026-08,2028-10,,,,,,
701593,ONGOING_ACTIVE,2026-04,2026-08,5,2026-08,2026-03,,,,,,
701598,ONGOING_ACTIVE,2026-04,2026-08,5,2026-08,2026-06,,,,,,
701599,ONGOING_ACTIVE,2026-04,2026-08,5,2026-08,2026-11,,,,,,
701602,ONGOING_ACTIVE,2026-04,2026-08,5,2026-08,2027-01,,,,,,
701657,ONGOING_ACTIVE,2026-04,2026-08,5,2026-08,2027-09,,,,,,
701658,ONGOING_ACTIVE,2026-04,2026-08,5,2026-08,,,,,,,
701661,ONGOING_ACTIVE,2026-07,2026-08,2,2026-08,,,,,,,
701662,ONGOING_ACTIVE,2026-07,2026-08,2,2026-08,,,,,,,
701668,ONGOING_ACTIVE,2026-04,2026-08,5,2026-08,,,,,,,
701719,ONGOING_ACTIVE,2026-04,2026-08,5,2026-08,2026-07,,,,,,
701745,ONGOING_ACTIVE,2026-04,2026-08,5,2026-08,,,,,,,
701766,ONGOING_ACTIVE,2026-04,2026-08,5,2026-08,2026-12,,,,,,
701991,ONGOING_ACTIVE,2026-04,2026-08,5,2026-08,2026-06,,,,,,
702355,DISAPPEARED_UNRESOLVED,2026-04,2026-04,1,2026-04,,,,,,,
702625,ONGOING_ACTIVE,2026-04,2026-08,5,2026-08,2028-06,,,,,,
702626,ONGOING_ACTIVE,2026-04,2026-08,5,2026-08,2028-12,,,,,,
702627,ONGOING_ACTIVE,2026-04,2026-08,5,2026-08,2027-06,,,,,,
702628,ONGOING_ACTIVE,2026-04,2026-08,5,2026-08,2027-03,,,,,,
702629,ONGOING_ACTIVE,2026-04,2026-08,5,2026-08,2027-06,,,,,,
702630,ONGOING_ACTIVE,2026-04,2026-08,5,2026-08,2027-03,,,,,,
702632,ONGOING_ACTIVE,2026-04,2026-08,5,2026-08,2026-12,,,,,,
702635,ONGOING_ACTIVE,2026-04,2026-08,5,2026-08,2026-09,,,,,,
702637,REPORTED_COMPLETED_EXPLICIT_DATE,2026-04,2026-08,5,2026-07,2025-08,2025-10,10,False,True,False,False
702639,REPORTED_COMPLETED_EXPLICIT_DATE,2026-04,2026-05,2,2026-04,2026-05,2026-05,0,False,False,False,True
702658,ONGOING_ACTIVE,2026-04,2026-08,5,2026-08,,,,,,,
702664,ONGOING_ACTIVE,2026-04,2026-08,5,2026-08,2026-11,,,,,,
702665,ONGOING_ACTIVE,2026-04,2026-08,5,2026-08,2026-06,,,,,,
702668,ONGOING_ACTIVE,2026-04,2026-08,5,2026-08,,,,,,,
702674,ONGOING_ACTIVE,2026-04,2026-08,5,2026-08,2026-08,,,,,,
702699,ONGOING_ACTIVE,2026-04,2026-08,5,2026-08,2026-06,,,,,,
702734,ONGOING_ACTIVE,2026-04,2026-08,5,2026-08,2026-09,,,,,,
702735,REPORTED_COMPLETED_EXPLICIT_DATE,2026-04,2026-04,1,,,2026-04,0,False,,,
702741,ONGOING_ACTIVE,2026-04,2026-08,5,2026-08,2026-06,,,,,,
702742,ONGOING_ACTIVE,2026-04,2026-08,5,2026-08,2026-06,,,,,,
702746,ONGOING_ACTIVE,2026-04,2026-08,5,2026-08,2026-06,,,,,,
702760,ONGOING_ACTIVE,2026-04,2026-08,5,2026-08,2026-06,,,,,,
702764,REPORTED_COMPLETED_EXPLICIT_DATE,2026-04,2026-04,1,,,2026-05,-1,True,,,False
702793,ONGOING_ACTIVE,2026-04,2026-08,5,2026-08,2026-06,,,,,,
702798,REPORTED_COMPLETED_EXPLICIT_DATE,2026-04,2026-04,1,,,2026-04,0,False,,,
702808,ONGOING_ACTIVE,2026-04,2026-08,5,2026-08,2026-08,,,,,,
702810,ONGOING_ACTIVE,2026-04,2026-08,5,2026-08,2026-06,,,,,,
702833,ONGOING_ACTIVE,2026-04,2026-08,5,2026-08,2026-08,,,,,,
702840,REPORTED_COMPLETED_EXPLICIT_DATE,2026-04,2026-05,2,2026-04,2026-05,2026-06,-1,True,False,False,False
702851,REPORTED_COMPLETED_EXPLICIT_DATE,2026-04,2026-07,4,2026-06,2026-08,2026-07,0,False,False,True,True
702854,REPORTED_COMPLETED_EXPLICIT_DATE,2026-04,2026-05,2,2026-04,2026-06,2026-06,-1,True,False,False,False
702949,ONGOING_ACTIVE,2026-04,2026-08,5,2026-08,2026-08,,,,,,
702958,ONGOING_ACTIVE,2026-04,2026-08,5,2026-08,2026-08,,,,,,
703021,ONGOING_ACTIVE,2026-04,2026-08,5,2026-08,2026-08,,,,,,
703057,ONGOING_ACTIVE,2026-04,2026-08,5,2026-08,2026-08,,,,,,
703585,DISAPPEARED_UNRESOLVED,2026-04,2026-06,3,2026-06,2026-03,,,,,,
705237,DISAPPEARED_UNRESOLVED,2026-04,2026-07,4,2026-07,2025-12,,,,,,
705244,DISAPPEARED_UNRESOLVED,2026-04,2026-07,4,2026-07,,,,,,,
705252,DISAPPEARED_UNRESOLVED,2026-04,2026-06,3,2026-06,,,,,,,
705253,DISAPPEARED_UNRESOLVED,2026-04,2026-07,4,2026-07,2026-12,,,,,,
705298,DISAPPEARED_UNRESOLVED,2026-04,2026-07,4,2026-07,,,,,,,
705356,ONGOING_ACTIVE,2026-04,2026-08,5,2026-08,2026-03,,,,,,
705357,ONGOING_ACTIVE,2026-04,2026-08,5,2026-08,2027-03,,,,,,
705358,ONGOING_ACTIVE,2026-04,2026-08,5,2026-08,2026-12,,,,,,
705359,ONGOING_ACTIVE,2026-04,2026-08,5,2026-08,2029-03,,,,,,
705362,DISAPPEARED_UNRESOLVED,2026-04,2026-06,3,2026-06,2026-03,,,,,,
705364,DISAPPEARED_UNRESOLVED,2026-04,2026-06,3,2026-06,2027-03,,,,,,
705366,ONGOING_ACTIVE,2026-04,2026-08,5,2026-08,2027-06,,,,,,
705368,ONGOING_ACTIVE,2026-04,2026-08,5,2026-08,2027-01,,,,,,
705373,ONGOING_ACTIVE,2026-04,2026-08,5,2026-08,2025-08,,,,,,
705391,ONGOING_ACTIVE,2026-04,2026-08,5,2026-08,2029-06,,,,,,
705396,DISAPPEARED_UNRESOLVED,2026-04,2026-06,3,2026-06,2027-03,,,,,,
705419,ONGOING_ACTIVE,2026-07,2026-08,2,2026-08,2026-02,,,,,,
705429,DISAPPEARED_UNRESOLVED,2026-04,2026-06,3,2026-06,2028-12,,,,,,
705433,DISAPPEARED_UNRESOLVED,2026-04,2026-07,4,2026-07,2025-12,,,,,,
705434,DISAPPEARED_UNRESOLVED,2026-04,2026-06,3,2026-06,2027-03,,,,,,
705436,DISAPPEARED_UNRESOLVED,2026-04,2026-06,3,2026-06,2028-03,,,,,,
705437,DISAPPEARED_UNRESOLVED,2026-04,2026-06,3,2026-06,2027-12,,,,,,
705444,DISAPPEARED_UNRESOLVED,2026-04,2026-07,4,2026-07,2026-12,,,,,,
705450,DISAPPEARED_UNRESOLVED,2026-04,2026-07,4,2026-07,2026-12,,,,,,
705458,ONGOING_ACTIVE,2026-04,2026-08,5,2026-08,2026-12,,,,,,
705464,DISAPPEARED_UNRESOLVED,2026-04,2026-06,3,2026-06,,,,,,,
705479,ONGOING_ACTIVE,2026-04,2026-08,5,2026-08,2027-03,,,,,,
705480,DISAPPEARED_UNRESOLVED,2026-04,2026-06,3,2026-06,2027-12,,,,,,
705482,DISAPPEARED_UNRESOLVED,2026-04,2026-06,3,2026-06,2027-02,,,,,,
705489,ONGOING_ACTIVE,2026-04,2026-08,4,2026-08,2031-01,,,,,,
705490,ONGOING_ACTIVE,2026-04,2026-08,5,2026-08,2027-12,,,,,,
705492,ONGOING_ACTIVE,2026-04,2026-08,5,2026-08,2025-12,,,,,,
705493,ONGOING_ACTIVE,2026-04,2026-08,5,2026-08,2030-03,,,,,,
705495,ONGOING_ACTIVE,2026-04,2026-08,5,2026-08,2027-01,,,,,,
705496,DISAPPEARED_UNRESOLVED,2026-04,2026-07,4,2026-07,2027-12,,,,,,
705497,DISAPPEARED_UNRESOLVED,2026-04,2026-07,4,2026-07,,,,,,,
705498,ONGOING_ACTIVE,2026-04,2026-08,5,2026-08,2026-12,,,,,,
705500,ONGOING_ACTIVE,2026-04,2026-08,5,2026-08,2026-10,,,,,,
705502,ONGOING_ACTIVE,2026-04,2026-08,5,2026-08,2026-02,,,,,,
705503,REPORTED_COMPLETED_MISSING_DATE,2026-04,2026-04,1,,,,,,,,
705504,ONGOING_ACTIVE,2026-04,2026-08,5,2026-08,2026-03,,,,,,
705505,ONGOING_ACTIVE,2026-04,2026-08,5,2026-08,2026-10,,,,,,
705506,DISAPPEARED_UNRESOLVED,2026-04,2026-07,4,2026-07,2025-11,,,,,,
705510,ONGOING_ACTIVE,2026-04,2026-08,5,2026-08,2026-01,,,,,,
705513,ONGOING_ACTIVE,2026-04,2026-08,5,2026-08,2028-03,,,,,,
705514,DISAPPEARED_UNRESOLVED,2026-04,2026-07,4,2026-07,2028-03,,,,,,
705515,ONGOING_ACTIVE,2026-04,2026-08,5,2026-08,2026-03,,,,,,
705526,ONGOING_ACTIVE,2026-04,2026-08,5,2026-08,2025-10,,,,,,
705527,ONGOING_ACTIVE,2026-04,2026-08,5,2026-08,2025-12,,,,,,
705528,ONGOING_ACTIVE,2026-04,2026-08,5,2026-08,2026-06,,,,,,
705567,ONGOING_ACTIVE,2026-04,2026-08,5,2026-08,2026-05,,,,,,
705572,ONGOING_ACTIVE,2026-04,2026-08,5,2026-08,2026-03,,,,,,
705583,ONGOING_ACTIVE,2026-04,2026-08,5,2026-08,2027-12,,,,,,
705588,ONGOING_ACTIVE,2026-04,2026-08,5,2026-08,2026-03,,,,,,
705633,DISAPPEARED_UNRESOLVED,2026-04,2026-06,3,2026-06,2026-12,,,,,,
705638,ONGOING_ACTIVE,2026-04,2026-08,5,2026-08,2027-03,,,,,,
705639,ONGOING_ACTIVE,2026-04,2026-08,5,2026-08,2027-02,,,,,,
705648,DISAPPEARED_UNRESOLVED,2026-04,2026-06,3,2026-06,2026-03,,,,,,
705659,ONGOING_ACTIVE,2026-04,2026-08,5,2026-08,2026-03,,,,,,
705660,DISAPPEARED_UNRESOLVED,2026-04,2026-06,3,2026-06,2025-12,,,,,,
705661,ONGOING_ACTIVE,2026-04,2026-08,5,2026-08,2026-09,,,,,,
705663,ONGOING_ACTIVE,2026-04,2026-08,5,2026-08,2026-02,,,,,,
705667,ONGOING_ACTIVE,2026-04,2026-08,5,2026-08,2026-12,,,,,,
705730,DISAPPEARED_UNRESOLVED,2026-04,2026-06,3,2026-06,2029-12,,,,,,
705735,ONGOING_ACTIVE,2026-04,2026-08,5,2026-08,2028-03,,,,,,
705741,ONGOING_ACTIVE,2026-04,2026-08,5,2026-08,2029-12,,,,,,
705742,ONGOING_ACTIVE,2026-04,2026-08,4,2026-08,2033-07,,,,,,
705747,DISAPPEARED_UNRESOLVED,2026-04,2026-06,3,2026-06,2026-03,,,,,,
705752,ONGOING_ACTIVE,2026-04,2026-08,5,2026-08,2026-11,,,,,,
705761,ONGOING_ACTIVE,2026-04,2026-08,5,2026-08,2028-06,,,,,,
705762,DISAPPEARED_UNRESOLVED,2026-04,2026-06,3,2026-06,2027-12,,,,,,
705763,DISAPPEARED_UNRESOLVED,2026-04,2026-06,3,2026-06,2030-09,,,,,,
705765,ONGOING_ACTIVE,2026-04,2026-08,5,2026-08,2026-03,,,,,,
705766,ONGOING_ACTIVE,2026-04,2026-08,5,2026-08,2026-01,,,,,,
705771,DISAPPEARED_UNRESOLVED,2026-04,2026-06,3,2026-06,2026-03,,,,,,
705772,ONGOING_ACTIVE,2026-04,2026-08,5,2026-08,2027-03,,,,,,
705774,DISAPPEARED_UNRESOLVED,2026-04,2026-07,4,2026-07,2027-03,,,,,,
705777,ONGOING_ACTIVE,2026-04,2026-08,5,2026-08,2027-02,,,,,,
705780,ONGOING_ACTIVE,2026-04,2026-08,5,2026-08,2026-06,,,,,,
705782,ONGOING_ACTIVE,2026-04,2026-08,5,2026-08,2026-08,,,,,,
705783,ONGOING_ACTIVE,2026-04,2026-08,5,2026-08,2027-02,,,,,,
705785,ONGOING_ACTIVE,2026-04,2026-08,5,2026-08,2027-05,,,,,,
705793,DISAPPEARED_UNRESOLVED,2026-04,2026-07,4,2026-07,2026-03,,,,,,
705799,DISAPPEARED_UNRESOLVED,2026-04,2026-06,3,2026-06,2025-12,,,,,,
705912,DISAPPEARED_UNRESOLVED,2026-04,2026-06,3,2026-06,,,,,,,
705918,DISAPPEARED_UNRESOLVED,2026-04,2026-06,3,2026-06,2027-03,,,,,,
705919,DISAPPEARED_UNRESOLVED,2026-04,2026-07,4,2026-07,2027-06,,,,,,
705933,ONGOING_ACTIVE,2026-04,2026-08,5,2026-08,2027-10,,,,,,
705941,DISAPPEARED_UNRESOLVED,2026-04,2026-07,4,2026-07,2030-03,,,,,,
706718,ONGOING_ACTIVE,2026-04,2026-08,5,2026-08,2026-12,,,,,,
706724,ONGOING_ACTIVE,2026-04,2026-08,5,2026-08,2026-06,,,,,,
706757,DISAPPEARED_UNRESOLVED,2026-04,2026-06,3,2026-06,2026-03,,,,,,
706759,DISAPPEARED_UNRESOLVED,2026-04,2026-07,4,2026-07,2025-12,,,,,,
706763,ONGOING_ACTIVE,2026-04,2026-08,5,2026-08,2026-06,,,,,,
706775,ONGOING_ACTIVE,2026-04,2026-08,5,2026-08,2019-03,,,,,,
706776,DISAPPEARED_UNRESOLVED,2026-04,2026-06,3,2026-06,2029-03,,,,,,
706777,DISAPPEARED_UNRESOLVED,2026-04,2026-06,3,2026-06,2030-12,,,,,,
706779,DISAPPEARED_UNRESOLVED,2026-04,2026-06,3,2026-06,2027-12,,,,,,
706780,DISAPPEARED_UNRESOLVED,2026-04,2026-06,3,2026-06,2027-12,,,,,,
706781,DISAPPEARED_UNRESOLVED,2026-04,2026-06,3,2026-06,2026-12,,,,,,
706811,ONGOING_ACTIVE,2026-04,2026-08,5,2026-08,2026-08,,,,,,
706835,DISAPPEARED_UNRESOLVED,2026-04,2026-06,3,2026-06,2029-03,,,,,,
706836,ONGOING_ACTIVE,2026-04,2026-08,5,2026-08,,,,,,,
706837,DISAPPEARED_UNRESOLVED,2026-04,2026-07,4,2026-07,2027-11,,,,,,
706854,ONGOING_ACTIVE,2026-04,2026-08,5,2026-08,2030-06,,,,,,
706860,ONGOING_ACTIVE,2026-04,2026-08,5,2026-08,2026-10,,,,,,
706865,ONGOING_ACTIVE,2026-04,2026-08,5,2026-08,,,,,,,
706866,ONGOING_ACTIVE,2026-04,2026-08,5,2026-08,2027-05,,,,,,
706898,DISAPPEARED_UNRESOLVED,2026-04,2026-06,3,2026-06,,,,,,,
706922,DISAPPEARED_UNRESOLVED,2026-04,2026-06,3,2026-06,2024-06,,,,,,
706940,DISAPPEARED_UNRESOLVED,2026-04,2026-06,3,2026-06,,,,,,,
706942,DISAPPEARED_UNRESOLVED,2026-04,2026-06,3,2026-06,,,,,,,
706965,DISAPPEARED_UNRESOLVED,2026-06,2026-07,2,2026-07,,,,,,,
706966,DISAPPEARED_UNRESOLVED,2026-06,2026-07,2,2026-07,,,,,,,
706988,DISAPPEARED_UNRESOLVED,2026-06,2026-07,2,2026-07,,,,,,,
706989,DISAPPEARED_UNRESOLVED,2026-06,2026-07,2,2026-07,,,,,,,
707016,DISAPPEARED_UNRESOLVED,2026-06,2026-07,2,2026-07,,,,,,,
707017,DISAPPEARED_UNRESOLVED,2026-06,2026-07,2,2026-07,,,,,,,
707018,DISAPPEARED_UNRESOLVED,2026-06,2026-07,2,2026-07,,,,,,,
707019,DISAPPEARED_UNRESOLVED,2026-06,2026-07,2,2026-07,,,,,,,
707020,ONGOING_ACTIVE,2026-04,2026-08,5,2026-08,,,,,,,
707021,ONGOING_ACTIVE,2026-04,2026-08,5,2026-08,,,,,,,
707022,ONGOING_ACTIVE,2026-04,2026-08,5,2026-08,2026-09,,,,,,
707039,ONGOING_ACTIVE,2026-04,2026-08,5,2026-08,2026-07,,,,,,
707044,ONGOING_ACTIVE,2026-04,2026-08,5,2026-08,,,,,,,
707045,ONGOING_ACTIVE,2026-04,2026-08,5,2026-08,,,,,,,
707046,ONGOING_ACTIVE,2026-04,2026-08,5,2026-08,,,,,,,
707049,ONGOING_ACTIVE,2026-04,2026-08,5,2026-08,,,,,,,
707050,ONGOING_ACTIVE,2026-04,2026-08,5,2026-08,,,,,,,
707051,ONGOING_ACTIVE,2026-05,2026-08,4,2026-08,,,,,,,
707052,DISAPPEARED_UNRESOLVED,2026-06,2026-07,2,2026-07,,,,,,,
707057,DISAPPEARED_UNRESOLVED,2026-06,2026-07,2,2026-07,,,,,,,
707058,ONGOING_ACTIVE,2026-04,2026-08,5,2026-08,,,,,,,
707059,ONGOING_ACTIVE,2026-04,2026-08,5,2026-08,,,,,,,
707067,DISAPPEARED_UNRESOLVED,2026-06,2026-07,2,2026-07,,,,,,,
707069,ONGOING_ACTIVE,2026-04,2026-08,5,2026-08,,,,,,,
707070,ONGOING_ACTIVE,2026-04,2026-08,5,2026-08,,,,,,,
707086,ONGOING_ACTIVE,2026-04,2026-08,5,2026-08,,,,,,,
707087,ONGOING_ACTIVE,2026-04,2026-08,5,2026-08,,,,,,,
707215,ONGOING_ACTIVE,2026-04,2026-08,5,2026-08,2026-10,,,,,,
707229,ONGOING_ACTIVE,2026-04,2026-08,5,2026-08,2025-10,,,,,,
707267,REPORTED_COMPLETED_EXPLICIT_DATE,2026-04,2026-04,1,,,2026-03,1,False,,,
707410,ONGOING_ACTIVE,2026-04,2026-08,5,2026-08,2028-05,,,,,,
707414,DISAPPEARED_UNRESOLVED,2026-05,2026-05,1,2026-05,,,,,,,
707419,ONGOING_ACTIVE,2026-04,2026-08,5,2026-08,,,,,,,
707420,ONGOING_ACTIVE,2026-07,2026-08,2,2026-08,,,,,,,
708687,ONGOING_ACTIVE,2026-06,2026-08,3,2026-08,,,,,,,
709747,ONGOING_ACTIVE,2026-04,2026-08,5,2026-08,2025-12,,,,,,
709750,ONGOING_ACTIVE,2026-04,2026-08,5,2026-08,2026-12,,,,,,
709752,ONGOING_ACTIVE,2026-04,2026-08,5,2026-08,2027-02,,,,,,
709753,REPORTED_COMPLETED_EXPLICIT_DATE,2026-04,2026-08,5,2026-07,2026-08,2026-08,0,False,False,False,True
709754,ONGOING_ACTIVE,2026-04,2026-08,5,2026-08,2027-07,,,,,,
709755,ONGOING_ACTIVE,2026-04,2026-08,5,2026-08,2027-07,,,,,,
709758,REPORTED_COMPLETED_EXPLICIT_DATE,2026-04,2026-05,2,2026-04,2030-06,2026-05,0,False,False,True,True
709759,ONGOING_ACTIVE,2026-04,2026-08,5,2026-08,2026-12,,,,,,
709760,REPORTED_COMPLETED_MISSING_DATE,2026-04,2026-06,3,2026-05,2026-06,,,,,,
709770,ONGOING_ACTIVE,2026-04,2026-08,5,2026-08,2033-09,,,,,,
709771,ONGOING_ACTIVE,2026-04,2026-08,5,2026-08,2031-09,,,,,,
709772,ONGOING_ACTIVE,2026-04,2026-08,5,2026-08,2031-06,,,,,,
709773,ONGOING_ACTIVE,2026-04,2026-08,5,2026-08,2034-09,,,,,,
709774,ONGOING_ACTIVE,2026-04,2026-08,5,2026-08,2027-06,,,,,,
709776,ONGOING_ACTIVE,2026-04,2026-08,5,2026-08,2026-09,,,,,,
709777,ONGOING_ACTIVE,2026-04,2026-08,5,2026-08,2027-06,,,,,,
709778,ONGOING_ACTIVE,2026-04,2026-08,5,2026-08,2026-12,,,,,,
709779,ONGOING_ACTIVE,2026-04,2026-08,5,2026-08,2027-07,,,,,,
709780,ONGOING_ACTIVE,2026-04,2026-08,5,2026-08,2027-12,,,,,,
709781,ONGOING_ACTIVE,2026-04,2026-08,5,2026-08,2027-06,,,,,,
709782,REPORTED_COMPLETED_MISSING_DATE,2026-04,2026-06,3,2026-05,2026-06,,,,,,
709783,ONGOING_ACTIVE,2026-04,2026-08,5,2026-08,2026-10,,,,,,
709785,ONGOING_ACTIVE,2026-04,2026-08,5,2026-08,2027-03,,,,,,
709786,ONGOING_ACTIVE,2026-04,2026-08,5,2026-08,2027-11,,,,,,
709791,ONGOING_ACTIVE,2026-04,2026-08,5,2026-08,2030-03,,,,,,
709792,ONGOING_ACTIVE,2026-04,2026-08,5,2026-08,2030-03,,,,,,
709793,ONGOING_ACTIVE,2026-04,2026-08,5,2026-08,2030-06,,,,,,
709794,ONGOING_ACTIVE,2026-07,2026-08,2,2026-08,2030-06,,,,,,
709795,ONGOING_ACTIVE,2026-04,2026-08,5,2026-08,2030-06,,,,,,
709796,ONGOING_ACTIVE,2026-04,2026-08,5,2026-08,2030-03,,,,,,
709797,ONGOING_ACTIVE,2026-04,2026-08,5,2026-08,2026-09,,,,,,
709798,ONGOING_ACTIVE,2026-04,2026-08,5,2026-08,2028-05,,,,,,
709799,ONGOING_ACTIVE,2026-04,2026-08,5,2026-08,2027-11,,,,,,
709800,ONGOING_ACTIVE,2026-04,2026-08,5,2026-08,2026-09,,,,,,
709811,DISAPPEARED_UNRESOLVED,2026-04,2026-06,3,2026-06,2027-09,,,,,,
709812,ONGOING_ACTIVE,2026-04,2026-08,5,2026-08,2030-06,,,,,,
709813,ONGOING_ACTIVE,2026-04,2026-08,5,2026-08,2027-10,,,,,,
709815,DISAPPEARED_UNRESOLVED,2026-04,2026-06,3,2026-06,2027-12,,,,,,
709816,DISAPPEARED_UNRESOLVED,2026-04,2026-06,3,2026-06,2027-02,,,,,,
709817,DISAPPEARED_UNRESOLVED,2026-04,2026-05,2,2026-05,2026-11,,,,,,
709818,ONGOING_ACTIVE,2026-04,2026-08,5,2026-08,2027-01,,,,,,
709819,ONGOING_ACTIVE,2026-04,2026-08,5,2026-08,2026-12,,,,,,
709826,ONGOING_ACTIVE,2026-04,2026-08,5,2026-08,2027-07,,,,,,
709831,ONGOING_ACTIVE,2026-04,2026-08,5,2026-08,2026-06,,,,,,
709832,ONGOING_ACTIVE,2026-04,2026-08,5,2026-08,2026-03,,,,,,
709837,ONGOING_ACTIVE,2026-04,2026-08,5,2026-08,2026-10,,,,,,
709838,ONGOING_ACTIVE,2026-04,2026-08,5,2026-08,2027-05,,,,,,
709839,ONGOING_ACTIVE,2026-04,2026-08,5,2026-08,2026-12,,,,,,
709840,ONGOING_ACTIVE,2026-04,2026-08,5,2026-08,2026-09,,,,,,
709841,ONGOING_ACTIVE,2026-04,2026-08,5,2026-08,2026-11,,,,,,
709842,ONGOING_ACTIVE,2026-04,2026-08,5,2026-08,2027-03,,,,,,
709845,ONGOING_ACTIVE,2026-04,2026-08,5,2026-08,2028-02,,,,,,
709847,ONGOING_ACTIVE,2026-04,2026-08,5,2026-08,2027-04,,,,,,
709848,ONGOING_ACTIVE,2026-04,2026-08,5,2026-08,2026-12,,,,,,
709849,ONGOING_ACTIVE,2026-04,2026-08,5,2026-08,2026-12,,,,,,
709850,ONGOING_ACTIVE,2026-04,2026-08,5,2026-08,2027-03,,,,,,
709851,ONGOING_ACTIVE,2026-04,2026-08,5,2026-08,2027-04,,,,,,
709856,ONGOING_ACTIVE,2026-04,2026-08,5,2026-08,2026-08,,,,,,
709857,ONGOING_ACTIVE,2026-04,2026-08,5,2026-08,2026-09,,,,,,
709859,ONGOING_ACTIVE,2026-04,2026-08,5,2026-08,2027-01,,,,,,
709864,ONGOING_ACTIVE,2026-04,2026-08,5,2026-08,2027-03,,,,,,
709865,ONGOING_ACTIVE,2026-04,2026-08,5,2026-08,2026-12,,,,,,
738679,ONGOING_ACTIVE,2026-07,2026-08,2,2026-08,,,,,,,
757296,ONGOING_ACTIVE,2026-08,2026-08,1,2026-08,,,,,,,
785574,ONGOING_ACTIVE,2026-08,2026-08,1,2026-08,,,,,,,
834015,ONGOING_ACTIVE,2026-07,2026-08,2,2026-08,,,,,,,
858179,ONGOING_ACTIVE,2026-08,2026-08,1,2026-08,2027-08,,,,,,
891687,ONGOING_ACTIVE,2026-08,2026-08,1,2026-08,,,,,,,
900874,ONGOING_ACTIVE,2026-04,2026-08,5,2026-08,2030-01,,,,,,
914467,ONGOING_ACTIVE,2026-07,2026-08,2,2026-08,,,,,,,
928129,ONGOING_ACTIVE,2026-08,2026-08,1,2026-08,,,,,,,
929104,ONGOING_ACTIVE,2026-08,2026-08,1,2026-08,,,,,,,
938832,ONGOING_ACTIVE,2026-07,2026-08,2,2026-08,,,,,,,
944288,ONGOING_ACTIVE,2026-07,2026-08,2,2026-08,,,,,,,
944988,ONGOING_ACTIVE,2026-08,2026-08,1,2026-08,,,,,,,
946208,ONGOING_ACTIVE,2026-07,2026-08,2,2026-08,,,,,,,
976009,ONGOING_ACTIVE,2026-07,2026-08,2,2026-08,,,,,,,
994914,ONGOING_ACTIVE,2026-08,2026-08,1,2026-08,,,,,,,
