project_id,project_name,ministry,agency,sector,state,approval_date,start_date,original_completion_date,revised_completion_date,actual_completion_date,original_cost_crore,revised_cost_crore,cumulative_expenditure_crore,physical_progress_pct,report_month,source_file,source_page,raw_date_values,raw_cost_values
612786,"Construction of New Domestic Terminal Building Building and miscellaneous works including maintenance, operations and AICMC at Kadapa Airport",,Airport Authority of India [AAI],,Andhra Pradesh,2023-03,2024-01,2026-01,2026-09,,265.91,0.0,186.36,83.0,2026-08,FlashReport_August_2026.pdf,57,"{""approval"": ""03/2023"", ""start"": ""(01/2024)"", ""actual"": null, ""original"": ""01/2026"", ""revised"": ""(09/2026)""}","{""original"": ""265.91"", ""revised"": ""0.00"", ""expenditure"": ""186.36""}"
701107,Construction of New Integrated Terminal Building and associated works including apron to park 3 code E type of aircraft or 6 code C type of aircraft at Vijayawada Airport.,,Airport Authority of India [AAI],,Andhra Pradesh,2020-06,2020-09,2022-09,2026-11,,611.8,0.0,600.58,91.2,2026-08,FlashReport_August_2026.pdf,57,"{""approval"": ""06/2020"", ""start"": ""(09/2020)"", ""actual"": null, ""original"": ""09/2022"", ""revised"": ""(11/2026)""}","{""original"": ""611.80"", ""revised"": ""0.00"", ""expenditure"": ""600.58""}"
701121,Construction of New Domestic Terminal Building at Rajahmundry Airport.,,Airport Authority of India [AAI],,Andhra Pradesh,2022-12,2023-08,2025-08,2026-10,,347.15,0.0,190.89,97.0,2026-08,FlashReport_August_2026.pdf,57,"{""approval"": ""12/2022"", ""start"": ""(08/2023)"", ""actual"": null, ""original"": ""08/2025"", ""revised"": ""(10/2026)""}","{""original"": ""347.15"", ""revised"": ""0.00"", ""expenditure"": ""190.89""}"
706724,Guwahati Airport New Integrated Terminal Building Construction Project,,Adani Airport Holdings Limited,,Assam,2016-12,2018-03,2025-03,2026-06,,1712.0,0.0,2670.23,99.5,2026-08,FlashReport_August_2026.pdf,57,"{""approval"": ""12/2016"", ""start"": ""(03/2018)"", ""actual"": null, ""original"": ""03/2025"", ""revised"": ""(06/2026)""}","{""original"": ""1,712.00"", ""revised"": ""0.00"", ""expenditure"": ""2,670.23""}"
612183,Development of New Civil Enclave at Bihta,,Airport Authority of India [AAI],,Bihar,2024-08,2025-04,2027-03,,,1413.0,0.0,19.44,4.48,2026-08,FlashReport_August_2026.pdf,57,"{""approval"": ""08/2024"", ""start"": ""(04/2025)"", ""actual"": null, ""original"": ""03/2027"", ""revised"": ""(-)""}","{""original"": ""1,413.00"", ""revised"": ""0.00"", ""expenditure"": ""19.44""}"
612194,Development of New Civil Enclave and associated works at Darbhanga Airport,,Airport Authority of India [AAI],,Bihar,2024-07,2024-07,2026-07,2026-11,,911.66,0.0,453.47,72.6,2026-08,FlashReport_August_2026.pdf,57,"{""approval"": ""07/2024"", ""start"": ""(07/2024)"", ""actual"": null, ""original"": ""07/2026"", ""revised"": ""(11/2026)""}","{""original"": ""911.66"", ""revised"": ""0.00"", ""expenditure"": ""453.47""}"
701101,"Construction of New Domestic Terminal Building [Phase-I and II] and other allied structures at JPNI Airport, Patna",,Airport Authority of India [AAI],,Bihar,2018-10,2018-10,2026-05,2026-08,,1216.9,0.0,1216.11,99.35,2026-08,FlashReport_August_2026.pdf,57,"{""approval"": ""10/2018"", ""start"": ""(10/2018)"", ""actual"": null, ""original"": ""05/2026"", ""revised"": ""(08/2026)""}","{""original"": ""1,216.90"", ""revised"": ""0.00"", ""expenditure"": ""1,216.11""}"
619054,Development of Keshod Airport.,,Airport Authority of India [AAI],,Gujarat,2024-01,2025-07,2027-01,,,363.1,0.0,109.27,48.76,2026-08,FlashReport_August_2026.pdf,57,"{""approval"": ""01/2024"", ""start"": ""(07/2025)"", ""actual"": null, ""original"": ""01/2027"", ""revised"": ""(-)""}","{""original"": ""363.10"", ""revised"": ""0.00"", ""expenditure"": ""109.27""}"
701126,"Development of Dholera International Greenfield Airport , Gujarat",,Airport Authority of India [AAI],,Gujarat,2022-06,2022-07,2026-06,2026-09,,1305.0,0.0,987.56,89.0,2026-08,FlashReport_August_2026.pdf,57,"{""approval"": ""06/2022"", ""start"": ""(07/2022)"", ""actual"": null, ""original"": ""06/2026"", ""revised"": ""(09/2026)""}","{""original"": ""1,305.00"", ""revised"": ""0.00"", ""expenditure"": ""987.56""}"
611047,"Construction of NTB complex including apron, taxi track and other associated civil works and electrical & mechanical installations towards Tawi River side at CA Jammu.",,Airport Authority of India [AAI],,Jammu and Kashmir,2023-10,2023-12,2026-06,2026-11,,861.37,0.0,388.13,61.35,2026-08,FlashReport_August_2026.pdf,57,"{""approval"": ""10/2023"", ""start"": ""(12/2023)"", ""actual"": null, ""original"": ""06/2026"", ""revised"": ""(11/2026)""}","{""original"": ""861.37"", ""revised"": ""0.00"", ""expenditure"": ""388.13""}"
612787,Construction of New Domestic Terminal Building and Miscellaneous works at Hubli Airport,,Airport Authority of India [AAI],,Karnataka,2023-06,2024-01,2026-01,2026-09,,320.47,0.0,169.11,91.75,2026-08,FlashReport_August_2026.pdf,57,"{""approval"": ""06/2023"", ""start"": ""(01/2024)"", ""actual"": null, ""original"": ""01/2026"", ""revised"": ""(09/2026)""}","{""original"": ""320.47"", ""revised"": ""0.00"", ""expenditure"": ""169.11""}"
612788,Construction of New Domestic Terminal Building and Miscellaneous Works at Belagavi Airport.,,Airport Authority of India [AAI],,Karnataka,2023-06,2024-02,2026-02,2026-09,,322.45,0.0,242.16,98.0,2026-08,FlashReport_August_2026.pdf,57,"{""approval"": ""06/2023"", ""start"": ""(02/2024)"", ""actual"": null, ""original"": ""02/2026"", ""revised"": ""(09/2026)""}","{""original"": ""322.45"", ""revised"": ""0.00"", ""expenditure"": ""242.16""}"
612789,"Development of additional RESA on either end on Runway 10-28 at Calicut Airport. Construction of embankment with slope protection, drainage system and associated works for additional RESA on either end on Runway 10-28",,Airport Authority of India [AAI],,Kerala,2023-06,2024-02,2025-09,2027-03,,484.57,0.0,246.96,66.14,2026-08,FlashReport_August_2026.pdf,57,"{""approval"": ""06/2023"", ""start"": ""(02/2024)"", ""actual"": null, ""original"": ""09/2025"", ""revised"": ""(03/2027)""}","{""original"": ""484.57"", ""revised"": ""0.00"", ""expenditure"": ""246.96""}"
400010,"Construction of Terminal Building & Associated works at Leh Airport, Ladakh",,Airport Authority of India [AAI],,Ladakh,2018-07,2018-09,2021-09,2026-09,,480.0,0.0,524.37,93.0,2026-08,FlashReport_August_2026.pdf,57,"{""approval"": ""07/2018"", ""start"": ""(09/2018)"", ""actual"": null, ""original"": ""09/2021"", ""revised"": ""(09/2026)""}","{""original"": ""480.00"", ""revised"": ""0.00"", ""expenditure"": ""524.37""}"
706718,C/o NITB Imphal Airport,,Airport Authority of India [AAI],,Manipur,2021-11,2022-07,2024-07,2026-12,,499.0,0.0,215.1,53.69,2026-08,FlashReport_August_2026.pdf,57,"{""approval"": ""11/2021"", ""start"": ""(07/2022)"", ""actual"": null, ""original"": ""07/2024"", ""revised"": ""(12/2026)""}","{""original"": ""499.00"", ""revised"": ""0.00"", ""expenditure"": ""215.10""}"
618977,"Development of New Greenfield Airport at Bundi, Kota Rajasthan.",,Airport Authority of India [AAI],,Rajasthan,2025-08,2025-10,2027-10,2027-11,,1507.0,0.0,99.47,13.8,2026-08,FlashReport_August_2026.pdf,57,"{""approval"": ""08/2025"", ""start"": ""(10/2025)"", ""actual"": null, ""original"": ""10/2027"", ""revised"": ""(11/2027)""}","{""original"": ""1,507.00"", ""revised"": ""0.00"", ""expenditure"": ""99.47""}"
701127,Construction of New Passenger Terminal Building for Domestic Operations at Jodhpur Airport.,,Airport Authority of India [AAI],,Rajasthan,2022-06,2023-05,2026-03,2026-06,,480.0,0.0,348.23,100.0,2026-08,FlashReport_August_2026.pdf,57,"{""approval"": ""06/2022"", ""start"": ""(05/2023)"", ""actual"": null, ""original"": ""03/2026"", ""revised"": ""(06/2026)""}","{""original"": ""480.00"", ""revised"": ""0.00"", ""expenditure"": ""348.23""}"
701128,Construction of New Integrated Passenger Terminal Building at Udaipur Airport,,Airport Authority of India [AAI],,Rajasthan,2023-06,2023-11,2026-03,2026-09,,887.0,0.0,588.79,83.71,2026-08,FlashReport_August_2026.pdf,57,"{""approval"": ""06/2023"", ""start"": ""(11/2023)"", ""actual"": null, ""original"": ""03/2026"", ""revised"": ""(09/2026)""}","{""original"": ""887.00"", ""revised"": ""0.00"", ""expenditure"": ""588.79""}"
612793,"Widening of basic strip at Western Side of Runway Chainage 80m to 920m i/c slope stabilization Measures [Balance work] of uphill and Improvement of Storm Water Drainage System at Pakyong Airport, Sikkim on design & build basis [EPC] with integrated 10 years maintenance.",,Airport Authority of India [AAI],,Sikkim,2023-11,2023-12,2026-06,2027-06,,323.26,0.0,87.61,36.14,2026-08,FlashReport_August_2026.pdf,58,"{""approval"": ""11/2023"", ""start"": ""(12/2023)"", ""actual"": null, ""original"": ""06/2026"", ""revised"": ""(06/2027)""}","{""original"": ""323.26"", ""revised"": ""0.00"", ""expenditure"": ""87.61""}"
432726,"Construction of 8 Nos. RETs for Runway 07-25, 3 nos. RETs for Runway 12-30, Extension of parallel Taxi Track-R with link Taxi- track and Link Taxi-Track-K1 at Chennai Airport",,Airport Authority of India [AAI],,Tamil Nadu,2024-07,2025-10,2028-01,,,480.06,0.0,9.68,3.6,2026-08,FlashReport_August_2026.pdf,58,"{""approval"": ""07/2024"", ""start"": ""(10/2025)"", ""actual"": null, ""original"": ""01/2028"", ""revised"": ""(-)""}","{""original"": ""480.06"", ""revised"": ""0.00"", ""expenditure"": ""9.68""}"
611602,"Modernization of Chennai Airport, Phase II, Part 2",,Airport Authority of India [AAI],,Tamil Nadu,2018-05,2023-06,2025-07,2027-04,,1207.0,0.0,368.1,49.5,2026-08,FlashReport_August_2026.pdf,58,"{""approval"": ""05/2018"", ""start"": ""(06/2023)"", ""actual"": null, ""original"": ""07/2025"", ""revised"": ""(04/2027)""}","{""original"": ""1,207.00"", ""revised"": ""0.00"", ""expenditure"": ""368.10""}"
701113,"Development of Lal Bahadur Shastri International airport, Varanasi including C/o New Terminal Building, Apron Extension, Runway Extension, PTT and allied works.",,Airport Authority of India [AAI],,Uttar Pradesh,2024-07,2024-07,2027-07,2027-07,,2869.65,0.0,812.14,35.0,2026-08,FlashReport_August_2026.pdf,58,"{""approval"": ""07/2024"", ""start"": ""(07/2024)"", ""actual"": null, ""original"": ""07/2027"", ""revised"": ""(07/2027)""}","{""original"": ""2,869.65"", ""revised"": ""0.00"", ""expenditure"": ""812.14""}"
701122,Development of New Integrated Civil Enclave at Agra Airport,,Airport Authority of India [AAI],,Uttar Pradesh,2024-06,2024-07,2026-07,2026-11,,579.0,0.0,245.81,46.24,2026-08,FlashReport_August_2026.pdf,58,"{""approval"": ""06/2024"", ""start"": ""(07/2024)"", ""actual"": null, ""original"": ""07/2026"", ""revised"": ""(11/2026)""}","{""original"": ""579.00"", ""revised"": ""0.00"", ""expenditure"": ""245.81""}"
611495,Development of New Civil Enclave at Bagdogra Airport,,Airport Authority of India [AAI],,West Bengal,2024-08,2024-09,2027-03,2027-03,,1549.0,0.0,570.75,29.27,2026-08,FlashReport_August_2026.pdf,58,"{""approval"": ""08/2024"", ""start"": ""(09/2024)"", ""actual"": null, ""original"": ""03/2027"", ""revised"": ""(03/2027)""}","{""original"": ""1,549.00"", ""revised"": ""0.00"", ""expenditure"": ""570.75""}"
612791,"Re-Construction of Rigid portions of Secondary Runway, K and A Taxiway and Strengthening of C Taxiway at NSCBI Airport Kolkata.",,Airport Authority of India [AAI],,West Bengal,2023-03,2023-12,2025-10,2026-08,,328.3,0.0,153.75,73.9,2026-08,FlashReport_August_2026.pdf,58,"{""approval"": ""03/2023"", ""start"": ""(12/2023)"", ""actual"": null, ""original"": ""10/2025"", ""revised"": ""(08/2026)""}","{""original"": ""328.30"", ""revised"": ""0.00"", ""expenditure"": ""153.75""}"
615820,TIKAK EXTENSION OCP,,INVALID CO.,,Assam,2022-07,2022-07,2031-07,,,159.77,0.0,112.79,89.73,2026-08,FlashReport_August_2026.pdf,58,"{""approval"": ""07/2022"", ""start"": ""(07/2022)"", ""actual"": null, ""original"": ""07/2031"", ""revised"": ""(-)""}","{""original"": ""159.77"", ""revised"": ""0.00"", ""expenditure"": ""112.79""}"
615821,TIRAP OCP,,INVALID CO.,,Assam,2022-11,2022-11,2030-11,,,289.46,0.0,105.66,5.0,2026-08,FlashReport_August_2026.pdf,58,"{""approval"": ""11/2022"", ""start"": ""(11/2022)"", ""actual"": null, ""original"": ""11/2030"", ""revised"": ""(-)""}","{""original"": ""289.46"", ""revised"": ""0.00"", ""expenditure"": ""105.66""}"
400144,PORDA CHIMTAPANI OCP [10 MTY],,SECL - CIL,,Chhattisgarh,2020-12,2020-12,2029-03,,,2310.12,0.0,119.2,11.81,2026-08,FlashReport_August_2026.pdf,58,"{""approval"": ""12/2020"", ""start"": ""(12/2020)"", ""actual"": null, ""original"": ""03/2029"", ""revised"": ""(-)""}","{""original"": ""2,310.12"", ""revised"": ""0.00"", ""expenditure"": ""119.20""}"
400149,BAROUD OC EXPANSION [3.0-10.0M,,SECL - CIL,,Chhattisgarh,2020-08,2020-08,2029-03,,,2309.8,0.0,1040.67,55.95,2026-08,FlashReport_August_2026.pdf,58,"{""approval"": ""08/2020"", ""start"": ""(08/2020)"", ""actual"": null, ""original"": ""03/2029"", ""revised"": ""(-)""}","{""original"": ""2,309.80"", ""revised"": ""0.00"", ""expenditure"": ""1,040.67""}"
400354,DIPKA EXPANSION OCP [40 MTY],,SECL - CIL,,Chhattisgarh,2020-12,2020-12,2029-03,,,5241.4,0.0,2949.65,39.34,2026-08,FlashReport_August_2026.pdf,58,"{""approval"": ""12/2020"", ""start"": ""(12/2020)"", ""actual"": null, ""original"": ""03/2029"", ""revised"": ""(-)""}","{""original"": ""5,241.40"", ""revised"": ""0.00"", ""expenditure"": ""2,949.65""}"
400424,GEVRA OC [70 MTY],,SECL - CIL,,Chhattisgarh,2016-03,2016-03,2023-03,2027-03,,11816.4,0.0,6984.95,78.48,2026-08,FlashReport_August_2026.pdf,58,"{""approval"": ""03/2016"", ""start"": ""(03/2016)"", ""actual"": null, ""original"": ""03/2023"", ""revised"": ""(03/2027)""}","{""original"": ""11,816.40"", ""revised"": ""0.00"", ""expenditure"": ""6,984.95""}"
613798,AMERA OC RCE [1.0 MTY],,SECL - CIL,,Chhattisgarh,2015-02,2015-02,2026-03,,,335.97,0.0,91.95,42.47,2026-08,FlashReport_August_2026.pdf,58,"{""approval"": ""02/2015"", ""start"": ""(02/2015)"", ""actual"": null, ""original"": ""03/2026"", ""revised"": ""(-)""}","{""original"": ""335.97"", ""revised"": ""0.00"", ""expenditure"": ""91.95""}"
613799,AMGAON OC RCE [1.0 MTY],,SECL - CIL,,Chhattisgarh,2015-07,2015-07,2026-03,,,316.11,0.0,193.0,78.86,2026-08,FlashReport_August_2026.pdf,58,"{""approval"": ""07/2015"", ""start"": ""(07/2015)"", ""actual"": null, ""original"": ""03/2026"", ""revised"": ""(-)""}","{""original"": ""316.11"", ""revised"": ""0.00"", ""expenditure"": ""193.00""}"
613800,JAGANNATHPUR OC RCE PROJECT,,SECL - CIL,,Chhattisgarh,2016-07,2016-07,2025-03,2027-03,,459.49,0.0,280.03,96.15,2026-08,FlashReport_August_2026.pdf,58,"{""approval"": ""07/2016"", ""start"": ""(07/2016)"", ""actual"": null, ""original"": ""03/2025"", ""revised"": ""(03/2027)""}","{""original"": ""459.49"", ""revised"": ""0.00"", ""expenditure"": ""280.03""}"
613801,MAHAMAYA OCP [1.50 MTY],,SECL - CIL,,Chhattisgarh,2018-05,2018-05,2026-03,2028-03,,410.26,0.0,188.9,54.6,2026-08,FlashReport_August_2026.pdf,58,"{""approval"": ""05/2018"", ""start"": ""(05/2018)"", ""actual"": null, ""original"": ""03/2026"", ""revised"": ""(03/2028)""}","{""original"": ""410.26"", ""revised"": ""0.00"", ""expenditure"": ""188.90""}"
615191,KATKONA RO UG MINE,,SECL - CIL,,Chhattisgarh,2023-01,2023-01,2029-03,,,329.21,0.0,62.01,2.01,2026-08,FlashReport_August_2026.pdf,58,"{""approval"": ""01/2023"", ""start"": ""(01/2023)"", ""actual"": null, ""original"": ""03/2029"", ""revised"": ""(-)""}","{""original"": ""329.21"", ""revised"": ""0.00"", ""expenditure"": ""62.01""}"
616234,PELMA OC MDO,,SECL - CIL,,Chhattisgarh,2022-10,2022-10,2033-03,,,1725.04,0.0,16.71,23.75,2026-08,FlashReport_August_2026.pdf,58,"{""approval"": ""10/2022"", ""start"": ""(10/2022)"", ""actual"": null, ""original"": ""03/2033"", ""revised"": ""(-)""}","{""original"": ""1,725.04"", ""revised"": ""0.00"", ""expenditure"": ""16.71""}"
617287,KUSMUNDA OC EXPANSION PROJECT,,SECL - CIL,,Chhattisgarh,2024-11,2024-11,2030-03,,,4516.88,0.0,847.62,23.85,2026-08,FlashReport_August_2026.pdf,58,"{""approval"": ""11/2024"", ""start"": ""(11/2024)"", ""actual"": null, ""original"": ""03/2030"", ""revised"": ""(-)""}","{""original"": ""4,516.88"", ""revised"": ""0.00"", ""expenditure"": ""847.62""}"
617288,MANIKPUR OC EXPANSION PROJECT,,SECL - CIL,,Chhattisgarh,2025-01,2025-01,2029-03,,,382.61,0.0,139.04,21.29,2026-08,FlashReport_August_2026.pdf,59,"{""approval"": ""01/2025"", ""start"": ""(01/2025)"", ""actual"": null, ""original"": ""03/2029"", ""revised"": ""(-)""}","{""original"": ""382.61"", ""revised"": ""0.00"", ""expenditure"": ""139.04""}"
619171,RPR FOR DURGAPUR OCP 10 MTY,,SECL - CIL,,Chhattisgarh,2025-09,2025-09,2032-03,,,2415.91,0.0,5.36,0.01,2026-08,FlashReport_August_2026.pdf,59,"{""approval"": ""09/2025"", ""start"": ""(09/2025)"", ""actual"": null, ""original"": ""03/2032"", ""revised"": ""(-)""}","{""original"": ""2,415.91"", ""revised"": ""0.00"", ""expenditure"": ""5.36""}"
619172,MADANNAGAR OCP 12 MTY - MDO,,SECL - CIL,,Chhattisgarh,2024-12,2024-12,2033-03,,,1859.19,0.0,1.53,0.0,2026-08,FlashReport_August_2026.pdf,59,"{""approval"": ""12/2024"", ""start"": ""(12/2024)"", ""actual"": null, ""original"": ""03/2033"", ""revised"": ""(-)""}","{""original"": ""1,859.19"", ""revised"": ""0.00"", ""expenditure"": ""1.53""}"
400018,HURA C OCP,,ECL - CIL,,Jharkhand,2022-08,2022-08,2029-03,,,859.41,0.0,457.91,63.3,2026-08,FlashReport_August_2026.pdf,59,"{""approval"": ""08/2022"", ""start"": ""(08/2022)"", ""actual"": null, ""original"": ""03/2029"", ""revised"": ""(-)""}","{""original"": ""859.41"", ""revised"": ""0.00"", ""expenditure"": ""457.91""}"
400073,KONAR EXPANSION OCP,,CCL - CIL,,Jharkhand,2022-01,2022-01,2032-03,,,674.65,0.0,175.59,51.05,2026-08,FlashReport_August_2026.pdf,59,"{""approval"": ""01/2022"", ""start"": ""(01/2022)"", ""actual"": null, ""original"": ""03/2032"", ""revised"": ""(-)""}","{""original"": ""674.65"", ""revised"": ""0.00"", ""expenditure"": ""175.59""}"
400074,KARO EXPANSION OCP,,CCL - CIL,,Jharkhand,2022-01,2022-01,2029-03,,,849.31,0.0,213.82,23.32,2026-08,FlashReport_August_2026.pdf,59,"{""approval"": ""01/2022"", ""start"": ""(01/2022)"", ""actual"": null, ""original"": ""03/2029"", ""revised"": ""(-)""}","{""original"": ""849.31"", ""revised"": ""0.00"", ""expenditure"": ""213.82""}"
400136,SANGHMITRA OC,,CCL - CIL,,Jharkhand,2024-03,2024-03,2032-03,,,2660.0,0.0,17.34,16.77,2026-08,FlashReport_August_2026.pdf,59,"{""approval"": ""03/2024"", ""start"": ""(03/2024)"", ""actual"": null, ""original"": ""03/2032"", ""revised"": ""(-)""}","{""original"": ""2,660.00"", ""revised"": ""0.00"", ""expenditure"": ""17.34""}"
400138,CHANDRAGUPT OCP,,CCL - CIL,,Jharkhand,2020-08,2020-08,2032-03,,,973.5,0.0,440.75,25.11,2026-08,FlashReport_August_2026.pdf,59,"{""approval"": ""08/2020"", ""start"": ""(08/2020)"", ""actual"": null, ""original"": ""03/2032"", ""revised"": ""(-)""}","{""original"": ""973.50"", ""revised"": ""0.00"", ""expenditure"": ""440.75""}"
400139,KOTRE BASANTPUR PACHMO OCP,,Ministry of Coal,,Jharkhand,2020-08,2020-08,2032-03,,,625.4,0.0,456.48,46.09,2026-08,FlashReport_August_2026.pdf,59,"{""approval"": ""08/2020"", ""start"": ""(08/2020)"", ""actual"": null, ""original"": ""03/2032"", ""revised"": ""(-)""}","{""original"": ""625.40"", ""revised"": ""0.00"", ""expenditure"": ""456.48""}"
400142,Pachwara South Coal Block,,NLC India Limited,,Jharkhand,2016-03,2019-11,2028-09,,,2242.9,0.0,1448.39,87.0,2026-08,FlashReport_August_2026.pdf,59,"{""approval"": ""03/2016"", ""start"": ""(11/2019)"", ""actual"": null, ""original"": ""09/2028"", ""revised"": ""(-)""}","{""original"": ""2,242.90"", ""revised"": ""0.00"", ""expenditure"": ""1,448.39""}"
400150,RPR MAGADH EXP OCP,,Ministry of Coal,,Jharkhand,2020-08,2020-08,2028-03,,,6964.33,0.0,1880.46,39.48,2026-08,FlashReport_August_2026.pdf,59,"{""approval"": ""08/2020"", ""start"": ""(08/2020)"", ""actual"": null, ""original"": ""03/2028"", ""revised"": ""(-)""}","{""original"": ""6,964.33"", ""revised"": ""0.00"", ""expenditure"": ""1,880.46""}"
400151,NORTH URIMARI EXPANSION OCP,,Ministry of Coal,,Jharkhand,2021-07,2021-07,2029-03,,,634.3,0.0,598.45,69.08,2026-08,FlashReport_August_2026.pdf,59,"{""approval"": ""07/2021"", ""start"": ""(07/2021)"", ""actual"": null, ""original"": ""03/2029"", ""revised"": ""(-)""}","{""original"": ""634.30"", ""revised"": ""0.00"", ""expenditure"": ""598.45""}"
400153,EPR ROHINI - KARKETTA OCP,,Ministry of Coal,,Jharkhand,2021-01,2021-01,2028-03,,,995.57,0.0,85.34,24.21,2026-08,FlashReport_August_2026.pdf,59,"{""approval"": ""01/2021"", ""start"": ""(01/2021)"", ""actual"": null, ""original"": ""03/2028"", ""revised"": ""(-)""}","{""original"": ""995.57"", ""revised"": ""0.00"", ""expenditure"": ""85.34""}"
400154,EPR PUNDI OCP,,Ministry of Coal,,Jharkhand,2020-11,2020-11,2027-03,,,639.6,0.0,14.78,11.24,2026-08,FlashReport_August_2026.pdf,59,"{""approval"": ""11/2020"", ""start"": ""(11/2020)"", ""actual"": null, ""original"": ""03/2027"", ""revised"": ""(-)""}","{""original"": ""639.60"", ""revised"": ""0.00"", ""expenditure"": ""14.78""}"
400155,EPR ASHOK OC,,Ministry of Coal,,Jharkhand,2021-05,2021-05,2031-03,,,2821.07,0.0,186.02,27.96,2026-08,FlashReport_August_2026.pdf,59,"{""approval"": ""05/2021"", ""start"": ""(05/2021)"", ""actual"": null, ""original"": ""03/2031"", ""revised"": ""(-)""}","{""original"": ""2,821.07"", ""revised"": ""0.00"", ""expenditure"": ""186.02""}"
400156,EPR AMRAPALI OCP,,CCL - CIL,,Jharkhand,2020-02,2020-02,2028-03,,,4983.57,0.0,1383.71,43.78,2026-08,FlashReport_August_2026.pdf,59,"{""approval"": ""02/2020"", ""start"": ""(02/2020)"", ""actual"": null, ""original"": ""03/2028"", ""revised"": ""(-)""}","{""original"": ""4,983.57"", ""revised"": ""0.00"", ""expenditure"": ""1,383.71""}"
400160,RAJRAPPA RCE OCP,,CCL - CIL,,Jharkhand,2009-12,2009-12,2016-03,2027-03,,510.85,0.0,488.71,75.78,2026-08,FlashReport_August_2026.pdf,59,"{""approval"": ""12/2009"", ""start"": ""(12/2009)"", ""actual"": null, ""original"": ""03/2016"", ""revised"": ""(03/2027)""}","{""original"": ""510.85"", ""revised"": ""0.00"", ""expenditure"": ""488.71""}"
400172,CHITRA EAST OC,,ECL - CIL,,Jharkhand,2018-08,2018-08,2026-03,2028-03,,513.99,0.0,276.49,53.03,2026-08,FlashReport_August_2026.pdf,59,"{""approval"": ""08/2018"", ""start"": ""(08/2018)"", ""actual"": null, ""original"": ""03/2026"", ""revised"": ""(03/2028)""}","{""original"": ""513.99"", ""revised"": ""0.00"", ""expenditure"": ""276.49""}"
400352,JHARKHAND-LAIYO OCP,,Ministry of Coal,,Jharkhand,2020-08,2020-08,2031-03,,,654.87,0.0,26.54,32.63,2026-08,FlashReport_August_2026.pdf,59,"{""approval"": ""08/2020"", ""start"": ""(08/2020)"", ""actual"": null, ""original"": ""03/2031"", ""revised"": ""(-)""}","{""original"": ""654.87"", ""revised"": ""0.00"", ""expenditure"": ""26.54""}"
400425,MOONIDIH XV SEAM UG,,BCCL - CIL,,Jharkhand,2011-08,2011-08,2019-03,2026-09,,1230.27,0.0,813.42,85.33,2026-08,FlashReport_August_2026.pdf,59,"{""approval"": ""08/2011"", ""start"": ""(08/2011)"", ""actual"": null, ""original"": ""03/2019"", ""revised"": ""(09/2026)""}","{""original"": ""1,230.27"", ""revised"": ""0.00"", ""expenditure"": ""813.42""}"
611864,AMALAGAMATED NTST KUJAMA OCP 8,,BCCL - CIL,,Jharkhand,2023-01,2023-01,2030-03,,,4011.85,0.0,449.34,31.64,2026-08,FlashReport_August_2026.pdf,59,"{""approval"": ""01/2023"", ""start"": ""(01/2023)"", ""actual"": null, ""original"": ""03/2030"", ""revised"": ""(-)""}","{""original"": ""4,011.85"", ""revised"": ""0.00"", ""expenditure"": ""449.34""}"
613808,MURAIDIH UG PROJECT,,BCCL - CIL,,Jharkhand,2011-02,2011-02,2014-04,2026-12,,339.87,0.0,191.49,70.47,2026-08,FlashReport_August_2026.pdf,59,"{""approval"": ""02/2011"", ""start"": ""(02/2011)"", ""actual"": null, ""original"": ""04/2014"", ""revised"": ""(12/2026)""}","{""original"": ""339.87"", ""revised"": ""0.00"", ""expenditure"": ""191.49""}"
615349,TAPIN SOUTH EXPN,,CCL - CIL,,Jharkhand,2020-11,2020-11,2028-03,,,230.41,0.0,22.02,24.19,2026-08,FlashReport_August_2026.pdf,59,"{""approval"": ""11/2020"", ""start"": ""(11/2020)"", ""actual"": null, ""original"": ""03/2028"", ""revised"": ""(-)""}","{""original"": ""230.41"", ""revised"": ""0.00"", ""expenditure"": ""22.02""}"
615822,SIRKA OC,,CCL - CIL,,Jharkhand,2020-05,2020-05,2028-03,,,183.18,0.0,89.92,56.92,2026-08,FlashReport_August_2026.pdf,60,"{""approval"": ""05/2020"", ""start"": ""(05/2020)"", ""actual"": null, ""original"": ""03/2028"", ""revised"": ""(-)""}","{""original"": ""183.18"", ""revised"": ""0.00"", ""expenditure"": ""89.92""}"
615843,TETARIAKHAR OC,,CCL - CIL,,Jharkhand,2019-11,2019-11,2025-03,2027-03,,232.64,0.0,51.07,30.17,2026-08,FlashReport_August_2026.pdf,60,"{""approval"": ""11/2019"", ""start"": ""(11/2019)"", ""actual"": null, ""original"": ""03/2025"", ""revised"": ""(03/2027)""}","{""original"": ""232.64"", ""revised"": ""0.00"", ""expenditure"": ""51.07""}"
616225,CHUPERBHITA SIMLONG OCP MDO 6,,ECL - CIL,,Jharkhand,2023-12,2023-12,2037-03,,,979.08,0.0,0.0,0.05,2026-08,FlashReport_August_2026.pdf,60,"{""approval"": ""12/2023"", ""start"": ""(12/2023)"", ""actual"": null, ""original"": ""03/2037"", ""revised"": ""(-)""}","{""original"": ""979.08"", ""revised"": ""0.00"", ""expenditure"": ""0.00""}"
616236,JARANGDIH EXPN. OCP 1.5 MTY,,CCL - CIL,,Jharkhand,2020-02,2020-02,2029-03,,,372.06,0.0,85.6,33.1,2026-08,FlashReport_August_2026.pdf,60,"{""approval"": ""02/2020"", ""start"": ""(02/2020)"", ""actual"": null, ""original"": ""03/2029"", ""revised"": ""(-)""}","{""original"": ""372.06"", ""revised"": ""0.00"", ""expenditure"": ""85.60""}"
616253,BLOCK E OCP,,BCCL - CIL,,Jharkhand,2024-03,2024-03,2029-03,,,5850.83,0.0,20.32,4.56,2026-08,FlashReport_August_2026.pdf,60,"{""approval"": ""03/2024"", ""start"": ""(03/2024)"", ""actual"": null, ""original"": ""03/2029"", ""revised"": ""(-)""}","{""original"": ""5,850.83"", ""revised"": ""0.00"", ""expenditure"": ""20.32""}"
617416,"Revised Jharia Master Plan for Dealing with Fire, Subsidence & Rehabilitation of affected families in Jharia Coalfield- Reg.",,Bharat Coking Coal Limited [BCCL],,Jharkhand,2025-06,2025-07,2028-12,,,5940.47,0.0,520.75,34.0,2026-08,FlashReport_August_2026.pdf,60,"{""approval"": ""06/2025"", ""start"": ""(07/2025)"", ""actual"": null, ""original"": ""12/2028"", ""revised"": ""(-)""}","{""original"": ""5,940.47"", ""revised"": ""0.00"", ""expenditure"": ""520.75""}"
617764,North Dhadu Western Part OCP,,NLC India Limited [NLCIL],,Jharkhand,2023-10,2023-12,2029-03,,,1354.2,0.0,235.29,40.0,2026-08,FlashReport_August_2026.pdf,60,"{""approval"": ""10/2023"", ""start"": ""(12/2023)"", ""actual"": null, ""original"": ""03/2029"", ""revised"": ""(-)""}","{""original"": ""1,354.20"", ""revised"": ""0.00"", ""expenditure"": ""235.29""}"
400148,AMADAND OCP[4.0MTY],,SECL - CIL,,Madhya Pradesh,2016-03,2016-03,2021-03,2027-03,,869.44,0.0,333.43,75.15,2026-08,FlashReport_August_2026.pdf,60,"{""approval"": ""03/2016"", ""start"": ""(03/2016)"", ""actual"": null, ""original"": ""03/2021"", ""revised"": ""(03/2027)""}","{""original"": ""869.44"", ""revised"": ""0.00"", ""expenditure"": ""333.43""}"
400162,BLOCK B EXPANSION [3.5 TO 8.0,,NCL - CIL,,Madhya Pradesh,2019-07,2019-07,2023-03,2027-03,,998.71,0.0,548.84,51.53,2026-08,FlashReport_August_2026.pdf,60,"{""approval"": ""07/2019"", ""start"": ""(07/2019)"", ""actual"": null, ""original"": ""03/2023"", ""revised"": ""(03/2027)""}","{""original"": ""998.71"", ""revised"": ""0.00"", ""expenditure"": ""548.84""}"
400321,NIGAHI EXPANSION [15 TO 25 MTP,,NCL - CIL,,Madhya Pradesh,2020-11,2020-11,2025-03,2028-03,,1729.68,0.0,1001.52,53.74,2026-08,FlashReport_August_2026.pdf,60,"{""approval"": ""11/2020"", ""start"": ""(11/2020)"", ""actual"": null, ""original"": ""03/2025"", ""revised"": ""(03/2028)""}","{""original"": ""1,729.68"", ""revised"": ""0.00"", ""expenditure"": ""1,001.52""}"
540543,RPR OF TAWA III UG MINE - 0.84,,WCL - CIL,,Madhya Pradesh,2026-03,2026-03,2032-03,,,374.18,0.0,0.0,0.01,2026-08,FlashReport_August_2026.pdf,60,"{""approval"": ""03/2026"", ""start"": ""(03/2026)"", ""actual"": null, ""original"": ""03/2032"", ""revised"": ""(-)""}","{""original"": ""374.18"", ""revised"": ""0.00"", ""expenditure"": ""0.00""}"
613802,KANCHAN OC EXP,,SECL - CIL,,Madhya Pradesh,2014-12,2014-12,2026-03,2028-03,,371.04,0.0,153.4,58.2,2026-08,FlashReport_August_2026.pdf,60,"{""approval"": ""12/2014"", ""start"": ""(12/2014)"", ""actual"": null, ""original"": ""03/2026"", ""revised"": ""(03/2028)""}","{""original"": ""371.04"", ""revised"": ""0.00"", ""expenditure"": ""153.40""}"
613803,JHIRIA WEST OCP [1.5 MTY],,SECL - CIL,,Madhya Pradesh,2024-01,2024-01,2029-03,,,366.94,0.0,37.82,41.29,2026-08,FlashReport_August_2026.pdf,60,"{""approval"": ""01/2024"", ""start"": ""(01/2024)"", ""actual"": null, ""original"": ""03/2029"", ""revised"": ""(-)""}","{""original"": ""366.94"", ""revised"": ""0.00"", ""expenditure"": ""37.82""}"
613804,RPR TAWA-III UG 0.84 MTY,,WCL - CIL,,Madhya Pradesh,2021-12,2021-12,2027-03,,,314.09,0.0,17.61,17.78,2026-08,FlashReport_August_2026.pdf,60,"{""approval"": ""12/2021"", ""start"": ""(12/2021)"", ""actual"": null, ""original"": ""03/2027"", ""revised"": ""(-)""}","{""original"": ""314.09"", ""revised"": ""0.00"", ""expenditure"": ""17.61""}"
615185,AMALGAMATED DHANKASA & JAMUNIA,,WCL - CIL,,Madhya Pradesh,2022-09,2022-09,2027-03,,,399.2,0.0,109.67,67.13,2026-08,FlashReport_August_2026.pdf,60,"{""approval"": ""09/2022"", ""start"": ""(09/2022)"", ""actual"": null, ""original"": ""03/2027"", ""revised"": ""(-)""}","{""original"": ""399.20"", ""revised"": ""0.00"", ""expenditure"": ""109.67""}"
615187,RPR OF VISHNUPURI UG TO OC,,WCL - CIL,,Madhya Pradesh,2022-11,2022-11,2029-03,,,220.62,0.0,0.0,11.2,2026-08,FlashReport_August_2026.pdf,60,"{""approval"": ""11/2022"", ""start"": ""(11/2022)"", ""actual"": null, ""original"": ""03/2029"", ""revised"": ""(-)""}","{""original"": ""220.62"", ""revised"": ""0.00"", ""expenditure"": ""0.00""}"
615194,URDHAN EXPANSION OC COST PLUS,,WCL - CIL,,Madhya Pradesh,2022-07,2023-01,2031-03,,,206.88,0.0,27.79,2.02,2026-08,FlashReport_August_2026.pdf,60,"{""approval"": ""07/2022"", ""start"": ""(01/2023)"", ""actual"": null, ""original"": ""03/2031"", ""revised"": ""(-)""}","{""original"": ""206.88"", ""revised"": ""0.00"", ""expenditure"": ""27.79""}"
615195,SHARDA UG MINE,,WCL - CIL,,Madhya Pradesh,2022-07,2023-09,2028-03,,,166.25,0.0,5.27,9.39,2026-08,FlashReport_August_2026.pdf,60,"{""approval"": ""07/2022"", ""start"": ""(09/2023)"", ""actual"": null, ""original"": ""03/2028"", ""revised"": ""(-)""}","{""original"": ""166.25"", ""revised"": ""0.00"", ""expenditure"": ""5.27""}"
615206,GANDHIGRAM UG MINE,,WCL - CIL,,Madhya Pradesh,2019-08,2019-08,2026-03,2027-03,,414.15,0.0,22.19,56.88,2026-08,FlashReport_August_2026.pdf,60,"{""approval"": ""08/2019"", ""start"": ""(08/2019)"", ""actual"": null, ""original"": ""03/2026"", ""revised"": ""(03/2027)""}","{""original"": ""414.15"", ""revised"": ""0.00"", ""expenditure"": ""22.19""}"
619032,JAYANT EXPN. [20 TO 38 MTPA],,NCL - CIL,,Madhya Pradesh,2025-02,2025-02,2032-03,,,25560.48,0.0,425.01,2.63,2026-08,FlashReport_August_2026.pdf,60,"{""approval"": ""02/2025"", ""start"": ""(02/2025)"", ""actual"": null, ""original"": ""03/2032"", ""revised"": ""(-)""}","{""original"": ""25,560.48"", ""revised"": ""0.00"", ""expenditure"": ""425.01""}"
619053,RPR FOR RAMPUR BATURA OCP,,SECL - CIL,,Madhya Pradesh,2025-05,2025-05,2030-03,,,1604.69,0.0,75.35,0.3,2026-08,FlashReport_August_2026.pdf,60,"{""approval"": ""05/2025"", ""start"": ""(05/2025)"", ""actual"": null, ""original"": ""03/2030"", ""revised"": ""(-)""}","{""original"": ""1,604.69"", ""revised"": ""0.00"", ""expenditure"": ""75.35""}"
400033,BHATADI EXPANSION OC,,WCL - CIL,,Maharashtra,2020-02,2022-05,2028-03,,,580.61,0.0,112.17,36.38,2026-08,FlashReport_August_2026.pdf,60,"{""approval"": ""02/2020"", ""start"": ""(05/2022)"", ""actual"": null, ""original"": ""03/2028"", ""revised"": ""(-)""}","{""original"": ""580.61"", ""revised"": ""0.00"", ""expenditure"": ""112.17""}"
400177,AMALGAMATED YEKONA I & YEKONA,,WCL - CIL,,Maharashtra,2015-08,2015-08,2025-03,2027-03,,727.28,0.0,564.42,80.77,2026-08,FlashReport_August_2026.pdf,61,"{""approval"": ""08/2015"", ""start"": ""(08/2015)"", ""actual"": null, ""original"": ""03/2025"", ""revised"": ""(03/2027)""}","{""original"": ""727.28"", ""revised"": ""0.00"", ""expenditure"": ""564.42""}"
400178,DINESH[MAKARDHOKRA-III] OC,,WCL - CIL,,Maharashtra,2020-02,2020-02,2027-03,,,822.88,0.0,661.7,40.63,2026-08,FlashReport_August_2026.pdf,61,"{""approval"": ""02/2020"", ""start"": ""(02/2020)"", ""actual"": null, ""original"": ""03/2027"", ""revised"": ""(-)""}","{""original"": ""822.88"", ""revised"": ""0.00"", ""expenditure"": ""661.70""}"
400353,DHUPTALA OC [SASTI UG TO OC ],,WCL - CIL,,Maharashtra,2019-02,2021-10,2028-03,,,711.01,0.0,174.74,19.02,2026-08,FlashReport_August_2026.pdf,61,"{""approval"": ""02/2019"", ""start"": ""(10/2021)"", ""actual"": null, ""original"": ""03/2028"", ""revised"": ""(-)""}","{""original"": ""711.01"", ""revised"": ""0.00"", ""expenditure"": ""174.74""}"
615184,SAONER UG MINE -1 EXPANSION 1.,,WCL - CIL,,Maharashtra,2022-01,2022-01,2028-03,,,228.64,0.0,160.53,70.08,2026-08,FlashReport_August_2026.pdf,61,"{""approval"": ""01/2022"", ""start"": ""(01/2022)"", ""actual"": null, ""original"": ""03/2028"", ""revised"": ""(-)""}","{""original"": ""228.64"", ""revised"": ""0.00"", ""expenditure"": ""160.53""}"
615186,SASTI EXPANSION OPENCAST,,WCL - CIL,,Maharashtra,2020-08,2020-08,2026-03,2027-03,,319.04,0.0,114.9,32.33,2026-08,FlashReport_August_2026.pdf,61,"{""approval"": ""08/2020"", ""start"": ""(08/2020)"", ""actual"": null, ""original"": ""03/2026"", ""revised"": ""(03/2027)""}","{""original"": ""319.04"", ""revised"": ""0.00"", ""expenditure"": ""114.90""}"
615188,NEW MAJRI UG TO OC 3 MTY COST,,WCL - CIL,,Maharashtra,2019-05,2022-09,2027-03,,,402.27,0.0,68.74,24.17,2026-08,FlashReport_August_2026.pdf,61,"{""approval"": ""05/2019"", ""start"": ""(09/2022)"", ""actual"": null, ""original"": ""03/2027"", ""revised"": ""(-)""}","{""original"": ""402.27"", ""revised"": ""0.00"", ""expenditure"": ""68.74""}"
615189,MAKARDHOKRA EXPN OC 4.9 MTY,,WCL - CIL,,Maharashtra,2022-06,2022-06,2026-03,2027-03,,361.87,0.0,115.46,12.2,2026-08,FlashReport_August_2026.pdf,61,"{""approval"": ""06/2022"", ""start"": ""(06/2022)"", ""actual"": null, ""original"": ""03/2026"", ""revised"": ""(03/2027)""}","{""original"": ""361.87"", ""revised"": ""0.00"", ""expenditure"": ""115.46""}"
615190,SINGHORI DEEP OC MIN 2.0 MTY,,WCL - CIL,,Maharashtra,2022-05,2022-05,2029-03,,,335.75,0.0,54.91,9.64,2026-08,FlashReport_August_2026.pdf,61,"{""approval"": ""05/2022"", ""start"": ""(05/2022)"", ""actual"": null, ""original"": ""03/2029"", ""revised"": ""(-)""}","{""original"": ""335.75"", ""revised"": ""0.00"", ""expenditure"": ""54.91""}"
615192,GOKUL EXTENSION OC MINE,,WCL - CIL,,Maharashtra,2021-04,2021-04,2026-03,2027-03,,309.58,0.0,58.86,8.44,2026-08,FlashReport_August_2026.pdf,61,"{""approval"": ""04/2021"", ""start"": ""(04/2021)"", ""actual"": null, ""original"": ""03/2026"", ""revised"": ""(03/2027)""}","{""original"": ""309.58"", ""revised"": ""0.00"", ""expenditure"": ""58.86""}"
615199,KOLGAON EXPANSION DEEP OC MINE,,WCL - CIL,,Maharashtra,2023-01,2023-09,2027-03,,,198.71,0.0,26.84,8.0,2026-08,FlashReport_August_2026.pdf,61,"{""approval"": ""01/2023"", ""start"": ""(09/2023)"", ""actual"": null, ""original"": ""03/2027"", ""revised"": ""(-)""}","{""original"": ""198.71"", ""revised"": ""0.00"", ""expenditure"": ""26.84""}"
615330,BALLARPUR NORTH WEST OC MINE,,WCL - CIL,,Maharashtra,2022-12,2022-12,2029-03,,,360.81,0.0,35.58,5.34,2026-08,FlashReport_August_2026.pdf,61,"{""approval"": ""12/2022"", ""start"": ""(12/2022)"", ""actual"": null, ""original"": ""03/2029"", ""revised"": ""(-)""}","{""original"": ""360.81"", ""revised"": ""0.00"", ""expenditure"": ""35.58""}"
615331,GADEGAON OC 3 MTY,,WCL - CIL,,Maharashtra,2023-10,2023-10,2030-03,,,497.41,0.0,101.95,7.95,2026-08,FlashReport_August_2026.pdf,61,"{""approval"": ""10/2023"", ""start"": ""(10/2023)"", ""actual"": null, ""original"": ""03/2030"", ""revised"": ""(-)""}","{""original"": ""497.41"", ""revised"": ""0.00"", ""expenditure"": ""101.95""}"
615914,GHONSA EXPANSION DEEP OC MINE,,WCL - CIL,,Maharashtra,2021-03,2021-04,2029-03,,,184.71,0.0,15.72,13.03,2026-08,FlashReport_August_2026.pdf,61,"{""approval"": ""03/2021"", ""start"": ""(04/2021)"", ""actual"": null, ""original"": ""03/2029"", ""revised"": ""(-)""}","{""original"": ""184.71"", ""revised"": ""0.00"", ""expenditure"": ""15.72""}"
615916,AMLG GAURI PAUNI EXPANSION OC,,WCL - CIL,,Maharashtra,2024-04,2024-04,2030-03,,,1225.21,0.0,96.19,4.21,2026-08,FlashReport_August_2026.pdf,61,"{""approval"": ""04/2024"", ""start"": ""(04/2024)"", ""actual"": null, ""original"": ""03/2030"", ""revised"": ""(-)""}","{""original"": ""1,225.21"", ""revised"": ""0.00"", ""expenditure"": ""96.19""}"
615917,GAURIDEEP/GAURI CENTRAL OCP 7.,,WCL - CIL,,Maharashtra,2023-08,2024-06,2030-03,,,973.07,0.0,1.54,2.31,2026-08,FlashReport_August_2026.pdf,61,"{""approval"": ""08/2023"", ""start"": ""(06/2024)"", ""actual"": null, ""original"": ""03/2030"", ""revised"": ""(-)""}","{""original"": ""973.07"", ""revised"": ""0.00"", ""expenditure"": ""1.54""}"
615918,RPR OF BHANEGAON OC,,WCL - CIL,,Maharashtra,2017-02,2022-09,2028-03,,,405.2,0.0,38.51,16.74,2026-08,FlashReport_August_2026.pdf,61,"{""approval"": ""02/2017"", ""start"": ""(09/2022)"", ""actual"": null, ""original"": ""03/2028"", ""revised"": ""(-)""}","{""original"": ""405.20"", ""revised"": ""0.00"", ""expenditure"": ""38.51""}"
615919,N. EXTN. MUNGOLI NIRGUDA D OCP,,WCL - CIL,,Maharashtra,2024-06,2024-06,2029-03,,,1024.91,0.0,221.04,27.92,2026-08,FlashReport_August_2026.pdf,61,"{""approval"": ""06/2024"", ""start"": ""(06/2024)"", ""actual"": null, ""original"": ""03/2029"", ""revised"": ""(-)""}","{""original"": ""1,024.91"", ""revised"": ""0.00"", ""expenditure"": ""221.04""}"
615982,NILJAI EXPANSION DEEP OCP,,WCL - CIL,,Maharashtra,2016-08,2016-08,2022-03,2027-03,,319.75,0.0,197.75,79.83,2026-08,FlashReport_August_2026.pdf,61,"{""approval"": ""08/2016"", ""start"": ""(08/2016)"", ""actual"": null, ""original"": ""03/2022"", ""revised"": ""(03/2027)""}","{""original"": ""319.75"", ""revised"": ""0.00"", ""expenditure"": ""197.75""}"
616044,UKNI DEEP OC MINE -COST PLUS,,WCL - CIL,,Maharashtra,2018-11,2019-01,2021-03,2027-03,,237.06,0.0,172.53,94.61,2026-08,FlashReport_August_2026.pdf,61,"{""approval"": ""11/2018"", ""start"": ""(01/2019)"", ""actual"": null, ""original"": ""03/2021"", ""revised"": ""(03/2027)""}","{""original"": ""237.06"", ""revised"": ""0.00"", ""expenditure"": ""172.53""}"
616050,AMALGAMATED INDER-KAMPTEE DEEP,,WCL - CIL,,Maharashtra,2018-09,2018-09,2024-03,2027-03,,235.9,0.0,130.67,98.97,2026-08,FlashReport_August_2026.pdf,61,"{""approval"": ""09/2018"", ""start"": ""(09/2018)"", ""actual"": null, ""original"": ""03/2024"", ""revised"": ""(03/2027)""}","{""original"": ""235.90"", ""revised"": ""0.00"", ""expenditure"": ""130.67""}"
616223,ADASA UG TO OC MINE,,WCL - CIL,,Maharashtra,2018-11,2018-11,2024-03,2027-03,,316.0,0.0,209.29,87.02,2026-08,FlashReport_August_2026.pdf,61,"{""approval"": ""11/2018"", ""start"": ""(11/2018)"", ""actual"": null, ""original"": ""03/2024"", ""revised"": ""(03/2027)""}","{""original"": ""316.00"", ""revised"": ""0.00"", ""expenditure"": ""209.29""}"
616229,AMAL GONDEGAON GHATROHANA EXPN,,WCL - CIL,,Maharashtra,2024-09,2024-09,2029-03,,,668.54,0.0,2.95,2.55,2026-08,FlashReport_August_2026.pdf,61,"{""approval"": ""09/2024"", ""start"": ""(09/2024)"", ""actual"": null, ""original"": ""03/2029"", ""revised"": ""(-)""}","{""original"": ""668.54"", ""revised"": ""0.00"", ""expenditure"": ""2.95""}"
617233,WAGHODA UG MINE [1.02 MTY],,WCL - CIL,,Maharashtra,2024-01,2025-01,2030-03,,,379.3,0.0,0.0,0.11,2026-08,FlashReport_August_2026.pdf,61,"{""approval"": ""01/2024"", ""start"": ""(01/2025)"", ""actual"": null, ""original"": ""03/2030"", ""revised"": ""(-)""}","{""original"": ""379.30"", ""revised"": ""0.00"", ""expenditure"": ""0.00""}"
617278,KOLARPIMPRI EXPANSION OC [2.5,,WCL - CIL,,Maharashtra,2024-06,2025-02,2030-03,,,630.37,0.0,0.61,0.44,2026-08,FlashReport_August_2026.pdf,62,"{""approval"": ""06/2024"", ""start"": ""(02/2025)"", ""actual"": null, ""original"": ""03/2030"", ""revised"": ""(-)""}","{""original"": ""630.37"", ""revised"": ""0.00"", ""expenditure"": ""0.61""}"
619055,SAONER-III EXPN UG MINE 1.54,,WCL - CIL,,Maharashtra,2025-08,2025-08,2032-03,,,444.42,0.0,0.0,0.03,2026-08,FlashReport_August_2026.pdf,62,"{""approval"": ""08/2025"", ""start"": ""(08/2025)"", ""actual"": null, ""original"": ""03/2032"", ""revised"": ""(-)""}","{""original"": ""444.42"", ""revised"": ""0.00"", ""expenditure"": ""0.00""}"
400165,SUBHADRA OCP,,MCL - CIL,,Odisha,2021-05,2021-05,2032-04,,,1693.81,0.0,1335.11,46.78,2026-08,FlashReport_August_2026.pdf,62,"{""approval"": ""05/2021"", ""start"": ""(05/2021)"", ""actual"": null, ""original"": ""04/2032"", ""revised"": ""(-)""}","{""original"": ""1,693.81"", ""revised"": ""0.00"", ""expenditure"": ""1,335.11""}"
400166,SIARMAL OCP,,Mahanadi Coalfields Limited [MCL],,Odisha,2021-02,2021-02,2029-03,,,5194.95,0.0,3496.21,61.91,2026-08,FlashReport_August_2026.pdf,62,"{""approval"": ""02/2021"", ""start"": ""(02/2021)"", ""actual"": null, ""original"": ""03/2029"", ""revised"": ""(-)""}","{""original"": ""5,194.95"", ""revised"": ""0.00"", ""expenditure"": ""3,496.21""}"
400183,BALARAM EXPANSION OCP,,MCL - CIL,,Odisha,2020-08,2020-08,2029-03,,,3504.21,0.0,964.2,64.76,2026-08,FlashReport_August_2026.pdf,62,"{""approval"": ""08/2020"", ""start"": ""(08/2020)"", ""actual"": null, ""original"": ""03/2029"", ""revised"": ""(-)""}","{""original"": ""3,504.21"", ""revised"": ""0.00"", ""expenditure"": ""964.20""}"
400185,GOPALJI KANIHA OCP [10 TO 30 M,,MCL - CIL,,Odisha,2022-04,2022-04,2030-03,,,8416.19,0.0,1779.77,36.01,2026-08,FlashReport_August_2026.pdf,62,"{""approval"": ""04/2022"", ""start"": ""(04/2022)"", ""actual"": null, ""original"": ""03/2030"", ""revised"": ""(-)""}","{""original"": ""8,416.19"", ""revised"": ""0.00"", ""expenditure"": ""1,779.77""}"
400187,INTEGRATED LAKHANPUR-BELPAHAR-,,MCL - CIL,,Odisha,2018-05,2018-05,2027-03,,,2434.75,0.0,2149.98,83.3,2026-08,FlashReport_August_2026.pdf,62,"{""approval"": ""05/2018"", ""start"": ""(05/2018)"", ""actual"": null, ""original"": ""03/2027"", ""revised"": ""(-)""}","{""original"": ""2,434.75"", ""revised"": ""0.00"", ""expenditure"": ""2,149.98""}"
400392,BHARATPUR RE-ORGANIZATION OCP,,MCL - CIL,,Odisha,2018-11,2018-11,2029-03,,,2838.86,0.0,1716.51,53.54,2026-08,FlashReport_August_2026.pdf,62,"{""approval"": ""11/2018"", ""start"": ""(11/2018)"", ""actual"": null, ""original"": ""03/2029"", ""revised"": ""(-)""}","{""original"": ""2,838.86"", ""revised"": ""0.00"", ""expenditure"": ""1,716.51""}"
615857,Naini Coal Mine,,Singareni Collieries Company Limited [SCCL],,Odisha,2020-03,2020-03,2026-03,,,494.3,0.0,491.33,80.0,2026-08,FlashReport_August_2026.pdf,62,"{""approval"": ""03/2020"", ""start"": ""(03/2020)"", ""actual"": null, ""original"": ""03/2026"", ""revised"": ""(-)""}","{""original"": ""494.30"", ""revised"": ""0.00"", ""expenditure"": ""491.33""}"
616226,INTEGRATED KULDA GARJANBAHAL O,,MCL - CIL,,Odisha,2023-04,2023-04,2033-03,,,3563.5,0.0,693.62,10.43,2026-08,FlashReport_August_2026.pdf,62,"{""approval"": ""04/2023"", ""start"": ""(04/2023)"", ""actual"": null, ""original"": ""03/2033"", ""revised"": ""(-)""}","{""original"": ""3,563.50"", ""revised"": ""0.00"", ""expenditure"": ""693.62""}"
616231,BHUBANESWARI EXPN OCP 50 MTY,,MCL - CIL,,Odisha,2024-03,2024-03,2033-03,,,5366.27,0.0,478.44,34.36,2026-08,FlashReport_August_2026.pdf,62,"{""approval"": ""03/2024"", ""start"": ""(03/2024)"", ""actual"": null, ""original"": ""03/2033"", ""revised"": ""(-)""}","{""original"": ""5,366.27"", ""revised"": ""0.00"", ""expenditure"": ""478.44""}"
616232,HINGULA II OC EXPN PH III 15 M,,MCL - CIL,,Odisha,2022-11,2022-11,2029-03,,,1561.85,0.0,284.32,33.89,2026-08,FlashReport_August_2026.pdf,62,"{""approval"": ""11/2022"", ""start"": ""(11/2022)"", ""actual"": null, ""original"": ""03/2029"", ""revised"": ""(-)""}","{""original"": ""1,561.85"", ""revised"": ""0.00"", ""expenditure"": ""284.32""}"
616233,BALABHADRA OCP,,MCL - CIL,,Odisha,2023-04,2023-04,2030-03,,,978.44,0.0,253.17,19.48,2026-08,FlashReport_August_2026.pdf,62,"{""approval"": ""04/2023"", ""start"": ""(04/2023)"", ""actual"": null, ""original"": ""03/2030"", ""revised"": ""(-)""}","{""original"": ""978.44"", ""revised"": ""0.00"", ""expenditure"": ""253.17""}"
618982,Talabira II & III OCP - FMC,,NLC India Limited [NLCIL],,Odisha,2022-10,2023-05,2026-06,2026-12,,522.45,0.0,334.44,74.8,2026-08,FlashReport_August_2026.pdf,62,"{""approval"": ""10/2022"", ""start"": ""(05/2023)"", ""actual"": null, ""original"": ""06/2026"", ""revised"": ""(12/2026)""}","{""original"": ""522.45"", ""revised"": ""0.00"", ""expenditure"": ""334.44""}"
615818,Jawahar Khani Open Cast Mine,,Singareni Collieries Company Limited [SCCL],,Telangana,2021-12,2021-12,2025-03,2027-03,,297.88,0.0,50.39,20.0,2026-08,FlashReport_August_2026.pdf,62,"{""approval"": ""12/2021"", ""start"": ""(12/2021)"", ""actual"": null, ""original"": ""03/2025"", ""revised"": ""(03/2027)""}","{""original"": ""297.88"", ""revised"": ""0.00"", ""expenditure"": ""50.39""}"
615858,Kalyanikhani Opencast Project,,Singareni Collieries Company Limited [SCCL],,Telangana,2016-03,2017-05,2026-03,,,384.32,0.0,304.46,77.0,2026-08,FlashReport_August_2026.pdf,62,"{""approval"": ""03/2016"", ""start"": ""(05/2017)"", ""actual"": null, ""original"": ""03/2026"", ""revised"": ""(-)""}","{""original"": ""384.32"", ""revised"": ""0.00"", ""expenditure"": ""304.46""}"
615860,Godavarikhani Coal Mine - 5,,Singareni Collieries Company Limited [SCCL],,Telangana,2019-07,2019-05,2025-03,2026-03,,607.04,0.0,201.0,71.0,2026-08,FlashReport_August_2026.pdf,62,"{""approval"": ""07/2019"", ""start"": ""(05/2019)"", ""actual"": null, ""original"": ""03/2025"", ""revised"": ""(03/2026)""}","{""original"": ""607.04"", ""revised"": ""0.00"", ""expenditure"": ""201.00""}"
615861,Indaram Opencast Project,,Singareni Collieries Company Limited [SCCL],,Telangana,2017-08,2022-12,2025-03,2026-03,,424.81,0.0,409.12,81.0,2026-08,FlashReport_August_2026.pdf,62,"{""approval"": ""08/2017"", ""start"": ""(12/2022)"", ""actual"": null, ""original"": ""03/2025"", ""revised"": ""(03/2026)""}","{""original"": ""424.81"", ""revised"": ""0.00"", ""expenditure"": ""409.12""}"
615862,Goleti Opencast Mine,,Singareni Collieries Company Limited [SCCL],,Telangana,2021-07,2021-08,2026-03,,,345.6,0.0,111.94,33.0,2026-08,FlashReport_August_2026.pdf,62,"{""approval"": ""07/2021"", ""start"": ""(08/2021)"", ""actual"": null, ""original"": ""03/2026"", ""revised"": ""(-)""}","{""original"": ""345.60"", ""revised"": ""0.00"", ""expenditure"": ""111.94""}"
615863,Venkatesh Khani Coal Mine,,Singareni Collieries Company Limited [SCCL],,Telangana,2020-10,2020-06,2026-03,,,484.5,0.0,477.14,97.0,2026-08,FlashReport_August_2026.pdf,62,"{""approval"": ""10/2020"", ""start"": ""(06/2020)"", ""actual"": null, ""original"": ""03/2026"", ""revised"": ""(-)""}","{""original"": ""484.50"", ""revised"": ""0.00"", ""expenditure"": ""477.14""}"
615865,Kakatiyakhani OC - 2 Project,,Singareni Collieries Company Limited [SCCL],,Telangana,2017-08,2017-09,2025-03,2026-03,,442.42,0.0,257.04,64.0,2026-08,FlashReport_August_2026.pdf,62,"{""approval"": ""08/2017"", ""start"": ""(09/2017)"", ""actual"": null, ""original"": ""03/2025"", ""revised"": ""(03/2026)""}","{""original"": ""442.42"", ""revised"": ""0.00"", ""expenditure"": ""257.04""}"
400173,MOHANPUR EXPANSION OC -PHASE I,,ECL - CIL,,West Bengal,2020-11,2020-11,2026-03,2030-03,,888.99,0.0,143.68,31.52,2026-08,FlashReport_August_2026.pdf,63,"{""approval"": ""11/2020"", ""start"": ""(11/2020)"", ""actual"": null, ""original"": ""03/2026"", ""revised"": ""(03/2030)""}","{""original"": ""888.99"", ""revised"": ""0.00"", ""expenditure"": ""143.68""}"
400180,BONJEMEHARI EXPANSION OCP,,ECL - CIL,,West Bengal,2021-08,2021-08,2026-03,2030-03,,570.11,0.0,88.99,17.13,2026-08,FlashReport_August_2026.pdf,63,"{""approval"": ""08/2021"", ""start"": ""(08/2021)"", ""actual"": null, ""original"": ""03/2026"", ""revised"": ""(03/2030)""}","{""original"": ""570.11"", ""revised"": ""0.00"", ""expenditure"": ""88.99""}"
400181,NAKRAKONDA KUMARDIH- B OCP,,ECL - CIL,,West Bengal,2018-08,2018-08,2029-03,,,502.68,0.0,89.81,28.65,2026-08,FlashReport_August_2026.pdf,63,"{""approval"": ""08/2018"", ""start"": ""(08/2018)"", ""actual"": null, ""original"": ""03/2029"", ""revised"": ""(-)""}","{""original"": ""502.68"", ""revised"": ""0.00"", ""expenditure"": ""89.81""}"
400186,TILABONI UG,,ECL - CIL,,West Bengal,2023-01,2023-01,2029-03,,,749.08,0.0,87.71,12.16,2026-08,FlashReport_August_2026.pdf,63,"{""approval"": ""01/2023"", ""start"": ""(01/2023)"", ""actual"": null, ""original"": ""03/2029"", ""revised"": ""(-)""}","{""original"": ""749.08"", ""revised"": ""0.00"", ""expenditure"": ""87.71""}"
400312,JHANJRA EXPANSION UG,,ECL - CIL,,West Bengal,2020-04,2020-04,2029-03,,,1210.12,0.0,633.57,52.1,2026-08,FlashReport_August_2026.pdf,63,"{""approval"": ""04/2020"", ""start"": ""(04/2020)"", ""actual"": null, ""original"": ""03/2029"", ""revised"": ""(-)""}","{""original"": ""1,210.12"", ""revised"": ""0.00"", ""expenditure"": ""633.57""}"
400315,SONEPUR BAZARI EXPANSION OCP [,,ECL - CIL,,West Bengal,2021-07,2021-07,2029-03,,,5365.88,0.0,629.96,18.5,2026-08,FlashReport_August_2026.pdf,63,"{""approval"": ""07/2021"", ""start"": ""(07/2021)"", ""actual"": null, ""original"": ""03/2029"", ""revised"": ""(-)""}","{""original"": ""5,365.88"", ""revised"": ""0.00"", ""expenditure"": ""629.96""}"
612816,ITAPARA OCP,,ECL - CIL,,West Bengal,2023-12,2023-12,2030-03,,,929.1,0.0,71.89,8.53,2026-08,FlashReport_August_2026.pdf,63,"{""approval"": ""12/2023"", ""start"": ""(12/2023)"", ""actual"": null, ""original"": ""03/2030"", ""revised"": ""(-)""}","{""original"": ""929.10"", ""revised"": ""0.00"", ""expenditure"": ""71.89""}"
613793,SHYAMSUNDARPUR UG INCLUDING SA,,ECL - CIL,,West Bengal,2020-04,2020-04,2026-03,2028-03,,483.65,0.0,84.82,16.79,2026-08,FlashReport_August_2026.pdf,63,"{""approval"": ""04/2020"", ""start"": ""(04/2020)"", ""actual"": null, ""original"": ""03/2026"", ""revised"": ""(03/2028)""}","{""original"": ""483.65"", ""revised"": ""0.00"", ""expenditure"": ""84.82""}"
613794,PARASEA-BELBAID UG PROJECT,,ECL - CIL,,West Bengal,2023-01,2023-01,2028-03,,,389.1,0.0,133.27,23.22,2026-08,FlashReport_August_2026.pdf,63,"{""approval"": ""01/2023"", ""start"": ""(01/2023)"", ""actual"": null, ""original"": ""03/2028"", ""revised"": ""(-)""}","{""original"": ""389.10"", ""revised"": ""0.00"", ""expenditure"": ""133.27""}"
616230,PARASCOLE JAMBAD OCP,,ECL - CIL,,West Bengal,2024-11,2024-11,2037-03,,,1193.55,0.0,12.32,0.24,2026-08,FlashReport_August_2026.pdf,63,"{""approval"": ""11/2024"", ""start"": ""(11/2024)"", ""actual"": null, ""original"": ""03/2037"", ""revised"": ""(-)""}","{""original"": ""1,193.55"", ""revised"": ""0.00"", ""expenditure"": ""12.32""}"
617299,50 MW Wind Power Project,,NLC India Limited,,Gujarat,2022-07,2024-01,2025-06,2026-12,,383.84,0.0,333.34,52.0,2026-08,FlashReport_August_2026.pdf,63,"{""approval"": ""07/2022"", ""start"": ""(01/2024)"", ""actual"": null, ""original"": ""06/2025"", ""revised"": ""(12/2026)""}","{""original"": ""383.84"", ""revised"": ""0.00"", ""expenditure"": ""333.34""}"
617730,600 MW Khavda Solar Power Project,,NLC India Limited [NLCIL],,Gujarat,2023-08,2024-06,2026-06,2026-12,,3335.85,0.0,2202.23,65.0,2026-08,FlashReport_August_2026.pdf,63,"{""approval"": ""08/2023"", ""start"": ""(06/2024)"", ""actual"": null, ""original"": ""06/2026"", ""revised"": ""(12/2026)""}","{""original"": ""3,335.85"", ""revised"": ""0.00"", ""expenditure"": ""2,202.23""}"
618991,200 MW SPP part of 510 MW CPSU scheme,,NLC India Limited [NLCIL],,Gujarat,2022-07,2024-03,2026-12,,,1221.41,0.0,71.51,5.0,2026-08,FlashReport_August_2026.pdf,63,"{""approval"": ""07/2022"", ""start"": ""(03/2024)"", ""actual"": null, ""original"": ""12/2026"", ""revised"": ""(-)""}","{""original"": ""1,221.41"", ""revised"": ""0.00"", ""expenditure"": ""71.51""}"
618992,100 MW SPP part of SECI 150 MW Hybrid,,NLC India Limited [NLCIL],,Gujarat,2022-07,2024-04,2026-12,,,480.68,0.0,2.75,1.2,2026-08,FlashReport_August_2026.pdf,63,"{""approval"": ""07/2022"", ""start"": ""(04/2024)"", ""actual"": null, ""original"": ""12/2026"", ""revised"": ""(-)""}","{""original"": ""480.68"", ""revised"": ""0.00"", ""expenditure"": ""2.75""}"
400231,NLC Talabira Thermal Power Project,,NLC India Limited,,Odisha,2017-01,2024-01,2030-03,,,27212.96,0.0,3606.38,4.1,2026-08,FlashReport_August_2026.pdf,63,"{""approval"": ""01/2017"", ""start"": ""(01/2024)"", ""actual"": null, ""original"": ""03/2030"", ""revised"": ""(-)""}","{""original"": ""27,212.96"", ""revised"": ""0.00"", ""expenditure"": ""3,606.38""}"
618981,810 MW Solar Power Project - Rajasthan,,NLC India Limited [NLCIL],,Rajasthan,2024-10,2025-09,2028-03,,,4147.07,0.0,249.95,0.0,2026-08,FlashReport_August_2026.pdf,63,"{""approval"": ""10/2024"", ""start"": ""(09/2025)"", ""actual"": null, ""original"": ""03/2028"", ""revised"": ""(-)""}","{""original"": ""4,147.07"", ""revised"": ""0.00"", ""expenditure"": ""249.95""}"
400203,Dharamjaigarh-Korba,,Railway,,Chhattisgarh,2018-05,2017-03,2026-12,2026-08,,1686.22,0.0,792.73,43.7,2026-08,FlashReport_August_2026.pdf,63,"{""approval"": ""05/2018"", ""start"": ""(03/2017)"", ""actual"": null, ""original"": ""12/2026"", ""revised"": ""(08/2026)""}","{""original"": ""1,686.22"", ""revised"": ""0.00"", ""expenditure"": ""792.73""}"
400416,Shivpur-Kathautia New Rail [BG] Line [49 km] [Package II of Tori-Shivpur-Kathautia line],,Ministry of Coal,,Jharkhand,2018-02,2022-05,2025-06,2027-06,,1799.64,0.0,1784.77,72.0,2026-08,FlashReport_August_2026.pdf,63,"{""approval"": ""02/2018"", ""start"": ""(05/2022)"", ""actual"": null, ""original"": ""06/2025"", ""revised"": ""(06/2027)""}","{""original"": ""1,799.64"", ""revised"": ""0.00"", ""expenditure"": ""1,784.77""}"
400192,Tubed Coal Mine,,Damodar Valley Corporation,,Jharkhand,2016-07,2016-10,2026-05,2026-12,,1581.0,0.0,628.9,37.0,2026-08,FlashReport_August_2026.pdf,63,"{""approval"": ""07/2016"", ""start"": ""(10/2016)"", ""actual"": null, ""original"": ""05/2026"", ""revised"": ""(12/2026)""}","{""original"": ""1,581.00"", ""revised"": ""0.00"", ""expenditure"": ""628.90""}"
603293,Badam Coal Mining project of NTPC,,National Thermal Power Corporation [NTPC],,Jharkhand,2019-02,2019-09,2056-12,2027-04,,502.0,0.0,442.42,67.86,2026-08,FlashReport_August_2026.pdf,63,"{""approval"": ""02/2019"", ""start"": ""(09/2019)"", ""actual"": null, ""original"": ""12/2056"", ""revised"": ""(04/2027)""}","{""original"": ""502.00"", ""revised"": ""0.00"", ""expenditure"": ""442.42""}"
602182,Arunachal,,National Hydroelectric Power Corporation Limited [NHPC],,Pradesh,2023-02,2023-02,2032-02,2032-02,,31876.39,0.0,5118.73,18.12,2026-08,FlashReport_August_2026.pdf,64,"{""approval"": ""02/2023"", ""start"": ""(02/2023)"", ""actual"": null, ""original"": ""02/2032"", ""revised"": ""(02/2032)""}","{""original"": ""31,876.39"", ""revised"": ""0.00"", ""expenditure"": ""5,118.73""}"
611698,Arunachal,,North Eastern Electric Power Corporation Limited,,Pradesh,2024-12,2025-05,2029-07,,,1938.85,0.0,107.31,7.85,2026-08,FlashReport_August_2026.pdf,64,"{""approval"": ""12/2024"", ""start"": ""(05/2025)"", ""actual"": null, ""original"": ""07/2029"", ""revised"": ""(-)""}","{""original"": ""1,938.85"", ""revised"": ""0.00"", ""expenditure"": ""107.31""}"
611699,Arunachal,,North Eastern Electric Power Corporation Limited,,Pradesh,2024-12,2025-05,2029-07,,,1750.07,0.0,80.45,5.8,2026-08,FlashReport_August_2026.pdf,64,"{""approval"": ""12/2024"", ""start"": ""(05/2025)"", ""actual"": null, ""original"": ""07/2029"", ""revised"": ""(-)""}","{""original"": ""1,750.07"", ""revised"": ""0.00"", ""expenditure"": ""80.45""}"
611716,Arunachal,,North Eastern Electric Power Corporation Limited,,Pradesh,2025-09,2025-09,2031-09,,,8146.21,0.0,254.77,6.72,2026-08,FlashReport_August_2026.pdf,64,"{""approval"": ""09/2025"", ""start"": ""(09/2025)"", ""actual"": null, ""original"": ""09/2031"", ""revised"": ""(-)""}","{""original"": ""8,146.21"", ""revised"": ""0.00"", ""expenditure"": ""254.77""}"
619311,Arunachal,,THDC India Limited,,Pradesh,2026-04,2026-04,2032-10,,,14105.83,0.0,190.66,0.0,2026-08,FlashReport_August_2026.pdf,64,"{""approval"": ""04/2026"", ""start"": ""(04/2026)"", ""actual"": null, ""original"": ""10/2032"", ""revised"": ""(-)""}","{""original"": ""14,105.83"", ""revised"": ""0.00"", ""expenditure"": ""190.66""}"
602579,Buxar Thermal Power Project [1320 MW],,SJVN Limited,,Bihar,2019-03,2019-06,2024-01,2026-08,,10439.09,0.0,13813.98,95.05,2026-08,FlashReport_August_2026.pdf,64,"{""approval"": ""03/2019"", ""start"": ""(06/2019)"", ""actual"": null, ""original"": ""01/2024"", ""revised"": ""(08/2026)""}","{""original"": ""10,439.09"", ""revised"": ""0.00"", ""expenditure"": ""13,813.98""}"
619051,"Nabinagar Super Thermal Power Project, Stage-II [3x800 MW]",,National Thermal Power Corporation [NTPC],,Bihar,2024-11,2025-03,2030-07,2030-07,,29948.0,0.0,3677.01,16.0,2026-08,FlashReport_August_2026.pdf,64,"{""approval"": ""11/2024"", ""start"": ""(03/2025)"", ""actual"": null, ""original"": ""07/2030"", ""revised"": ""(07/2030)""}","{""original"": ""29,948.00"", ""revised"": ""0.00"", ""expenditure"": ""3,677.01""}"
611930,Lara Super Thermal Power Project Stage-II [2 x 800 MW],,National Thermal Power Corporation [NTPC],,Chhattisgarh,2023-08,2023-08,2028-06,2028-11,,15530.0,0.0,5711.52,35.0,2026-08,FlashReport_August_2026.pdf,64,"{""approval"": ""08/2023"", ""start"": ""(08/2023)"", ""actual"": null, ""original"": ""06/2028"", ""revised"": ""(11/2028)""}","{""original"": ""15,530.00"", ""revised"": ""0.00"", ""expenditure"": ""5,711.52""}"
617188,"Sipat Super Thermal Power Project, Stage-III [1x800 MW]",,National Thermal Power Corporation [NTPC],,Chhattisgarh,2024-09,2024-09,2029-09,2029-09,,9791.0,0.0,2042.62,23.21,2026-08,FlashReport_August_2026.pdf,64,"{""approval"": ""09/2024"", ""start"": ""(09/2024)"", ""actual"": null, ""original"": ""09/2029"", ""revised"": ""(09/2029)""}","{""original"": ""9,791.00"", ""revised"": ""0.00"", ""expenditure"": ""2,042.62""}"
709747,Bagodara Solar Power Project,,SJVN Limited,,Gujarat,2021-03,2021-05,2025-12,2025-12,,339.35,0.0,376.64,51.86,2026-08,FlashReport_August_2026.pdf,64,"{""approval"": ""03/2021"", ""start"": ""(05/2021)"", ""actual"": null, ""original"": ""12/2025"", ""revised"": ""(12/2025)""}","{""original"": ""339.35"", ""revised"": ""0.00"", ""expenditure"": ""376.64""}"
602582,Himachal,,SJVN Limited,,Pradesh,2020-10,2021-05,2025-11,2027-03,,687.97,0.0,1284.9,81.0,2026-08,FlashReport_August_2026.pdf,64,"{""approval"": ""10/2020"", ""start"": ""(05/2021)"", ""actual"": null, ""original"": ""11/2025"", ""revised"": ""(03/2027)""}","{""original"": ""687.97"", ""revised"": ""0.00"", ""expenditure"": ""1,284.90""}"
602593,Himachal,,SJVN Limited,,Pradesh,2020-11,2020-11,2026-01,2030-05,,1810.56,0.0,1981.17,52.13,2026-08,FlashReport_August_2026.pdf,64,"{""approval"": ""11/2020"", ""start"": ""(11/2020)"", ""actual"": null, ""original"": ""01/2026"", ""revised"": ""(05/2030)""}","{""original"": ""1,810.56"", ""revised"": ""0.00"", ""expenditure"": ""1,981.17""}"
611586,Himachal,,SJVN Limited,,Pradesh,2023-01,2023-01,2028-04,2029-12,,2614.51,0.0,1173.23,34.96,2026-08,FlashReport_August_2026.pdf,64,"{""approval"": ""01/2023"", ""start"": ""(01/2023)"", ""actual"": null, ""original"": ""04/2028"", ""revised"": ""(12/2029)""}","{""original"": ""2,614.51"", ""revised"": ""0.00"", ""expenditure"": ""1,173.23""}"
602525,"Pakal Dul [Drangdhuran] Hydroelectric Project, 1000 MW",,National Hydroelectric Power Corporation Limited [NHPC],,Jammu and Kashmir,2014-10,2018-02,2020-04,2026-12,,8112.12,0.0,9905.5,87.0,2026-08,FlashReport_August_2026.pdf,64,"{""approval"": ""10/2014"", ""start"": ""(02/2018)"", ""actual"": null, ""original"": ""04/2020"", ""revised"": ""(12/2026)""}","{""original"": ""8,112.12"", ""revised"": ""0.00"", ""expenditure"": ""9,905.50""}"
602532,Kiru HE Project,,National Hydroelectric Power Corporation Limited [NHPC],,Jammu and Kashmir,2019-03,2020-02,2023-09,2026-12,,4287.59,0.0,4118.03,90.5,2026-08,FlashReport_August_2026.pdf,64,"{""approval"": ""03/2019"", ""start"": ""(02/2020)"", ""actual"": null, ""original"": ""09/2023"", ""revised"": ""(12/2026)""}","{""original"": ""4,287.59"", ""revised"": ""0.00"", ""expenditure"": ""4,118.03""}"
602535,"Ratle HE Project - 850 MW, Ratle Hydroelectric Power Corporation Limited.",,National Hydroelectric Power Corporation Limited [NHPC],,Jammu and Kashmir,2021-02,2022-01,2026-02,2028-11,,5281.94,0.0,1692.33,32.62,2026-08,FlashReport_August_2026.pdf,64,"{""approval"": ""02/2021"", ""start"": ""(01/2022)"", ""actual"": null, ""original"": ""02/2026"", ""revised"": ""(11/2028)""}","{""original"": ""5,281.94"", ""revised"": ""0.00"", ""expenditure"": ""1,692.33""}"
605155,Kwar HE Project,,National Hydroelectric Power Corporation Limited [NHPC],,Jammu and Kashmir,2022-05,2022-11,2026-11,2028-03,,4526.12,0.0,2015.0,39.67,2026-08,FlashReport_August_2026.pdf,64,"{""approval"": ""05/2022"", ""start"": ""(11/2022)"", ""actual"": null, ""original"": ""11/2026"", ""revised"": ""(03/2028)""}","{""original"": ""4,526.12"", ""revised"": ""0.00"", ""expenditure"": ""2,015.00""}"
400261,Patratu Thermal Power Station Expansion Project Phase-I [3x800 MW],,National Thermal Power Corporation [NTPC],,Jharkhand,2017-11,2017-11,2023-03,2027-04,,18668.0,0.0,19405.48,92.5,2026-08,FlashReport_August_2026.pdf,64,"{""approval"": ""11/2017"", ""start"": ""(11/2017)"", ""actual"": null, ""original"": ""03/2023"", ""revised"": ""(04/2027)""}","{""original"": ""18,668.00"", ""revised"": ""0.00"", ""expenditure"": ""19,405.48""}"
611509,"Koderma Thermal Power Station Phase II [2X800 MW] At Koderma, Jharkhand",,Damodar Valley Corporation,,Jharkhand,2023-04,2024-11,2029-07,,,14358.0,0.0,2416.6,15.72,2026-08,FlashReport_August_2026.pdf,64,"{""approval"": ""04/2023"", ""start"": ""(11/2024)"", ""actual"": null, ""original"": ""07/2029"", ""revised"": ""(-)""}","{""original"": ""14,358.00"", ""revised"": ""0.00"", ""expenditure"": ""2,416.60""}"
618976,"Gadarwara Super Thermal Power Project, Stage-II [2x800 MW]",,National Thermal Power Corporation [NTPC],,Madhya Pradesh,2024-11,2025-05,2030-03,2030-03,,20446.0,0.0,2434.64,13.0,2026-08,FlashReport_August_2026.pdf,64,"{""approval"": ""11/2024"", ""start"": ""(05/2025)"", ""actual"": null, ""original"": ""03/2030"", ""revised"": ""(03/2030)""}","{""original"": ""20,446.00"", ""revised"": ""0.00"", ""expenditure"": ""2,434.64""}"
602961,Talcher Thermal Power Station Stage III [2 x 660 MW] Expansion,,National Thermal Power Corporation [NTPC],,Odisha,2022-08,2022-09,2027-05,2028-05,,11843.75,0.0,7146.85,56.5,2026-08,FlashReport_August_2026.pdf,64,"{""approval"": ""08/2022"", ""start"": ""(09/2022)"", ""actual"": null, ""original"": ""05/2027"", ""revised"": ""(05/2028)""}","{""original"": ""11,843.75"", ""revised"": ""0.00"", ""expenditure"": ""7,146.85""}"
619056,"Darlipali Super Thermal Power Project, Stage-II [1x800 MW]",,National Thermal Power Corporation [NTPC],,Odisha,2025-11,2025-11,2031-01,2031-01,,11131.0,0.0,582.74,3.25,2026-08,FlashReport_August_2026.pdf,65,"{""approval"": ""11/2025"", ""start"": ""(11/2025)"", ""actual"": null, ""original"": ""01/2031"", ""revised"": ""(01/2031)""}","{""original"": ""11,131.00"", ""revised"": ""0.00"", ""expenditure"": ""582.74""}"
602181,"TEESTA-VI HE PROJECT, SIKKIM [500 MW], executed by LANCO TEESTA HYDRO POWER LIMITED [A wholly owned Subsidiary of NHPC LTD. acquired through NCLT]",,National Hydroelectric Power Corporation Limited [NHPC],,Sikkim,2019-03,2020-03,2024-03,2029-09,,5748.04,0.0,4676.46,73.95,2026-08,FlashReport_August_2026.pdf,65,"{""approval"": ""03/2019"", ""start"": ""(03/2020)"", ""actual"": null, ""original"": ""03/2024"", ""revised"": ""(09/2029)""}","{""original"": ""5,748.04"", ""revised"": ""0.00"", ""expenditure"": ""4,676.46""}"
605156,Rangit-IV HE Project [120 MW] executed by Jal Power Corporation Ltd. [JPCL] - A wholly owned subsidiary of NHPC Ltd. acquired through NCLT,,National Hydroelectric Power Corporation Limited [NHPC],,Sikkim,2021-03,2021-08,2024-05,2026-11,,938.29,0.0,1726.66,97.86,2026-08,FlashReport_August_2026.pdf,65,"{""approval"": ""03/2021"", ""start"": ""(08/2021)"", ""actual"": null, ""original"": ""05/2024"", ""revised"": ""(11/2026)""}","{""original"": ""938.29"", ""revised"": ""0.00"", ""expenditure"": ""1,726.66""}"
619341,"Telangana Super Thermal Power Project , Stage-II [3 x 800 MW]",,National Thermal Power Corporation [NTPC],,Telangana,2026-03,2026-03,2032-01,,,29344.85,0.0,733.63,1.04,2026-08,FlashReport_August_2026.pdf,65,"{""approval"": ""03/2026"", ""start"": ""(03/2026)"", ""actual"": null, ""original"": ""01/2032"", ""revised"": ""(-)""}","{""original"": ""29,344.85"", ""revised"": ""0.00"", ""expenditure"": ""733.63""}"
298178,"Meja Thermal Power Project, Stage-II , (3x800 MW)",,National Thermal Power Corporation [NTPC],,Uttar Pradesh,2026-06,2026-06,2032-12,,,38358.0,0.0,1027.77,0.11,2026-08,FlashReport_August_2026.pdf,65,"{""approval"": ""06/2026"", ""start"": ""(06/2026)"", ""actual"": null, ""original"": ""12/2032"", ""revised"": ""(-)""}","{""original"": ""38,358.00"", ""revised"": ""0.00"", ""expenditure"": ""1,027.77""}"
612142,"Singrauli Super Thermal Power Project, Stage-III [2x800 MW]",,National Thermal Power Corporation [NTPC],,Uttar Pradesh,2024-03,2024-03,2030-02,2030-02,,17195.0,0.0,4046.64,25.35,2026-08,FlashReport_August_2026.pdf,65,"{""approval"": ""03/2024"", ""start"": ""(03/2024)"", ""actual"": null, ""original"": ""02/2030"", ""revised"": ""(02/2030)""}","{""original"": ""17,195.00"", ""revised"": ""0.00"", ""expenditure"": ""4,046.64""}"
602185,Tapovan-Vishnugad HEP [4x130 MW],,National Thermal Power Corporation [NTPC],,Uttarakhand,2006-11,2006-11,2013-03,2029-07,,2978.0,0.0,7887.36,76.18,2026-08,FlashReport_August_2026.pdf,65,"{""approval"": ""11/2006"", ""start"": ""(11/2006)"", ""actual"": null, ""original"": ""03/2013"", ""revised"": ""(07/2029)""}","{""original"": ""2,978.00"", ""revised"": ""0.00"", ""expenditure"": ""7,887.36""}"
602195,Vishnugad Pipalkoti Hydro Electric Project [444 MW],,THDC India Limited,,Uttarakhand,2008-08,2014-01,2022-12,2028-06,,3860.35,0.0,5906.0,82.0,2026-08,FlashReport_August_2026.pdf,65,"{""approval"": ""08/2008"", ""start"": ""(01/2014)"", ""actual"": null, ""original"": ""12/2022"", ""revised"": ""(06/2028)""}","{""original"": ""3,860.35"", ""revised"": ""0.00"", ""expenditure"": ""5,906.00""}"
400062,"Raghunathpur Thermal Power Station Phase II [2X660 MW] at Raghunathpur, Purulia, West Bengal",,Damodar Valley Corporation,,West Bengal,2023-01,2025-02,2029-08,,,17673.0,0.0,2395.67,14.5,2026-08,FlashReport_August_2026.pdf,65,"{""approval"": ""01/2023"", ""start"": ""(02/2025)"", ""actual"": null, ""original"": ""08/2029"", ""revised"": ""(-)""}","{""original"": ""17,673.00"", ""revised"": ""0.00"", ""expenditure"": ""2,395.67""}"
602184,Rammam-III HEPP [3x40 MW],,National Thermal Power Corporation [NTPC],,West Bengal,2014-09,2014-09,2019-09,2029-09,,1381.84,0.0,1701.35,59.63,2026-08,FlashReport_August_2026.pdf,65,"{""approval"": ""09/2014"", ""start"": ""(09/2014)"", ""actual"": null, ""original"": ""09/2019"", ""revised"": ""(09/2029)""}","{""original"": ""1,381.84"", ""revised"": ""0.00"", ""expenditure"": ""1,701.35""}"
602538,Installation of FGD for 4x210 & 2x250 MW MTPS U 1-6,,Damodar Valley Corporation,,West Bengal,2019-06,2021-02,2024-01,2026-09,,1037.0,0.0,1146.29,97.0,2026-08,FlashReport_August_2026.pdf,65,"{""approval"": ""06/2019"", ""start"": ""(02/2021)"", ""actual"": null, ""original"": ""01/2024"", ""revised"": ""(09/2026)""}","{""original"": ""1,037.00"", ""revised"": ""0.00"", ""expenditure"": ""1,146.29""}"
553920,Transmission System for proposed Green Hydrogen/ Green Ammonia Projects in Kakinada Area (Phase I),,Power Grid Corporation of India Limited [POWERGRID],,Andhra Pradesh,2026-06,2026-06,2028-12,,,1618.0,0.0,16.18,0.5,2026-08,FlashReport_August_2026.pdf,65,"{""approval"": ""06/2026"", ""start"": ""(06/2026)"", ""actual"": null, ""original"": ""12/2028"", ""revised"": ""(-)""}","{""original"": ""1,618.00"", ""revised"": ""0.00"", ""expenditure"": ""16.18""}"
617183,Transmission system strengthening at Kurnool- III PS for integration of additional RE generation projects [POWERGRID Kurnool III PS RE Transmission Limited],,Power Grid Corporation of India Limited [POWERGRID],,Andhra Pradesh,2025-03,2025-03,2027-12,,,2886.0,0.0,983.26,45.96,2026-08,FlashReport_August_2026.pdf,65,"{""approval"": ""03/2025"", ""start"": ""(03/2025)"", ""actual"": null, ""original"": ""12/2027"", ""revised"": ""(-)""}","{""original"": ""2,886.00"", ""revised"": ""0.00"", ""expenditure"": ""983.26""}"
617375,Arunachal,,Power Grid Corporation of India Limited [POWERGRID],,Pradesh,2025-08,2025-08,2028-02,,,209.38,0.0,4.19,5.68,2026-08,FlashReport_August_2026.pdf,65,"{""approval"": ""08/2025"", ""start"": ""(08/2025)"", ""actual"": null, ""original"": ""02/2028"", ""revised"": ""(-)""}","{""original"": ""209.38"", ""revised"": ""0.00"", ""expenditure"": ""4.19""}"
615336,Transmission system for evacuation of Power from REZ in Rajasthan [20 GW] under phase-III Part-D Phase-II,,Power Grid Corporation of India Limited [POWERGRID],,Delhi,2023-11,2024-10,2026-02,2026-12,,284.0,0.0,99.4,51.74,2026-08,FlashReport_August_2026.pdf,65,"{""approval"": ""11/2023"", ""start"": ""(10/2024)"", ""actual"": null, ""original"": ""02/2026"", ""revised"": ""(12/2026)""}","{""original"": ""284.00"", ""revised"": ""0.00"", ""expenditure"": ""99.40""}"
612139,Transmission system for Evacuation of Additional 7 GW RE power from Khavda RE park under Phase-III Part B [Vataman Transmission Limited],,Power Grid Corporation of India Limited [POWERGRID],,Gujarat,2023-12,2023-12,2025-12,2026-12,,4231.0,0.0,3175.79,74.0,2026-08,FlashReport_August_2026.pdf,65,"{""approval"": ""12/2023"", ""start"": ""(12/2023)"", ""actual"": null, ""original"": ""12/2025"", ""revised"": ""(12/2026)""}","{""original"": ""4,231.00"", ""revised"": ""0.00"", ""expenditure"": ""3,175.79""}"
612855,Transmission System for Evacuation of Power from Potential Energy Renewable Zone in Khavda Area of Gujarat under Ph-IV [7GW] Part E2,,Power Grid Corporation of India Limited [POWERGRID],,Gujarat,2024-05,2024-05,2026-05,2026-09,,697.0,0.0,634.27,91.0,2026-08,FlashReport_August_2026.pdf,65,"{""approval"": ""05/2024"", ""start"": ""(05/2024)"", ""actual"": null, ""original"": ""05/2026"", ""revised"": ""(09/2026)""}","{""original"": ""697.00"", ""revised"": ""0.00"", ""expenditure"": ""634.27""}"
615342,Augmentation of Transformation Capacity at jam Khambhaliya PS [GIS] [SPV Name POWERGRID Jam Khambhaliya Transmission Limited],,Power Grid Corporation of India Limited [POWERGRID],,Gujarat,2024-10,2024-10,2026-07,2027-04,,329.0,0.0,85.54,35.33,2026-08,FlashReport_August_2026.pdf,65,"{""approval"": ""10/2024"", ""start"": ""(10/2024)"", ""actual"": null, ""original"": ""07/2026"", ""revised"": ""(04/2027)""}","{""original"": ""329.00"", ""revised"": ""0.00"", ""expenditure"": ""85.54""}"
615343,Provision of Dynamic Reactive Compensation at Khavda pooling Station 1 [KPS1] and Khavda Pooling station 3 [KPS3],,Power Grid Corporation of India Limited [POWERGRID],,Gujarat,2024-11,2024-11,2026-11,,,501.0,0.0,30.06,11.67,2026-08,FlashReport_August_2026.pdf,65,"{""approval"": ""11/2024"", ""start"": ""(11/2024)"", ""actual"": null, ""original"": ""11/2026"", ""revised"": ""(-)""}","{""original"": ""501.00"", ""revised"": ""0.00"", ""expenditure"": ""30.06""}"
615345,Transmission System for Evacuation of Power from Potential Renewable Energy Zone in Khavda area of Gujarat under Phase-IV [7GW] Part B [SPV Name POWERGRID South Olpad Transmission Limited],,Power Grid Corporation of India Limited [POWERGRID],,Gujarat,2024-10,2024-10,2026-10,2027-10,,4766.0,0.0,2240.0,41.32,2026-08,FlashReport_August_2026.pdf,66,"{""approval"": ""10/2024"", ""start"": ""(10/2024)"", ""actual"": null, ""original"": ""10/2026"", ""revised"": ""(10/2027)""}","{""original"": ""4,766.00"", ""revised"": ""0.00"", ""expenditure"": ""2,240.00""}"
617069,Augmentation of Transformation Capacity at KPS1 [GIS] and KPS2 [GIS] [Phase-V Part B1 and Part B2 Scheme] [SPV Name- POWERGRID KPS1 and 2 Augmentation Transmission Limited],,Power Grid Corporation of India Limited [POWERGRID],,Gujarat,2025-02,2025-02,2027-02,,,466.0,0.0,168.13,47.5,2026-08,FlashReport_August_2026.pdf,66,"{""approval"": ""02/2025"", ""start"": ""(02/2025)"", ""actual"": null, ""original"": ""02/2027"", ""revised"": ""(-)""}","{""original"": ""466.00"", ""revised"": ""0.00"", ""expenditure"": ""168.13""}"
617182,Augmentation of Banaskantha [Raghanesda] PS [GIS] [POWERGRID Banaskantha Transco Limited],,Power Grid Corporation of India Limited [POWERGRID],,Gujarat,2025-03,2025-03,2027-03,,,172.0,0.0,65.36,45.0,2026-08,FlashReport_August_2026.pdf,66,"{""approval"": ""03/2025"", ""start"": ""(03/2025)"", ""actual"": null, ""original"": ""03/2027"", ""revised"": ""(-)""}","{""original"": ""172.00"", ""revised"": ""0.00"", ""expenditure"": ""65.36""}"
617391,Augmentation of Transformation Capacity at Bhuj-II PS [GIS],,Power Grid Corporation of India Limited [POWERGRID],,Gujarat,2025-02,2025-02,2026-11,2027-06,,488.29,0.0,24.41,14.0,2026-08,FlashReport_August_2026.pdf,66,"{""approval"": ""02/2025"", ""start"": ""(02/2025)"", ""actual"": null, ""original"": ""11/2026"", ""revised"": ""(06/2027)""}","{""original"": ""488.29"", ""revised"": ""0.00"", ""expenditure"": ""24.41""}"
617405,Jamnagar Transmission Limited,,Adani Transmission Limited,,Gujarat,2024-10,2024-10,2026-10,2027-09,,4000.0,0.0,698.0,25.0,2026-08,FlashReport_August_2026.pdf,66,"{""approval"": ""10/2024"", ""start"": ""(10/2024)"", ""actual"": null, ""original"": ""10/2026"", ""revised"": ""(09/2027)""}","{""original"": ""4,000.00"", ""revised"": ""0.00"", ""expenditure"": ""698.00""}"
617801,Provision of ICT Augmentation & Bus Reactor at Bhuj-II PS,,Power Grid Corporation of India Limited [POWERGRID],,Gujarat,2025-03,2025-03,2026-12,2027-06,,581.74,0.0,46.54,13.5,2026-08,FlashReport_August_2026.pdf,66,"{""approval"": ""03/2025"", ""start"": ""(03/2025)"", ""actual"": null, ""original"": ""12/2026"", ""revised"": ""(06/2027)""}","{""original"": ""581.74"", ""revised"": ""0.00"", ""expenditure"": ""46.54""}"
619026,KPSIII HVDC Transmission Limited,,Adani Transmission Limited,,Gujarat,2025-12,2025-12,2029-12,,,19000.0,0.0,20.65,1.0,2026-08,FlashReport_August_2026.pdf,66,"{""approval"": ""12/2025"", ""start"": ""(12/2025)"", ""actual"": null, ""original"": ""12/2029"", ""revised"": ""(-)""}","{""original"": ""19,000.00"", ""revised"": ""0.00"", ""expenditure"": ""20.65""}"
619029,Transmission System for Reliable Power Supply to Dholera,,Power Grid Corporation of India Limited [POWERGRID],,Gujarat,2024-09,2024-09,2026-03,2026-12,,319.42,0.0,79.85,36.8,2026-08,FlashReport_August_2026.pdf,66,"{""approval"": ""09/2024"", ""start"": ""(09/2024)"", ""actual"": null, ""original"": ""03/2026"", ""revised"": ""(12/2026)""}","{""original"": ""319.42"", ""revised"": ""0.00"", ""expenditure"": ""79.85""}"
619049,Khavda IVA Power Transmission Limited,,Adani Transmission Limited,,Gujarat,2024-08,2024-08,2026-08,2027-03,,4500.0,0.0,2772.7,75.0,2026-08,FlashReport_August_2026.pdf,66,"{""approval"": ""08/2024"", ""start"": ""(08/2024)"", ""actual"": null, ""original"": ""08/2026"", ""revised"": ""(03/2027)""}","{""original"": ""4,500.00"", ""revised"": ""0.00"", ""expenditure"": ""2,772.70""}"
617179,Transmission Scheme for evacuation of Power from Ratle HEP [850 MW] & kiru [624 MW] Part B,,Power Grid Corporation of India Limited [POWERGRID],,Jammu and Kashmir,2024-07,2024-07,2026-07,2027-06,,218.6,0.0,3.72,1.7,2026-08,FlashReport_August_2026.pdf,66,"{""approval"": ""07/2024"", ""start"": ""(07/2024)"", ""actual"": null, ""original"": ""07/2026"", ""revised"": ""(06/2027)""}","{""original"": ""218.60"", ""revised"": ""0.00"", ""expenditure"": ""3.72""}"
617326,Implementation of Transmission Systems in the State of Jharkhand consisting of 400/220/132/33 kV transmission lines and substations under Jharkhand Consultancy Project,,Power Grid Corporation of India Limited [POWERGRID],,Jharkhand,2012-02,2012-02,2026-03,2027-06,,1842.25,0.0,1648.05,96.5,2026-08,FlashReport_August_2026.pdf,66,"{""approval"": ""02/2012"", ""start"": ""(02/2012)"", ""actual"": null, ""original"": ""03/2026"", ""revised"": ""(06/2027)""}","{""original"": ""1,842.25"", ""revised"": ""0.00"", ""expenditure"": ""1,648.05""}"
612140,Transmission Scheme for Integration of Renewable Energy Zone [Phase II] in Koppal II [Phase A&B] and gadag II[Phase A] in Karnataka [POWERGRID KOPPAL GADAG TRANSMISSION LIMITED],,Power Grid Corporation of India Limited [POWERGRID],,Karnataka,2023-12,2023-12,2025-12,2026-09,,4445.0,0.0,4178.3,97.13,2026-08,FlashReport_August_2026.pdf,66,"{""approval"": ""12/2023"", ""start"": ""(12/2023)"", ""actual"": null, ""original"": ""12/2025"", ""revised"": ""(09/2026)""}","{""original"": ""4,445.00"", ""revised"": ""0.00"", ""expenditure"": ""4,178.30""}"
616672,System Strengthening at Koppal-II and GadagII for integration of RE generation projects [SPV Name POWERGRID Koppal Gadag Augmentation Transmission Limited],,Power Grid Corporation of India Limited [POWERGRID],,Karnataka,2025-01,2025-01,2027-06,,,1354.0,0.0,365.58,45.27,2026-08,FlashReport_August_2026.pdf,66,"{""approval"": ""01/2025"", ""start"": ""(01/2025)"", ""actual"": null, ""original"": ""06/2027"", ""revised"": ""(-)""}","{""original"": ""1,354.00"", ""revised"": ""0.00"", ""expenditure"": ""365.58""}"
617068,"Augmentation of Transformation Capacity by 3x500 MVA, 400/220 KV ICTS [6th-8th] and 1x1500 MVA, 765/400 KV ICT [4th] at Bidar PS [SPV Name- POWERGRID Bidar Augmentation Transmission Limited]",,Power Grid Corporation of India Limited [POWERGRID],,Karnataka,2025-02,2025-02,2027-06,,,288.0,0.0,43.2,29.25,2026-08,FlashReport_August_2026.pdf,66,"{""approval"": ""02/2025"", ""start"": ""(02/2025)"", ""actual"": null, ""original"": ""06/2027"", ""revised"": ""(-)""}","{""original"": ""288.00"", ""revised"": ""0.00"", ""expenditure"": ""43.20""}"
617184,Transmission Scheme for integration of Davanagere/ Chitradurga and Bellary REZ in Karnataka [POWERGRID Chitradurga Bellary REZ Transmission Limited],,Power Grid Corporation of India Limited [POWERGRID],,Karnataka,2025-03,2025-03,2027-09,,,3453.0,0.0,690.6,25.17,2026-08,FlashReport_August_2026.pdf,66,"{""approval"": ""03/2025"", ""start"": ""(03/2025)"", ""actual"": null, ""original"": ""09/2027"", ""revised"": ""(-)""}","{""original"": ""3,453.00"", ""revised"": ""0.00"", ""expenditure"": ""690.60""}"
617803,Transmission System Strengthening at Davanagere for Integration of RE Generation [SPV Name - POWERGRID Davanagere Power Transmission Limited],,Power Grid Corporation of India Limited [POWERGRID],,Karnataka,2025-09,2025-09,2027-09,,,379.0,0.0,17.06,2.5,2026-08,FlashReport_August_2026.pdf,66,"{""approval"": ""09/2025"", ""start"": ""(09/2025)"", ""actual"": null, ""original"": ""09/2027"", ""revised"": ""(-)""}","{""original"": ""379.00"", ""revised"": ""0.00"", ""expenditure"": ""17.06""}"
619228,Transmission System Strengthening for integration of additional RE Potential at Davanagere [0.25 GW] and Bellary [2.75 GW],,Power Grid Corporation of India Limited [POWERGRID],,Karnataka,2026-02,2026-02,2028-02,,,1111.0,0.0,44.44,1.0,2026-08,FlashReport_August_2026.pdf,66,"{""approval"": ""02/2026"", ""start"": ""(02/2026)"", ""actual"": null, ""original"": ""02/2028"", ""revised"": ""(-)""}","{""original"": ""1,111.00"", ""revised"": ""0.00"", ""expenditure"": ""44.44""}"
994914,Transmission system strengthening at Tumkur-II for integration of additional RE potential (2.7 GW),,Power Grid Corporation of India Limited [POWERGRID],,Karnataka,2026-05,2026-05,2029-05,,,1221.0,0.0,24.42,1.0,2026-08,FlashReport_August_2026.pdf,66,"{""approval"": ""05/2026"", ""start"": ""(05/2026)"", ""actual"": null, ""original"": ""05/2029"", ""revised"": ""(-)""}","{""original"": ""1,221.00"", ""revised"": ""0.00"", ""expenditure"": ""24.42""}"
619028,Augmentation of 1x500 MVA 400/220kV ICT [3rd] at Thrissur VSC HVDC Station in Kerala,,Power Grid Corporation of India Limited [POWERGRID],,Kerala,2025-08,2025-08,2027-08,2027-12,,173.14,0.0,2.08,1.5,2026-08,FlashReport_August_2026.pdf,66,"{""approval"": ""08/2025"", ""start"": ""(08/2025)"", ""actual"": null, ""original"": ""08/2027"", ""revised"": ""(12/2027)""}","{""original"": ""173.14"", ""revised"": ""0.00"", ""expenditure"": ""2.08""}"
615344,Transmission System for Evacuation of Power from Rajasthan REZ Ph-IV [Part-2 5.5GW] [Jaisalmer/Barmer Complex] Part H1 [POWERGRID KURAWAR TRANSMISSION LIMITED],,Power Grid Corporation of India Limited [POWERGRID],,Madhya Pradesh,2024-10,2024-10,2026-10,2027-06,,3674.0,0.0,1726.78,60.34,2026-08,FlashReport_August_2026.pdf,67,"{""approval"": ""10/2024"", ""start"": ""(10/2024)"", ""actual"": null, ""original"": ""10/2026"", ""revised"": ""(06/2027)""}","{""original"": ""3,674.00"", ""revised"": ""0.00"", ""expenditure"": ""1,726.78""}"
615346,Transmission System for Evacuation of Power from Rajasthan REZ Ph-IV [Part-2 5.5 GW] [Jaisalmer/Barmer Complex] Part C [SPV Name POWERGRID Mandsaur Transmission Limited],,Power Grid Corporation of India Limited [POWERGRID],,Madhya Pradesh,2024-08,2024-08,2026-08,2027-02,,2708.0,0.0,1760.2,74.28,2026-08,FlashReport_August_2026.pdf,67,"{""approval"": ""08/2024"", ""start"": ""(08/2024)"", ""actual"": null, ""original"": ""08/2026"", ""revised"": ""(02/2027)""}","{""original"": ""2,708.00"", ""revised"": ""0.00"", ""expenditure"": ""1,760.20""}"
617272,Implementation of LILO of both circuits of 400KV vindhyachal PS-Sasan D/C Line at Hindalco Switchyard,,Power Grid Corporation of India Limited [POWERGRID],,Madhya Pradesh,2024-06,2024-06,2026-12,,,370.0,0.0,162.81,57.62,2026-08,FlashReport_August_2026.pdf,67,"{""approval"": ""06/2024"", ""start"": ""(06/2024)"", ""actual"": null, ""original"": ""12/2026"", ""revised"": ""(-)""}","{""original"": ""370.00"", ""revised"": ""0.00"", ""expenditure"": ""162.81""}"
617279,Transmission System for evacuation of power from Mahan Energen Limited Generating Station in Madhya Pradesh [SPV Name - POWERGRID MEL Power Transmission Limited],,Power Grid Corporation of India Limited [POWERGRID],,Madhya Pradesh,2025-06,2025-06,2027-12,,,558.0,0.0,184.14,19.32,2026-08,FlashReport_August_2026.pdf,67,"{""approval"": ""06/2025"", ""start"": ""(06/2025)"", ""actual"": null, ""original"": ""12/2027"", ""revised"": ""(-)""}","{""original"": ""558.00"", ""revised"": ""0.00"", ""expenditure"": ""184.14""}"
617802,Augmentation of Transformation Capacity and Implementation of Line Bays at Mandsaur S/S for RE Interconnection [SPV Name- POWERGRID Mandsaur I RE Transmission Limited],,Power Grid Corporation of India Limited [POWERGRID],,Madhya Pradesh,2025-10,2025-10,2028-03,,,319.0,0.0,17.92,6.0,2026-08,FlashReport_August_2026.pdf,67,"{""approval"": ""10/2025"", ""start"": ""(10/2025)"", ""actual"": null, ""original"": ""03/2028"", ""revised"": ""(-)""}","{""original"": ""319.00"", ""revised"": ""0.00"", ""expenditure"": ""17.92""}"
619024,Mahan Transmission Limited,,Adani Transmission Limited,,Madhya Pradesh,2025-03,2025-03,2027-04,,,3125.32,0.0,734.79,45.0,2026-08,FlashReport_August_2026.pdf,67,"{""approval"": ""03/2025"", ""start"": ""(03/2025)"", ""actual"": null, ""original"": ""04/2027"", ""revised"": ""(-)""}","{""original"": ""3,125.32"", ""revised"": ""0.00"", ""expenditure"": ""734.79""}"
619027,WRNES Talegaon Power Transmission Limited,,Adani Transmission Limited,,Maharashtra,2025-05,2025-05,2028-01,,,2000.0,0.0,29.0,6.0,2026-08,FlashReport_August_2026.pdf,67,"{""approval"": ""05/2025"", ""start"": ""(05/2025)"", ""actual"": null, ""original"": ""01/2028"", ""revised"": ""(-)""}","{""original"": ""2,000.00"", ""revised"": ""0.00"", ""expenditure"": ""29.00""}"
619227,Network Expansion Scheme in Maharashtra for removal of Transmission constraints in Pune Region-I [765/400kV AIS Pune East],,Power Grid Corporation of India Limited [POWERGRID],,Maharashtra,2026-03,2026-03,2028-03,,,1420.0,0.0,63.61,4.32,2026-08,FlashReport_August_2026.pdf,67,"{""approval"": ""03/2026"", ""start"": ""(03/2026)"", ""actual"": null, ""original"": ""03/2028"", ""revised"": ""(-)""}","{""original"": ""1,420.00"", ""revised"": ""0.00"", ""expenditure"": ""63.61""}"
607709,"NORTH EASTERN REGION POWER SYSTEM IMPROVEMENT PROJECT [NERPSIP] (Assam,",,Power Grid Corporation of India Limited [POWERGRID],,"Manipur, Meghalaya, Mizoram,",2014-12,2016-03,2018-12,2027-03,,5111.33,0.0,5577.75,99.2,2026-08,FlashReport_August_2026.pdf,67,"{""approval"": ""12/2014"", ""start"": ""(03/2016)"", ""actual"": null, ""original"": ""12/2018"", ""revised"": ""(03/2027)""}","{""original"": ""5,111.33"", ""revised"": ""0.00"", ""expenditure"": ""5,577.75""}"
619025,RAJASTHAN PART I POWER TRANSMISSION LIMITED (Madhya,,Adani Transmission Limited,,"Pradesh, Rajasthan, Uttar",2025-01,2025-01,2029-07,,,25000.0,0.0,805.05,12.0,2026-08,FlashReport_August_2026.pdf,68,"{""approval"": ""01/2025"", ""start"": ""(01/2025)"", ""actual"": null, ""original"": ""07/2029"", ""revised"": ""(-)""}","{""original"": ""25,000.00"", ""revised"": ""0.00"", ""expenditure"": ""805.05""}"
611949,Transmission system for evacuation of power from REZ in Rajasthan 20 GW under Phase-III part C1,,Power Grid Corporation of India Limited [POWERGRID],,Rajasthan,2023-10,2023-10,2025-04,2026-08,,1160.0,0.0,1154.2,99.93,2026-08,FlashReport_August_2026.pdf,68,"{""approval"": ""10/2023"", ""start"": ""(10/2023)"", ""actual"": null, ""original"": ""04/2025"", ""revised"": ""(08/2026)""}","{""original"": ""1,160.00"", ""revised"": ""0.00"", ""expenditure"": ""1,154.20""}"
612134,Transmission System for Evacuation of power from Rajasthan REZ Ph-IV [Part-1] [Bikaner Complex] Part A [Bikaner Neemrana Transmission Ltd],,Power Grid Corporation of India Limited [POWERGRID],,Rajasthan,2023-12,2023-12,2025-12,2027-04,,4741.0,0.0,3887.62,79.99,2026-08,FlashReport_August_2026.pdf,68,"{""approval"": ""12/2023"", ""start"": ""(12/2023)"", ""actual"": null, ""original"": ""12/2025"", ""revised"": ""(04/2027)""}","{""original"": ""4,741.00"", ""revised"": ""0.00"", ""expenditure"": ""3,887.62""}"
615332,Transmission System for Evacuation of Power from Rajasthan REZ Ph-IV [Part-2 5.5 GW][Jaisalmer/Barmer Complex] Part B [SPV Name POWERGRID Sirohi Transmission Limited],,Power Grid Corporation of India Limited [POWERGRID],,Rajasthan,2024-08,2024-08,2026-08,2027-03,,3279.0,0.0,1977.89,62.14,2026-08,FlashReport_August_2026.pdf,68,"{""approval"": ""08/2024"", ""start"": ""(08/2024)"", ""actual"": null, ""original"": ""08/2026"", ""revised"": ""(03/2027)""}","{""original"": ""3,279.00"", ""revised"": ""0.00"", ""expenditure"": ""1,977.89""}"
615335,Transmission System Strengthening for Interconnections of Bhadla-III & Bikaner III Complex [SPV Name POWERGRID BHADLA BIKANER TRANSMISSION LIMITED],,Power Grid Corporation of India Limited [POWERGRID],,Rajasthan,2024-08,2024-08,2026-08,2027-03,,1382.0,0.0,695.69,62.3,2026-08,FlashReport_August_2026.pdf,68,"{""approval"": ""08/2024"", ""start"": ""(08/2024)"", ""actual"": null, ""original"": ""08/2026"", ""revised"": ""(03/2027)""}","{""original"": ""1,382.00"", ""revised"": ""0.00"", ""expenditure"": ""695.69""}"
615337,Additional Transmission System for evacuation of Power from Bhadla-III PS as part of Rajasthan REZ Phase III Scheme [20 GW] [SPV Name POWERGRID Bhadla-III Power Transmission Limited],,Power Grid Corporation of India Limited [POWERGRID],,Rajasthan,2024-08,2024-08,2026-02,2026-09,,369.0,0.0,302.58,92.95,2026-08,FlashReport_August_2026.pdf,68,"{""approval"": ""08/2024"", ""start"": ""(08/2024)"", ""actual"": null, ""original"": ""02/2026"", ""revised"": ""(09/2026)""}","{""original"": ""369.00"", ""revised"": ""0.00"", ""expenditure"": ""302.58""}"
615338,TRANSMISSION SYSTEM FOR EVACUATION OF POWER FROM RAJASTHAN REZ PH -IV [PART-2 5.5 GW] [JAISALMER/BARMER COMPLEX] PART F [SPV Name POWERGRID BARMER I TRANSMISSION LIMITED],,Power Grid Corporation of India Limited [POWERGRID],,Rajasthan,2024-11,2024-11,2026-11,2027-06,,2735.0,0.0,1203.4,50.13,2026-08,FlashReport_August_2026.pdf,68,"{""approval"": ""11/2024"", ""start"": ""(11/2024)"", ""actual"": null, ""original"": ""11/2026"", ""revised"": ""(06/2027)""}","{""original"": ""2,735.00"", ""revised"": ""0.00"", ""expenditure"": ""1,203.40""}"
617181,"Augmentation at Fatehgarh-II PS, Fatehgarh-IV PS [Section-II] and Barmer-I PS [POWERGRID Fatehgarh Barmer Augmentation Transmission Limited]",,Power Grid Corporation of India Limited [POWERGRID],,Rajasthan,2025-03,2025-03,2026-12,2027-06,,404.0,0.0,40.4,18.4,2026-08,FlashReport_August_2026.pdf,69,"{""approval"": ""03/2025"", ""start"": ""(03/2025)"", ""actual"": null, ""original"": ""12/2026"", ""revised"": ""(06/2027)""}","{""original"": ""404.00"", ""revised"": ""0.00"", ""expenditure"": ""40.40""}"
496150,Upgradation / Conversion of Udumalpet - Madurai 400kV S/c Iine to Udumalpet - Madurai 400kV (quad) D/c line,,Power Grid Corporation of India Limited [POWERGRID],,Tamil Nadu,2026-02,2026-06,2028-08,,,772.65,0.0,0.0,0.5,2026-08,FlashReport_August_2026.pdf,69,"{""approval"": ""02/2026"", ""start"": ""(06/2026)"", ""actual"": null, ""original"": ""08/2028"", ""revised"": ""(-)""}","{""original"": ""772.65"", ""revised"": ""0.00"", ""expenditure"": ""0.00""}"
616671,Transmission System under ISTS for evacuation of Power from Kudankulam Unit-3&4 [2x1000 MW] [SPV Name POWERGRID Kudankulam Tarnsmission Limited],,Power Grid Corporation of India Limited [POWERGRID],,Tamil Nadu,2025-01,2025-01,2026-12,2027-03,,548.0,0.0,219.2,28.63,2026-08,FlashReport_August_2026.pdf,69,"{""approval"": ""01/2025"", ""start"": ""(01/2025)"", ""actual"": null, ""original"": ""12/2026"", ""revised"": ""(03/2027)""}","{""original"": ""548.00"", ""revised"": ""0.00"", ""expenditure"": ""219.20""}"
617269,Transmission System for Strengthening to facilitate evacuation of power from Bhadla/Bikaner Complex,,Power Grid Corporation of India Limited [POWERGRID],,Uttar Pradesh,2024-12,2024-12,2026-06,2026-12,,212.81,0.0,21.28,14.7,2026-08,FlashReport_August_2026.pdf,69,"{""approval"": ""12/2024"", ""start"": ""(12/2024)"", ""actual"": null, ""original"": ""06/2026"", ""revised"": ""(12/2026)""}","{""original"": ""212.81"", ""revised"": ""0.00"", ""expenditure"": ""21.28""}"
617412,"Construction of One Tower of Office Complex and another Tower of Residential quarters i/c internal water supply, sanitary installation and all development and bulk services, Horticulture works on EPC Mode-I basis i/c comprehensive operation and maintenance of Civil, E&M services for 7 years after completion of original construction work for Ranga Reddy, Secunderabad, Medchal, AuditI, Audit-II Commissionerates of Central Tax at Khajaguda, Serilingampally, Hyderabad.",,Central Public Works Department - CPWD,,Telangana,2024-03,2024-11,2027-09,,,644.0,0.0,206.31,29.0,2026-08,FlashReport_August_2026.pdf,69,"{""approval"": ""03/2024"", ""start"": ""(11/2024)"", ""actual"": null, ""original"": ""09/2027"", ""revised"": ""(-)""}","{""original"": ""644.00"", ""revised"": ""0.00"", ""expenditure"": ""206.31""}"
707229,"Integrated Command control Center [ICCC] - Construction and Development of Integrated Command Control Center with Security, Surveillance, ITMS, Connecting Port, Ship Service, Smart Solid Waste Management, Smart Public Transport System",,ministry of housing and urban affairs,,Andaman & Nicobar,2021-07,2021-11,2023-05,2025-10,,209.88,0.0,37.35,97.0,2026-08,FlashReport_August_2026.pdf,69,"{""approval"": ""07/2021"", ""start"": ""(11/2021)"", ""actual"": null, ""original"": ""05/2023"", ""revised"": ""(10/2025)""}","{""original"": ""209.88"", ""revised"": ""0.00"", ""expenditure"": ""37.35""}"
400188,Redevelopment of Seven General Pool Residential Accommodation [GPRA] Colonies in Delhi,,National Buildings Construction Corporation [NBCC],,Delhi,2016-07,2018-05,2025-12,2025-12,,32850.0,0.0,14370.45,46.7,2026-08,FlashReport_August_2026.pdf,69,"{""approval"": ""07/2016"", ""start"": ""(05/2018)"", ""actual"": null, ""original"": ""12/2025"", ""revised"": ""(12/2025)""}","{""original"": ""32,850.00"", ""revised"": ""0.00"", ""expenditure"": ""14,370.45""}"
701719,Rehablitation in Junavadaj Area Smart City Project,,ministry of housing and urban affairs,,Gujarat,2016-02,2016-06,2022-07,2026-07,,539.0,0.0,623.44,98.5,2026-08,FlashReport_August_2026.pdf,69,"{""approval"": ""02/2016"", ""start"": ""(06/2016)"", ""actual"": null, ""original"": ""07/2022"", ""revised"": ""(07/2026)""}","{""original"": ""539.00"", ""revised"": ""0.00"", ""expenditure"": ""623.44""}"
701766,Green Building Development Project,,ministry of housing and urban affairs,,Uttarakhand,2019-11,2019-08,2023-11,2026-12,,150.97,0.0,62.73,40.32,2026-08,FlashReport_August_2026.pdf,69,"{""approval"": ""11/2019"", ""start"": ""(08/2019)"", ""actual"": null, ""original"": ""11/2023"", ""revised"": ""(12/2026)""}","{""original"": ""150.97"", ""revised"": ""0.00"", ""expenditure"": ""62.73""}"
702627,Patna Metro Rail Project,,Patna Metro Rail Corporation Ltd. [PMRCL],,Bihar,2019-02,2019-02,2024-02,2027-06,,13365.77,0.0,5198.09,50.05,2026-08,FlashReport_August_2026.pdf,69,"{""approval"": ""02/2019"", ""start"": ""(02/2019)"", ""actual"": null, ""original"": ""02/2024"", ""revised"": ""(06/2027)""}","{""original"": ""13,365.77"", ""revised"": ""0.00"", ""expenditure"": ""5,198.09""}"
617207,Delhi Metro Rail Phase-IV [2 Corridors],,Delhi Metro Rail Corporation Limited [DMRC],,Delhi,2024-03,2024-03,2029-03,,,8399.81,0.0,228.48,4.57,2026-08,FlashReport_August_2026.pdf,69,"{""approval"": ""03/2024"", ""start"": ""(03/2024)"", ""actual"": null, ""original"": ""03/2029"", ""revised"": ""(-)""}","{""original"": ""8,399.81"", ""revised"": ""0.00"", ""expenditure"": ""228.48""}"
619031,Delhi Metro Rail Phase V A,,Delhi Metro Rail Corporation Limited [DMRC],,Delhi,2026-01,2026-01,2028-12,,,12014.91,0.0,296.94,6.37,2026-08,FlashReport_August_2026.pdf,69,"{""approval"": ""01/2026"", ""start"": ""(01/2026)"", ""actual"": null, ""original"": ""12/2028"", ""revised"": ""(-)""}","{""original"": ""12,014.91"", ""revised"": ""0.00"", ""expenditure"": ""296.94""}"
702632,DMRTS Phase - IV [3 Priority Corridors],,Delhi Metro Rail Corporation Limited [DMRC],,Delhi,2019-07,2019-07,2025-03,2026-12,,24948.65,0.0,21685.59,84.28,2026-08,FlashReport_August_2026.pdf,69,"{""approval"": ""07/2019"", ""start"": ""(07/2019)"", ""actual"": null, ""original"": ""03/2025"", ""revised"": ""(12/2026)""}","{""original"": ""24,948.65"", ""revised"": ""0.00"", ""expenditure"": ""21,685.59""}"
702630,Surat Metro Rail Project,,Gujarat Metro Rail Corporation Limited [GMRCL],,Gujarat,2019-03,2019-03,2024-03,2027-03,,12020.32,0.0,9535.85,82.8,2026-08,FlashReport_August_2026.pdf,69,"{""approval"": ""03/2019"", ""start"": ""(03/2019)"", ""actual"": null, ""original"": ""03/2024"", ""revised"": ""(03/2027)""}","{""original"": ""12,020.32"", ""revised"": ""0.00"", ""expenditure"": ""9,535.85""}"
619022,"Metro connectivity from Millennium City Centre to Cyber City with Spur to Dwarka Expressway, Gurugram.",,Gurugram Metro Rail Limited [GMRL],,Haryana,2023-07,2024-08,2027-07,,,5452.72,0.0,206.1,10.43,2026-08,FlashReport_August_2026.pdf,69,"{""approval"": ""07/2023"", ""start"": ""(08/2024)"", ""actual"": null, ""original"": ""07/2027"", ""revised"": ""(-)""}","{""original"": ""5,452.72"", ""revised"": ""0.00"", ""expenditure"": ""206.10""}"
612878,Bangalore Metro Rail Project - PHASE-3,,Bengaluru Metro Rail,,Karnataka,2024-09,2026-06,2031-05,,,15611.0,0.0,0.0,3.9,2026-08,FlashReport_August_2026.pdf,69,"{""approval"": ""09/2024"", ""start"": ""(06/2026)"", ""actual"": null, ""original"": ""05/2031"", ""revised"": ""(-)""}","{""original"": ""15,611.00"", ""revised"": ""0.00"", ""expenditure"": ""0.00""}"
702635,Construction of Bangalore Metro Rail Project Phase 2.,,Bengaluru Metro Rail,,Karnataka,2014-02,2016-02,2021-03,2026-09,,26405.14,0.0,29844.97,96.0,2026-08,FlashReport_August_2026.pdf,69,"{""approval"": ""02/2014"", ""start"": ""(02/2016)"", ""actual"": null, ""original"": ""03/2021"", ""revised"": ""(09/2026)""}","{""original"": ""26,405.14"", ""revised"": ""0.00"", ""expenditure"": ""29,844.97""}"
702665,Construction Bangalore Metro Rail Project Phase-2A & 2B,,Bengaluru Metro Rail,,Karnataka,2021-06,2019-01,2026-06,2026-06,,14788.1,0.0,11079.3,68.0,2026-08,FlashReport_August_2026.pdf,70,"{""approval"": ""06/2021"", ""start"": ""(01/2019)"", ""actual"": null, ""original"": ""06/2026"", ""revised"": ""(06/2026)""}","{""original"": ""14,788.10"", ""revised"": ""0.00"", ""expenditure"": ""11,079.30""}"
702664,Kochi Metro Rail Phase 2 Development Project,,CSPCC Projects,,Kerala,2022-11,2022-11,2026-11,2026-11,,1957.05,0.0,816.8,41.2,2026-08,FlashReport_August_2026.pdf,70,"{""approval"": ""11/2022"", ""start"": ""(11/2022)"", ""actual"": null, ""original"": ""11/2026"", ""revised"": ""(11/2026)""}","{""original"": ""1,957.05"", ""revised"": ""0.00"", ""expenditure"": ""816.80""}"
702625,Bhopal Metro Rail Project,,Madhya Pradesh Metro Rail Co Limited [MPMRCL],,Madhya Pradesh,2018-11,2018-11,2022-11,2028-06,,6941.4,0.0,4571.69,63.1,2026-08,FlashReport_August_2026.pdf,70,"{""approval"": ""11/2018"", ""start"": ""(11/2018)"", ""actual"": null, ""original"": ""11/2022"", ""revised"": ""(06/2028)""}","{""original"": ""6,941.40"", ""revised"": ""0.00"", ""expenditure"": ""4,571.69""}"
702626,Indore Metro Rail Project,,Madhya Pradesh Metro Rail Co Limited [MPMRCL],,Madhya Pradesh,2018-11,2018-11,2022-11,2028-12,,7500.8,0.0,5190.14,66.04,2026-08,FlashReport_August_2026.pdf,70,"{""approval"": ""11/2018"", ""start"": ""(11/2018)"", ""actual"": null, ""original"": ""11/2022"", ""revised"": ""(12/2028)""}","{""original"": ""7,500.80"", ""revised"": ""0.00"", ""expenditure"": ""5,190.14""}"
617225,PCMC To Nigdi- Extension Of North South Corridor Of Phase-1,,Maharashtra Metro Rail Corporation Limited [MMRCL],,Maharashtra,2023-10,2023-10,2027-01,,,910.18,0.0,336.07,50.47,2026-08,FlashReport_August_2026.pdf,70,"{""approval"": ""10/2023"", ""start"": ""(10/2023)"", ""actual"": null, ""original"": ""01/2027"", ""revised"": ""(-)""}","{""original"": ""910.18"", ""revised"": ""0.00"", ""expenditure"": ""336.07""}"
617226,Pune Metro Phase-1 Extension line towards south from Swargate to Katraj,,Maharashtra Metro Rail Corporation Limited [MMRCL],,Maharashtra,2024-09,2024-09,2029-03,,,2954.53,0.0,204.36,9.66,2026-08,FlashReport_August_2026.pdf,70,"{""approval"": ""09/2024"", ""start"": ""(09/2024)"", ""actual"": null, ""original"": ""03/2029"", ""revised"": ""(-)""}","{""original"": ""2,954.53"", ""revised"": ""0.00"", ""expenditure"": ""204.36""}"
617327,Thane Integral Ring Metro Rail Project,,Maharashtra Metro Rail Corporation Limited [MMRCL],,Maharashtra,2024-09,2024-09,2029-09,,,12200.1,0.0,136.27,10.56,2026-08,FlashReport_August_2026.pdf,70,"{""approval"": ""09/2024"", ""start"": ""(09/2024)"", ""actual"": null, ""original"": ""09/2029"", ""revised"": ""(-)""}","{""original"": ""12,200.10"", ""revised"": ""0.00"", ""expenditure"": ""136.27""}"
618971,Pune Metro Rail Project Phase-2 Corridor 2A Vanaz to Chandani Chowk and Corridor 2B Ramwadi to Wagholi/Vitthalwadi,,Maharashtra Metro Rail Corporation Limited [MMRCL],,Maharashtra,2025-07,2025-07,2029-07,,,3626.24,0.0,64.72,3.7,2026-08,FlashReport_August_2026.pdf,70,"{""approval"": ""07/2025"", ""start"": ""(07/2025)"", ""actual"": null, ""original"": ""07/2029"", ""revised"": ""(-)""}","{""original"": ""3,626.24"", ""revised"": ""0.00"", ""expenditure"": ""64.72""}"
618985,Pune Metro Rail Project Phase-2 Line-4 Kharadi to Khadakwasla with Spur Line 4A Nal Stop - Warje - Manikbaug,,Maharashtra Metro Rail Corporation Limited [MMRCL],,Maharashtra,2025-12,2025-12,2030-12,,,9857.85,0.0,10.46,1.63,2026-08,FlashReport_August_2026.pdf,70,"{""approval"": ""12/2025"", ""start"": ""(12/2025)"", ""actual"": null, ""original"": ""12/2030"", ""revised"": ""(-)""}","{""original"": ""9,857.85"", ""revised"": ""0.00"", ""expenditure"": ""10.46""}"
701745,New Suburba Station Development Project,,ministry of housing and urban affairs,,Maharashtra,2018-04,2019-03,2022-07,,,262.76,0.0,163.21,48.0,2026-08,FlashReport_August_2026.pdf,70,"{""approval"": ""04/2018"", ""start"": ""(03/2019)"", ""actual"": null, ""original"": ""07/2022"", ""revised"": ""(-)""}","{""original"": ""262.76"", ""revised"": ""0.00"", ""expenditure"": ""163.21""}"
701991,Kalyan Station Precinct Improvement Project,,ministry of housing and urban affairs,,Maharashtra,2018-04,2020-07,2023-07,2026-06,,600.0,0.0,540.1,86.0,2026-08,FlashReport_August_2026.pdf,70,"{""approval"": ""04/2018"", ""start"": ""(07/2020)"", ""actual"": null, ""original"": ""07/2023"", ""revised"": ""(06/2026)""}","{""original"": ""600.00"", ""revised"": ""0.00"", ""expenditure"": ""540.10""}"
702658,Nagpur Metro Rail Phase II Development Project,,Maharashtra Metro Rail Corporation Limited [MMRCL],,Maharashtra,2022-12,2022-12,2027-12,,,6708.0,0.0,2364.49,43.3,2026-08,FlashReport_August_2026.pdf,70,"{""approval"": ""12/2022"", ""start"": ""(12/2022)"", ""actual"": null, ""original"": ""12/2027"", ""revised"": ""(-)""}","{""original"": ""6,708.00"", ""revised"": ""0.00"", ""expenditure"": ""2,364.49""}"
245986,Jaipur Metro Rail Project Phase 2 (Prahladpura to Todi Mod),,Rajasthan Metro Rail Corporation,,Rajasthan,2026-04,2026-04,2031-10,,,13037.66,0.0,1.79,1.79,2026-08,FlashReport_August_2026.pdf,70,"{""approval"": ""04/2026"", ""start"": ""(04/2026)"", ""actual"": null, ""original"": ""10/2031"", ""revised"": ""(-)""}","{""original"": ""13,037.66"", ""revised"": ""0.00"", ""expenditure"": ""1.79""}"
612066,Rajasthan Metro Rail Project Phase 1C from Badi Chaupar to Transport Nagar via Galta Gate,,Rajasthan Metro Rail Corporation,,Rajasthan,2025-10,2023-09,2027-04,,,980.08,0.0,103.03,0.0,2026-08,FlashReport_August_2026.pdf,70,"{""approval"": ""10/2025"", ""start"": ""(09/2023)"", ""actual"": null, ""original"": ""04/2027"", ""revised"": ""(-)""}","{""original"": ""980.08"", ""revised"": ""0.00"", ""expenditure"": ""103.03""}"
612068,Jaipur Metro Phase 1D Project from Mansarovar to Ajmer Road Chauraha,,Rajasthan Metro Rail Corporation,,Rajasthan,2026-05,2023-12,2026-03,,,204.81,0.0,23.34,12.48,2026-08,FlashReport_August_2026.pdf,70,"{""approval"": ""05/2026"", ""start"": ""(12/2023)"", ""actual"": null, ""original"": ""03/2026"", ""revised"": ""(-)""}","{""original"": ""204.81"", ""revised"": ""0.00"", ""expenditure"": ""23.34""}"
702668,Chennai Metro Rail Phase-II Development Project,,Chennai Metro Rail Limited [CMRL],,Tamil Nadu,2024-10,2020-11,2029-08,,,63246.0,0.0,35228.0,56.53,2026-08,FlashReport_August_2026.pdf,70,"{""approval"": ""10/2024"", ""start"": ""(11/2020)"", ""actual"": null, ""original"": ""08/2029"", ""revised"": ""(-)""}","{""original"": ""63,246.00"", ""revised"": ""0.00"", ""expenditure"": ""35,228.00""}"
616221,"Extension of Aqua Line Metro Corridor from Noida Sector-142 station to Botanical Garden, Noida of Noida Metro Rail Corporation",,Noida Metro Rail Corporation Ltd. [NMRCL],,Uttar Pradesh,2026-03,2026-03,2030-03,,,2254.35,0.0,0.0,0.0,2026-08,FlashReport_August_2026.pdf,70,"{""approval"": ""03/2026"", ""start"": ""(03/2026)"", ""actual"": null, ""original"": ""03/2030"", ""revised"": ""(-)""}","{""original"": ""2,254.35"", ""revised"": ""0.00"", ""expenditure"": ""0.00""}"
619052,LUCKNOW METRO RAIL PROJECT PHASE-1B EAST WEST CORRIDOR,,Uttar Pradesh metro rail corporation [UPMRC],,Uttar Pradesh,2025-09,2026-05,2031-04,,,5801.05,0.0,15.05,2.2,2026-08,FlashReport_August_2026.pdf,70,"{""approval"": ""09/2025"", ""start"": ""(05/2026)"", ""actual"": null, ""original"": ""04/2031"", ""revised"": ""(-)""}","{""original"": ""5,801.05"", ""revised"": ""0.00"", ""expenditure"": ""15.05""}"
702628,Kanpur Metro Rail Project,,Uttar Pradesh metro rail corporation [UPMRC],,Uttar Pradesh,2019-05,2019-11,2024-05,2027-03,,11076.48,0.0,9542.15,83.8,2026-08,FlashReport_August_2026.pdf,70,"{""approval"": ""05/2019"", ""start"": ""(11/2019)"", ""actual"": null, ""original"": ""05/2024"", ""revised"": ""(03/2027)""}","{""original"": ""11,076.48"", ""revised"": ""0.00"", ""expenditure"": ""9,542.15""}"
702629,Agra Metro Rail Project,,Uttar Pradesh metro rail corporation [UPMRC],,Uttar Pradesh,2019-05,2020-12,2024-05,2027-06,,8379.62,0.0,6458.78,73.8,2026-08,FlashReport_August_2026.pdf,70,"{""approval"": ""05/2019"", ""start"": ""(12/2020)"", ""actual"": null, ""original"": ""05/2024"", ""revised"": ""(06/2027)""}","{""original"": ""8,379.62"", ""revised"": ""0.00"", ""expenditure"": ""6,458.78""}"
702674,"ESR - 8 nos., distribution system - 216 Km, new house service connections - 38760 nos. upgrading of feeder mains, pumping station etc. - Phase II",,Ministry of Housing & Urban Affairs,,Andhra Pradesh,2017-02,2018-07,2023-03,2026-08,,172.22,0.0,88.86,82.0,2026-08,FlashReport_August_2026.pdf,71,"{""approval"": ""02/2017"", ""start"": ""(07/2018)"", ""actual"": null, ""original"": ""03/2023"", ""revised"": ""(08/2026)""}","{""original"": ""172.22"", ""revised"": ""0.00"", ""expenditure"": ""88.86""}"
702699,Muzaffarpur Storm Water Drainage Phase-I Project,,Ministry of Housing & Urban Affairs,,Bihar,2016-11,2019-02,2023-10,2026-06,,158.78,0.0,135.72,85.0,2026-08,FlashReport_August_2026.pdf,71,"{""approval"": ""11/2016"", ""start"": ""(02/2019)"", ""actual"": null, ""original"": ""10/2023"", ""revised"": ""(06/2026)""}","{""original"": ""158.78"", ""revised"": ""0.00"", ""expenditure"": ""135.72""}"
702734,Sewerage Management Scheme Part-3 Implementation,,Ministry of Housing & Urban Affairs,,Haryana,2017-03,2017-11,2023-09,2026-09,,278.01,0.0,228.49,88.0,2026-08,FlashReport_August_2026.pdf,71,"{""approval"": ""03/2017"", ""start"": ""(11/2017)"", ""actual"": null, ""original"": ""09/2023"", ""revised"": ""(09/2026)""}","{""original"": ""278.01"", ""revised"": ""0.00"", ""expenditure"": ""228.49""}"
702741,Dhanbad Water Supply Infrastructure Project,,Ministry of Housing & Urban Affairs,,Jharkhand,2017-02,2018-12,2023-03,2026-06,,216.55,0.0,129.16,76.0,2026-08,FlashReport_August_2026.pdf,71,"{""approval"": ""02/2017"", ""start"": ""(12/2018)"", ""actual"": null, ""original"": ""03/2023"", ""revised"": ""(06/2026)""}","{""original"": ""216.55"", ""revised"": ""0.00"", ""expenditure"": ""129.16""}"
702742,SAAP-3 Water Supply Infrastructure SAAP-3 Project,,Ministry of Housing & Urban Affairs,,Jharkhand,2017-02,2018-12,2023-10,2026-06,,159.31,0.0,87.5,67.0,2026-08,FlashReport_August_2026.pdf,71,"{""approval"": ""02/2017"", ""start"": ""(12/2018)"", ""actual"": null, ""original"": ""10/2023"", ""revised"": ""(06/2026)""}","{""original"": ""159.31"", ""revised"": ""0.00"", ""expenditure"": ""87.50""}"
702746,Augmentation and Strenghthning of Urban Water Supply Phase 1 - SAAP 3,,Ministry of Housing & Urban Affairs,,Jharkhand,2017-02,2018-12,2023-03,2026-06,,278.28,0.0,186.5,81.0,2026-08,FlashReport_August_2026.pdf,71,"{""approval"": ""02/2017"", ""start"": ""(12/2018)"", ""actual"": null, ""original"": ""03/2023"", ""revised"": ""(06/2026)""}","{""original"": ""278.28"", ""revised"": ""0.00"", ""expenditure"": ""186.50""}"
702760,Belgavi Improvement in Sewerage System Project,,Ministry of Housing & Urban Affairs,,Karnataka,2015-12,2016-10,2023-07,2026-06,,162.73,0.0,79.5,80.0,2026-08,FlashReport_August_2026.pdf,71,"{""approval"": ""12/2015"", ""start"": ""(10/2016)"", ""actual"": null, ""original"": ""07/2023"", ""revised"": ""(06/2026)""}","{""original"": ""162.73"", ""revised"": ""0.00"", ""expenditure"": ""79.50""}"
702793,Indore Water Supply Infrastructure Project,,Ministry of Housing & Urban Affairs,,Madhya Pradesh,2016-12,2017-11,2023-03,2026-06,,287.17,0.0,252.5,99.0,2026-08,FlashReport_August_2026.pdf,71,"{""approval"": ""12/2016"", ""start"": ""(11/2017)"", ""actual"": null, ""original"": ""03/2023"", ""revised"": ""(06/2026)""}","{""original"": ""287.17"", ""revised"": ""0.00"", ""expenditure"": ""252.50""}"
702808,Satna Sewerage Management and Treatment Infrastructure Project,,Ministry of Housing & Urban Affairs,,Madhya Pradesh,2015-11,2016-12,2024-03,2026-08,,191.56,0.0,200.32,97.0,2026-08,FlashReport_August_2026.pdf,71,"{""approval"": ""11/2015"", ""start"": ""(12/2016)"", ""actual"": null, ""original"": ""03/2024"", ""revised"": ""(08/2026)""}","{""original"": ""191.56"", ""revised"": ""0.00"", ""expenditure"": ""200.32""}"
702810,Singrauli Sewerage Management and Treatment Infrastructure Project,,Ministry of Housing & Urban Affairs,,Madhya Pradesh,2016-05,2017-11,2023-03,2026-06,,402.01,0.0,387.75,91.0,2026-08,FlashReport_August_2026.pdf,71,"{""approval"": ""05/2016"", ""start"": ""(11/2017)"", ""actual"": null, ""original"": ""03/2023"", ""revised"": ""(06/2026)""}","{""original"": ""402.01"", ""revised"": ""0.00"", ""expenditure"": ""387.75""}"
702833,Kalyan-Dombivali Water Supply Infrastructure Project,,Ministry of Housing & Urban Affairs,,Maharashtra,2016-07,2019-09,2023-10,2026-08,,194.2,0.0,136.56,75.0,2026-08,FlashReport_August_2026.pdf,71,"{""approval"": ""07/2016"", ""start"": ""(09/2019)"", ""actual"": null, ""original"": ""10/2023"", ""revised"": ""(08/2026)""}","{""original"": ""194.20"", ""revised"": ""0.00"", ""expenditure"": ""136.56""}"
703021,Jalandhar Water Supply Infrastructure Project,,Ministry of Housing & Urban Affairs,,Punjab,2016-11,2020-08,2023-08,2026-08,,258.53,0.0,161.02,90.0,2026-08,FlashReport_August_2026.pdf,71,"{""approval"": ""11/2016"", ""start"": ""(08/2020)"", ""actual"": null, ""original"": ""08/2023"", ""revised"": ""(08/2026)""}","{""original"": ""258.53"", ""revised"": ""0.00"", ""expenditure"": ""161.02""}"
703057,Patiala Water Supply Infrastructure Part-2 Project,,Ministry of Housing & Urban Affairs,,Punjab,2016-11,2020-08,2023-10,2026-08,,287.0,0.0,219.34,99.0,2026-08,FlashReport_August_2026.pdf,71,"{""approval"": ""11/2016"", ""start"": ""(08/2020)"", ""actual"": null, ""original"": ""10/2023"", ""revised"": ""(08/2026)""}","{""original"": ""287.00"", ""revised"": ""0.00"", ""expenditure"": ""219.34""}"
702949,Jhansi Water Supply Infrastructure Phase-II Project,,Ministry of Housing & Urban Affairs,,Uttar Pradesh,2017-03,2019-06,2023-07,2026-08,,561.74,0.0,506.52,96.0,2026-08,FlashReport_August_2026.pdf,71,"{""approval"": ""03/2017"", ""start"": ""(06/2019)"", ""actual"": null, ""original"": ""07/2023"", ""revised"": ""(08/2026)""}","{""original"": ""561.74"", ""revised"": ""0.00"", ""expenditure"": ""506.52""}"
702958,Lucknow Sewerage Management Infrastructure Project,,Ministry of Housing & Urban Affairs,,Uttar Pradesh,2016-09,2019-05,2023-03,2026-08,,142.46,0.0,152.65,95.0,2026-08,FlashReport_August_2026.pdf,71,"{""approval"": ""09/2016"", ""start"": ""(05/2019)"", ""actual"": null, ""original"": ""03/2023"", ""revised"": ""(08/2026)""}","{""original"": ""142.46"", ""revised"": ""0.00"", ""expenditure"": ""152.65""}"
617280,"Construction of Basement + Ground Floor+ 10 Storeyed building for State of the Art Director General, GSI Building at plot No.GN-40, Sector-V, Salt Lake, Kolkata",,Central Public Works Department [CPWD],,West Bengal,2019-04,2020-02,2026-08,,,255.37,0.0,98.96,64.0,2026-08,FlashReport_August_2026.pdf,71,"{""approval"": ""04/2019"", ""start"": ""(02/2020)"", ""actual"": null, ""original"": ""08/2026"", ""revised"": ""(-)""}","{""original"": ""255.37"", ""revised"": ""0.00"", ""expenditure"": ""98.96""}"
400426,Expansion of Malanjkhand Copper Project,,Hindustan Copper Limited [HCL],,Madhya Pradesh,2011-09,2015-04,2020-04,2029-03,,1856.36,0.0,1059.82,32.0,2026-08,FlashReport_August_2026.pdf,71,"{""approval"": ""09/2011"", ""start"": ""(04/2015)"", ""actual"": null, ""original"": ""04/2020"", ""revised"": ""(03/2029)""}","{""original"": ""1,856.36"", ""revised"": ""0.00"", ""expenditure"": ""1,059.82""}"
400141,Expansion of Alumina Refinery Plant with addition of 5th Stream having capacity enhancement of 1.0 Million Tonee Per Annum,,National Aluminium Company Limited [NALCO],,Odisha,2017-04,2017-04,2022-12,2026-06,,4103.0,0.0,5075.89,96.03,2026-08,FlashReport_August_2026.pdf,71,"{""approval"": ""04/2017"", ""start"": ""(04/2017)"", ""actual"": null, ""original"": ""12/2022"", ""revised"": ""(06/2026)""}","{""original"": ""4,103.00"", ""revised"": ""0.00"", ""expenditure"": ""5,075.89""}"
400299,Pottangi Bauxite Mines Project,,National Aluminium Company Limited [NALCO],,Odisha,2018-05,2018-05,2025-03,2026-11,,1381.0,0.0,770.37,52.5,2026-08,FlashReport_August_2026.pdf,71,"{""approval"": ""05/2018"", ""start"": ""(05/2018)"", ""actual"": null, ""original"": ""03/2025"", ""revised"": ""(11/2026)""}","{""original"": ""1,381.00"", ""revised"": ""0.00"", ""expenditure"": ""770.37""}"
709831,SOURCING OF BAUXITE ARRANGEMENT FOR 5TH STREAM ALUMINA REFINERY FROM SOUTH BLOCK MINING LEASE OF PANCHPATMAILI MINES,,National Aluminium Company Limited [NALCO],,Odisha,2017-11,2019-11,2025-05,2026-06,,483.0,0.0,455.73,93.36,2026-08,FlashReport_August_2026.pdf,72,"{""approval"": ""11/2017"", ""start"": ""(11/2019)"", ""actual"": null, ""original"": ""05/2025"", ""revised"": ""(06/2026)""}","{""original"": ""483.00"", ""revised"": ""0.00"", ""expenditure"": ""455.73""}"
709832,25.5 MW WIND POWER PROJECT AT KAYATHAR IN TAMILNADU,,National Aluminium Company Limited [NALCO],,Tamil Nadu,2017-09,2017-12,2025-03,2026-03,,166.0,0.0,135.0,70.0,2026-08,FlashReport_August_2026.pdf,72,"{""approval"": ""09/2017"", ""start"": ""(12/2017)"", ""actual"": null, ""original"": ""03/2025"", ""revised"": ""(03/2026)""}","{""original"": ""166.00"", ""revised"": ""0.00"", ""expenditure"": ""135.00""}"
613008,Construction of Permanent Campus of Central Tribal University of Andhra Pradesh Phase-1,,Central Tribal University of Andhra Pradesh,,Andhra Pradesh,2019-09,2023-12,2027-06,,,305.0,0.0,87.46,46.78,2026-08,FlashReport_August_2026.pdf,72,"{""approval"": ""09/2019"", ""start"": ""(12/2023)"", ""actual"": null, ""original"": ""06/2027"", ""revised"": ""(-)""}","{""original"": ""305.00"", ""revised"": ""0.00"", ""expenditure"": ""87.46""}"
612898,Construction of Permanent Campus of National Institute of Technology Arunachal Pradesh Arunachal,,"National Institute of Technology, Arunachal Pradesh",,Pradesh,2009-09,2013-03,2026-08,2024-08,,592.61,0.0,551.3,80.0,2026-08,FlashReport_August_2026.pdf,72,"{""approval"": ""09/2009"", ""start"": ""(03/2013)"", ""actual"": null, ""original"": ""08/2026"", ""revised"": ""(08/2024)""}","{""original"": ""592.61"", ""revised"": ""0.00"", ""expenditure"": ""551.30""}"
606112,Tezpur University Projects,,Tezpur University,,Assam,2019-05,2021-06,2023-11,2025-12,,153.71,0.0,798.42,97.99,2026-08,FlashReport_August_2026.pdf,72,"{""approval"": ""05/2019"", ""start"": ""(06/2021)"", ""actual"": null, ""original"": ""11/2023"", ""revised"": ""(12/2025)""}","{""original"": ""153.71"", ""revised"": ""0.00"", ""expenditure"": ""798.42""}"
606013,Additional Campus of NITPatna,,NIT Patna,,Bihar,2022-07,2022-08,2024-07,2026-01,,499.21,0.0,449.96,99.0,2026-08,FlashReport_August_2026.pdf,72,"{""approval"": ""07/2022"", ""start"": ""(08/2022)"", ""actual"": null, ""original"": ""07/2024"", ""revised"": ""(01/2026)""}","{""original"": ""499.21"", ""revised"": ""0.00"", ""expenditure"": ""449.96""}"
617877,Phase B Construction of Permanent Campus of IIT Bhilai,,"Indian Institute of Technology, Bhilai",,Chhattisgarh,2025-05,2026-01,2028-10,,,1188.97,0.0,1.92,0.0,2026-08,FlashReport_August_2026.pdf,72,"{""approval"": ""05/2025"", ""start"": ""(01/2026)"", ""actual"": null, ""original"": ""10/2028"", ""revised"": ""(-)""}","{""original"": ""1,188.97"", ""revised"": ""0.00"", ""expenditure"": ""1.92""}"
616886,Delhi University Eastern Campus at Surajmal Vihar,,Delhi University,,Delhi,2024-09,2025-03,2026-10,,,373.0,0.0,33.03,15.0,2026-08,FlashReport_August_2026.pdf,72,"{""approval"": ""09/2024"", ""start"": ""(03/2025)"", ""actual"": null, ""original"": ""10/2026"", ""revised"": ""(-)""}","{""original"": ""373.00"", ""revised"": ""0.00"", ""expenditure"": ""33.03""}"
304532,IIT Gandhinagar - Development of Students Hostel Buildings with Associated Facilities under Phase-2A,,"Indian Institute of Technology, Gandhinagar",,Gujarat,2023-06,2024-12,2027-03,2028-05,,163.0,0.0,45.22,18.5,2026-08,FlashReport_August_2026.pdf,72,"{""approval"": ""06/2023"", ""start"": ""(12/2024)"", ""actual"": null, ""original"": ""03/2027"", ""revised"": ""(05/2028)""}","{""original"": ""163.00"", ""revised"": ""0.00"", ""expenditure"": ""45.22""}"
612916,"Construction of permanent campus of Central University of Gujarat at Village kundhela, Dist. Vadodara, Gujarat.",,Central University of Gujarat,,Gujarat,2020-12,2021-02,2025-03,2026-03,,490.63,0.0,342.26,86.0,2026-08,FlashReport_August_2026.pdf,72,"{""approval"": ""12/2020"", ""start"": ""(02/2021)"", ""actual"": null, ""original"": ""03/2025"", ""revised"": ""(03/2026)""}","{""original"": ""490.63"", ""revised"": ""0.00"", ""expenditure"": ""342.26""}"
858179,IIT Gandhinagar - Development of Faculty/Staff Housing with Associated Facilities under Phase-2A,,"Indian Institute of Technology, Gandhinagar",,Gujarat,2023-06,2024-12,2027-03,2027-08,,156.0,0.0,130.36,45.0,2026-08,FlashReport_August_2026.pdf,72,"{""approval"": ""06/2023"", ""start"": ""(12/2024)"", ""actual"": null, ""original"": ""03/2027"", ""revised"": ""(08/2027)""}","{""original"": ""156.00"", ""revised"": ""0.00"", ""expenditure"": ""130.36""}"
602099,Himachal,,"Indian Institute of Management, Sirmaur",,Pradesh,2018-09,2020-08,2023-10,2026-09,,392.51,0.0,340.11,98.6,2026-08,FlashReport_August_2026.pdf,72,"{""approval"": ""09/2018"", ""start"": ""(08/2020)"", ""actual"": null, ""original"": ""10/2023"", ""revised"": ""(09/2026)""}","{""original"": ""392.51"", ""revised"": ""0.00"", ""expenditure"": ""340.11""}"
612128,Himachal,,"Indian Institute of Technology, Mandi",,Pradesh,2023-03,2024-03,2026-03,2026-09,,166.66,0.0,138.26,94.0,2026-08,FlashReport_August_2026.pdf,72,"{""approval"": ""03/2023"", ""start"": ""(03/2024)"", ""actual"": null, ""original"": ""03/2026"", ""revised"": ""(09/2026)""}","{""original"": ""166.66"", ""revised"": ""0.00"", ""expenditure"": ""138.26""}"
602098,"Construction of Permanent Campus for IIM Jammu Phase-1 at Jagti, Nagrota, Jammu, J&K",,"Indian Institute of Management, Jammu",,Jammu and Kashmir,2019-03,2020-10,2023-06,2025-11,,424.93,0.0,484.52,96.0,2026-08,FlashReport_August_2026.pdf,72,"{""approval"": ""03/2019"", ""start"": ""(10/2020)"", ""actual"": null, ""original"": ""06/2023"", ""revised"": ""(11/2025)""}","{""original"": ""424.93"", ""revised"": ""0.00"", ""expenditure"": ""484.52""}"
606431,CONSTRUCTION OF PERMANENT CAMPUS FOR IIT PALAKKAD UNDER PHASE 1A,,INDIAN INSTITUTE OF TECHNOLOGY PALAKKAD,,Kerala,2017-07,2020-03,2022-06,2026-06,,1006.45,0.0,707.03,89.5,2026-08,FlashReport_August_2026.pdf,72,"{""approval"": ""07/2017"", ""start"": ""(03/2020)"", ""actual"": null, ""original"": ""06/2022"", ""revised"": ""(06/2026)""}","{""original"": ""1,006.45"", ""revised"": ""0.00"", ""expenditure"": ""707.03""}"
617878,Phase B of Construction of Permanent Campus of IIT Palakkad,,INDIAN INSTITUTE OF TECHNOLOGY PALAKKAD,,Kerala,2025-05,2026-01,2028-10,,,1527.0,0.0,9.8,0.5,2026-08,FlashReport_August_2026.pdf,72,"{""approval"": ""05/2025"", ""start"": ""(01/2026)"", ""actual"": null, ""original"": ""10/2028"", ""revised"": ""(-)""}","{""original"": ""1,527.00"", ""revised"": ""0.00"", ""expenditure"": ""9.80""}"
611957,"Phase III A works at IIT Indore [03 Hostels, 01 Studio Apartment, 01 Housing, Heavy & Sophisticated lab complex, Academic POD and Infrastructure for center of excellence]",,"Indian Institute of Technology, Indore",,Madhya Pradesh,2023-12,2024-04,2027-02,,,496.28,0.0,97.35,69.99,2026-08,FlashReport_August_2026.pdf,72,"{""approval"": ""12/2023"", ""start"": ""(04/2024)"", ""actual"": null, ""original"": ""02/2027"", ""revised"": ""(-)""}","{""original"": ""496.28"", ""revised"": ""0.00"", ""expenditure"": ""97.35""}"
505106,"Engineering, Procurement and Construction (EPC) of Various Buildings and External Infrastructure Development Works of Indian Institute of Management Mumbai campus in Phase-1",,Indian Institute of Management Mumbai,,Maharashtra,2026-03,2026-08,2030-08,,,441.85,0.0,0.0,0.0,2026-08,FlashReport_August_2026.pdf,72,"{""approval"": ""03/2026"", ""start"": ""(08/2026)"", ""actual"": null, ""original"": ""08/2030"", ""revised"": ""(-)""}","{""original"": ""441.85"", ""revised"": ""0.00"", ""expenditure"": ""0.00""}"
612885,Construction and Developement of National Institute of Technology Meghalaya Permanent Campus at Sohra,,"National Institute of Technology, Meghalaya",,Meghalaya,2009-09,2014-09,2022-03,2026-10,,494.52,0.0,385.32,98.0,2026-08,FlashReport_August_2026.pdf,72,"{""approval"": ""09/2009"", ""start"": ""(09/2014)"", ""actual"": null, ""original"": ""03/2022"", ""revised"": ""(10/2026)""}","{""original"": ""494.52"", ""revised"": ""0.00"", ""expenditure"": ""385.32""}"
612876,"Construction of Permanent Campus for NIT Mizoram at Lengpui, Aizawl",,NIT Mizoram,,Mizoram,2009-09,2014-06,2029-12,2022-03,,474.23,0.0,167.55,4.0,2026-08,FlashReport_August_2026.pdf,73,"{""approval"": ""09/2009"", ""start"": ""(06/2014)"", ""actual"": null, ""original"": ""12/2029"", ""revised"": ""(03/2022)""}","{""original"": ""474.23"", ""revised"": ""0.00"", ""expenditure"": ""167.55""}"
613013,Establishment of NIT Nagaland,,NIT Nagaland,,Nagaland,2009-09,2014-12,2025-12,,,275.63,0.0,263.25,98.0,2026-08,FlashReport_August_2026.pdf,73,"{""approval"": ""09/2009"", ""start"": ""(12/2014)"", ""actual"": null, ""original"": ""12/2025"", ""revised"": ""(-)""}","{""original"": ""275.63"", ""revised"": ""0.00"", ""expenditure"": ""263.25""}"
610315,IISER BERHAMPUR,,"Indian Institutes of Science Education and Research, Behrampur",,Odisha,2018-10,2019-09,2021-03,2026-10,,1229.32,0.0,874.09,98.5,2026-08,FlashReport_August_2026.pdf,73,"{""approval"": ""10/2018"", ""start"": ""(09/2019)"", ""actual"": null, ""original"": ""03/2021"", ""revised"": ""(10/2026)""}","{""original"": ""1,229.32"", ""revised"": ""0.00"", ""expenditure"": ""874.09""}"
611961,Construction of IIT Bhubaneswar -Phase III,,"Indian Institute of Technology, Bhubaneshwar",,Odisha,2024-02,2024-05,2026-11,,,454.27,0.0,103.04,11.57,2026-08,FlashReport_August_2026.pdf,73,"{""approval"": ""02/2024"", ""start"": ""(05/2024)"", ""actual"": null, ""original"": ""11/2026"", ""revised"": ""(-)""}","{""original"": ""454.27"", ""revised"": ""0.00"", ""expenditure"": ""103.04""}"
619033,"1000 seater Boys hostel, 500 seater Girls hostel, 1.5 MLD Sewage Treatment Plant and Faculty Residence - 72 nos. Flats",,NIT Rourkela,,Odisha,2023-09,2024-01,2026-06,2027-08,,198.97,0.0,57.01,53.0,2026-08,FlashReport_August_2026.pdf,73,"{""approval"": ""09/2023"", ""start"": ""(01/2024)"", ""actual"": null, ""original"": ""06/2026"", ""revised"": ""(08/2027)""}","{""original"": ""198.97"", ""revised"": ""0.00"", ""expenditure"": ""57.01""}"
605292,"Construction of Permanent Campus of Indian Institute of Management [IIM] Amritsar, Punjab, Phase-I",,"Indian intitue of Management, Amritsar",,Punjab,2019-10,2020-07,2023-06,2026-11,,348.31,0.0,294.73,92.69,2026-08,FlashReport_August_2026.pdf,73,"{""approval"": ""10/2019"", ""start"": ""(07/2020)"", ""actual"": null, ""original"": ""06/2023"", ""revised"": ""(11/2026)""}","{""original"": ""348.31"", ""revised"": ""0.00"", ""expenditure"": ""294.73""}"
617221,"Construction of Girls Hostel 400 seater, Boys Hostel 600 seater, Academic Block, International Hostel 100 seater, VC Residence and Purchase of Equipment",,Central University of Punjab,,Punjab,2024-08,2025-04,2027-10,,,210.99,0.0,107.71,65.0,2026-08,FlashReport_August_2026.pdf,73,"{""approval"": ""08/2024"", ""start"": ""(04/2025)"", ""actual"": null, ""original"": ""10/2027"", ""revised"": ""(-)""}","{""original"": ""210.99"", ""revised"": ""0.00"", ""expenditure"": ""107.71""}"
617421,Phase 3B Development of Permanent Campus of IIT Jodhpur,,"Indian Institute of Technology, Jodhpur",,Rajasthan,2025-07,2026-01,2028-01,,,522.89,0.0,29.47,10.31,2026-08,FlashReport_August_2026.pdf,73,"{""approval"": ""07/2025"", ""start"": ""(01/2026)"", ""actual"": null, ""original"": ""01/2028"", ""revised"": ""(-)""}","{""original"": ""522.89"", ""revised"": ""0.00"", ""expenditure"": ""29.47""}"
609736,"Construction of Sikkim University Campus Phase-I Package-II at Yangang, South Sikkim",,Sikkim University,,Sikkim,2020-08,2022-01,2025-01,2026-10,,314.06,0.0,292.0,97.0,2026-08,FlashReport_August_2026.pdf,73,"{""approval"": ""08/2020"", ""start"": ""(01/2022)"", ""actual"": null, ""original"": ""01/2025"", ""revised"": ""(10/2026)""}","{""original"": ""314.06"", ""revised"": ""0.00"", ""expenditure"": ""292.00""}"
612883,Establishment of Permanent Campus of NIT SIkkim at Khamdong-Gangtok District,,NIT Sikkim,,Sikkim,2024-02,2024-03,2028-02,2026-12,,685.76,0.0,283.56,38.5,2026-08,FlashReport_August_2026.pdf,73,"{""approval"": ""02/2024"", ""start"": ""(03/2024)"", ""actual"": null, ""original"": ""02/2028"", ""revised"": ""(12/2026)""}","{""original"": ""685.76"", ""revised"": ""0.00"", ""expenditure"": ""283.56""}"
609996,Construction of Precast housing and hostels at IIT Hyderabad,,"Indian Institute of Technology, Hyderabad",,Telangana,2022-09,2022-11,2024-10,2026-01,,262.0,0.0,225.58,91.1,2026-08,FlashReport_August_2026.pdf,73,"{""approval"": ""09/2022"", ""start"": ""(11/2022)"", ""actual"": null, ""original"": ""10/2024"", ""revised"": ""(01/2026)""}","{""original"": ""262.00"", ""revised"": ""0.00"", ""expenditure"": ""225.58""}"
606479,Banaras Hindu University [ Kayakalp of Institute of Medical Sciences],,Banaras Hindu University,,Uttar Pradesh,2020-06,2020-06,2022-09,2027-07,,246.0,0.0,214.03,99.2,2026-08,FlashReport_August_2026.pdf,73,"{""approval"": ""06/2020"", ""start"": ""(06/2020)"", ""actual"": null, ""original"": ""09/2022"", ""revised"": ""(07/2027)""}","{""original"": ""246.00"", ""revised"": ""0.00"", ""expenditure"": ""214.03""}"
611963,"Construction & Development of Infrastructural Facilities in the main campus of NIT Uttarakhand at Sumari, Pauri Garhwal",,National Institute of Technology Uttarakhand,,Uttarakhand,2020-06,2024-04,2027-09,,,650.85,0.0,414.41,66.0,2026-08,FlashReport_August_2026.pdf,73,"{""approval"": ""06/2020"", ""start"": ""(04/2024)"", ""actual"": null, ""original"": ""09/2027"", ""revised"": ""(-)""}","{""original"": ""650.85"", ""revised"": ""0.00"", ""expenditure"": ""414.41""}"
609019,"HEFA projects on development of student hostels, playgrounds, departmental buildings, class room complex and other campus facilities in IIT Kharagpur",,"Indian Institute of Technology, Kharagpur",,West Bengal,2018-06,2019-04,2023-03,2026-12,,500.0,0.0,420.1,96.74,2026-08,FlashReport_August_2026.pdf,73,"{""approval"": ""06/2018"", ""start"": ""(04/2019)"", ""actual"": null, ""original"": ""03/2023"", ""revised"": ""(12/2026)""}","{""original"": ""500.00"", ""revised"": ""0.00"", ""expenditure"": ""420.10""}"
400081,"National Sports University [NSU], Imphal [Manipur]",,Department of Sports & Youth Affairs,,Manipur,2022-06,2022-01,2024-08,2026-08,,906.47,0.0,577.32,97.7,2026-08,FlashReport_August_2026.pdf,73,"{""approval"": ""06/2022"", ""start"": ""(01/2022)"", ""actual"": null, ""original"": ""08/2024"", ""revised"": ""(08/2026)""}","{""original"": ""906.47"", ""revised"": ""0.00"", ""expenditure"": ""577.32""}"
308266,"Development of Rail - Fed Road Tanker Loading POL Terminal at Panchgram [Near Silchar], Hailakandi, Assam.",,Numaligarh Refinery Limited,,Assam,2025-08,2025-08,2027-10,,,433.12,0.0,77.37,23.0,2026-08,FlashReport_August_2026.pdf,73,"{""approval"": ""08/2025"", ""start"": ""(08/2025)"", ""actual"": null, ""original"": ""10/2027"", ""revised"": ""(-)""}","{""original"": ""433.12"", ""revised"": ""0.00"", ""expenditure"": ""77.37""}"
709754,"Construction of LPG Facilities at Kamardanga, Assam",,Hindustan Petroleum Corporation Limited,,Assam,2023-03,2023-03,2027-07,2027-07,,156.36,0.0,116.83,85.7,2026-08,FlashReport_August_2026.pdf,73,"{""approval"": ""03/2023"", ""start"": ""(03/2023)"", ""actual"": null, ""original"": ""07/2027"", ""revised"": ""(07/2027)""}","{""original"": ""156.36"", ""revised"": ""0.00"", ""expenditure"": ""116.83""}"
709755,"Setting up of new rail fed POL facility at Kamardanga, Assam",,Hindustan Petroleum Corporation Limited,,Assam,2023-03,2023-03,2027-07,2027-07,,384.04,0.0,254.02,89.1,2026-08,FlashReport_August_2026.pdf,73,"{""approval"": ""03/2023"", ""start"": ""(03/2023)"", ""actual"": null, ""original"": ""07/2027"", ""revised"": ""(07/2027)""}","{""original"": ""384.04"", ""revised"": ""0.00"", ""expenditure"": ""254.02""}"
617839,Capacity Augmentation of Kandla LPG Import Terminal [KLIT] from 0.6 MMTPA to 2.5 MMTPA,,Indian Oil Corporation Limited [IOCL],,Gujarat,2023-05,2023-05,2026-07,2026-12,,356.86,0.0,169.74,68.5,2026-08,FlashReport_August_2026.pdf,74,"{""approval"": ""05/2023"", ""start"": ""(05/2023)"", ""actual"": null, ""original"": ""07/2026"", ""revised"": ""(12/2026)""}","{""original"": ""356.86"", ""revised"": ""0.00"", ""expenditure"": ""169.74""}"
604833,"Andheri Residential Towers, Mumbai",,Indian Oil Corporation Limited [IOCL],,Maharashtra,2017-06,2017-06,2025-05,2027-06,,281.35,0.0,294.89,88.0,2026-08,FlashReport_August_2026.pdf,74,"{""approval"": ""06/2017"", ""start"": ""(06/2017)"", ""actual"": null, ""original"": ""05/2025"", ""revised"": ""(06/2027)""}","{""original"": ""281.35"", ""revised"": ""0.00"", ""expenditure"": ""294.89""}"
619313,Setting up of 50 MW [plus/minus 5 percent] Wind Power Plant for Captive Consumption at MR,,Bharat Petroleum Corporation Limited [BPCL],,Maharashtra,2023-05,2023-05,2027-04,2027-04,,483.14,0.0,381.29,81.1,2026-08,FlashReport_August_2026.pdf,74,"{""approval"": ""05/2023"", ""start"": ""(05/2023)"", ""actual"": null, ""original"": ""04/2027"", ""revised"": ""(04/2027)""}","{""original"": ""483.14"", ""revised"": ""0.00"", ""expenditure"": ""381.29""}"
617829,LPG Bottling Plant at Mualkhang,,Indian Oil Corporation Limited [IOCL],,Mizoram,2024-07,2024-07,2028-10,2028-05,,225.71,0.0,33.36,34.5,2026-08,FlashReport_August_2026.pdf,74,"{""approval"": ""07/2024"", ""start"": ""(07/2024)"", ""actual"": null, ""original"": ""10/2028"", ""revised"": ""(05/2028)""}","{""original"": ""225.71"", ""revised"": ""0.00"", ""expenditure"": ""33.36""}"
709759,"Petrochemical evacuation marketing terminal at Barmer, Rajasthan",,Hindustan Petroleum Corporation Limited,,Rajasthan,2023-12,2023-12,2026-12,2026-12,,461.05,0.0,256.76,98.4,2026-08,FlashReport_August_2026.pdf,74,"{""approval"": ""12/2023"", ""start"": ""(12/2023)"", ""actual"": null, ""original"": ""12/2026"", ""revised"": ""(12/2026)""}","{""original"": ""461.05"", ""revised"": ""0.00"", ""expenditure"": ""256.76""}"
400043,Laying of POL Pipelines in Common Corridor for proposed grass root terminal at Vallur [Chennai],,Indian Oil Corporation Limited [IOCL],,Tamil Nadu,2022-01,2022-01,2026-05,2027-03,,829.0,0.0,388.9,82.3,2026-08,FlashReport_August_2026.pdf,74,"{""approval"": ""01/2022"", ""start"": ""(01/2022)"", ""actual"": null, ""original"": ""05/2026"", ""revised"": ""(03/2027)""}","{""original"": ""829.00"", ""revised"": ""0.00"", ""expenditure"": ""388.90""}"
400301,Multi Product Pipeline from Irugur to Devangonthi,,"Department of Water Resources, River Development & GR",,Tamil Nadu,2012-11,2012-11,2017-02,2026-09,,678.0,0.0,1237.73,87.9,2026-08,FlashReport_August_2026.pdf,74,"{""approval"": ""11/2012"", ""start"": ""(11/2012)"", ""actual"": null, ""original"": ""02/2017"", ""revised"": ""(09/2026)""}","{""original"": ""678.00"", ""revised"": ""0.00"", ""expenditure"": ""1,237.73""}"
400012,Kandla Gorakhpur LPG Pipeline,,Indian Oil Corporation Limited [IOCL],,Uttar Pradesh,2018-12,2018-12,2021-12,2026-10,,10088.0,0.0,8598.52,96.3,2026-08,FlashReport_August_2026.pdf,74,"{""approval"": ""12/2018"", ""start"": ""(12/2018)"", ""actual"": null, ""original"": ""12/2021"", ""revised"": ""(10/2026)""}","{""original"": ""10,088.00"", ""revised"": ""0.00"", ""expenditure"": ""8,598.52""}"
604852,"Grass-root Terminal at Mirzapur, Uttar Pradesh",,Indian Oil Corporation Limited [IOCL],,Uttar Pradesh,2022-09,2022-09,2026-11,2026-11,,980.45,0.0,312.19,77.6,2026-08,FlashReport_August_2026.pdf,74,"{""approval"": ""09/2022"", ""start"": ""(09/2022)"", ""actual"": null, ""original"": ""11/2026"", ""revised"": ""(11/2026)""}","{""original"": ""980.45"", ""revised"": ""0.00"", ""expenditure"": ""312.19""}"
701349,Paradip-Numaligarh Crude Oil Pipeline [PNCPL] & Crude Oil Import Terminal [COIT] at Paradip,,Numaligarh Refinery Limited,,West Bengal,2019-01,2019-01,2024-07,2026-10,,10228.0,0.0,11236.46,93.6,2026-08,FlashReport_August_2026.pdf,74,"{""approval"": ""01/2019"", ""start"": ""(01/2019)"", ""actual"": null, ""original"": ""07/2024"", ""revised"": ""(10/2026)""}","{""original"": ""10,228.00"", ""revised"": ""0.00"", ""expenditure"": ""11,236.46""}"
400120,KG-DWN-98/2 Cluster - II Development Project - NELP Block,,Oil and Natural Gas Corporation Limited [ONGC],,Andhra Pradesh,2016-03,2016-03,2020-06,2026-09,,34012.0,0.0,33198.79,97.0,2026-08,FlashReport_August_2026.pdf,74,"{""approval"": ""03/2016"", ""start"": ""(03/2016)"", ""actual"": null, ""original"": ""06/2020"", ""revised"": ""(09/2026)""}","{""original"": ""34,012.00"", ""revised"": ""0.00"", ""expenditure"": ""33,198.79""}"
409131,Old Naphtha Isomerization Unit [NIU] revamp for MS maximization at Visakh Refinery,,Hindustan Petroleum Corporation Limited,,Andhra Pradesh,2025-03,2025-03,2028-07,,,449.0,0.0,24.57,7.7,2026-08,FlashReport_August_2026.pdf,74,"{""approval"": ""03/2025"", ""start"": ""(03/2025)"", ""actual"": null, ""original"": ""07/2028"", ""revised"": ""(-)""}","{""original"": ""449.00"", ""revised"": ""0.00"", ""expenditure"": ""24.57""}"
619226,Provision of four bitumen tanks with capacity of 5 TMT each at Visakh Refinery,,Hindustan Petroleum Corporation Limited,,Andhra Pradesh,2025-09,2025-09,2028-03,2028-03,,258.34,0.0,11.76,23.2,2026-08,FlashReport_August_2026.pdf,74,"{""approval"": ""09/2025"", ""start"": ""(09/2025)"", ""actual"": null, ""original"": ""03/2028"", ""revised"": ""(03/2028)""}","{""original"": ""258.34"", ""revised"": ""0.00"", ""expenditure"": ""11.76""}"
709752,HP-COAT [Crude to Olefins and Aromatics Technology] demo unit at Visakh Refinery,,Hindustan Petroleum Corporation Limited,,Andhra Pradesh,2021-09,2021-09,2024-06,2027-02,,160.0,0.0,159.74,94.1,2026-08,FlashReport_August_2026.pdf,74,"{""approval"": ""09/2021"", ""start"": ""(09/2021)"", ""actual"": null, ""original"": ""06/2024"", ""revised"": ""(02/2027)""}","{""original"": ""160.00"", ""revised"": ""0.00"", ""expenditure"": ""159.74""}"
604791,Numaligarh Refinery Expansion Project,,Numaligarh Refinery Limited,,Assam,2020-07,2020-07,2024-07,2027-03,,12366.0,0.0,20845.77,87.7,2026-08,FlashReport_August_2026.pdf,74,"{""approval"": ""07/2020"", ""start"": ""(07/2020)"", ""actual"": null, ""original"": ""07/2024"", ""revised"": ""(03/2027)""}","{""original"": ""12,366.00"", ""revised"": ""0.00"", ""expenditure"": ""20,845.77""}"
604863,Development of Surface Facilities for production and evacuation of Crude Oil and Natural Gas from Nadua and East Khagorija,,Oil India Limited,,Assam,2018-01,2018-01,2020-02,2026-12,,682.9,0.0,601.12,94.6,2026-08,FlashReport_August_2026.pdf,74,"{""approval"": ""01/2018"", ""start"": ""(01/2018)"", ""actual"": null, ""original"": ""02/2020"", ""revised"": ""(12/2026)""}","{""original"": ""682.90"", ""revised"": ""0.00"", ""expenditure"": ""601.12""}"
616858,"Construction of Field Gas Gathering Station at Baghjan area for collection, processing & transportation of natural Gas to be produced from Baghjan Field",,Oil India Limited,,Assam,2020-12,2020-12,2024-03,2026-11,,430.76,0.0,348.65,97.0,2026-08,FlashReport_August_2026.pdf,74,"{""approval"": ""12/2020"", ""start"": ""(12/2020)"", ""actual"": null, ""original"": ""03/2024"", ""revised"": ""(11/2026)""}","{""original"": ""430.76"", ""revised"": ""0.00"", ""expenditure"": ""348.65""}"
617827,"Pipeline Rehabilitation Project, Phase-II",,Oil India Limited,,Assam,2024-12,2024-12,2029-12,2029-12,,680.0,0.0,13.78,29.6,2026-08,FlashReport_August_2026.pdf,74,"{""approval"": ""12/2024"", ""start"": ""(12/2024)"", ""actual"": null, ""original"": ""12/2029"", ""revised"": ""(12/2029)""}","{""original"": ""680.00"", ""revised"": ""0.00"", ""expenditure"": ""13.78""}"
617836,Coke Drum Structure Package,,Numaligarh Refinery Limited,,Assam,2022-12,2022-12,2025-12,2026-12,,635.28,0.0,506.82,76.5,2026-08,FlashReport_August_2026.pdf,74,"{""approval"": ""12/2022"", ""start"": ""(12/2022)"", ""actual"": null, ""original"": ""12/2025"", ""revised"": ""(12/2026)""}","{""original"": ""635.28"", ""revised"": ""0.00"", ""expenditure"": ""506.82""}"
619316,"Group Gathering Station, Lakwagaon",,Oil India Limited,,Assam,2025-10,2025-10,2027-10,2027-10,,495.59,0.0,39.97,20.1,2026-08,FlashReport_August_2026.pdf,74,"{""approval"": ""10/2025"", ""start"": ""(10/2025)"", ""actual"": null, ""original"": ""10/2027"", ""revised"": ""(10/2027)""}","{""original"": ""495.59"", ""revised"": ""0.00"", ""expenditure"": ""39.97""}"
709776,Augmentation/Revamping of Facilities at existing Guwahati Terminal at Betkuchi,,Indian Oil Corporation Limited [IOCL],,Assam,2022-04,2022-04,2026-09,2026-09,,277.0,0.0,237.33,84.8,2026-08,FlashReport_August_2026.pdf,74,"{""approval"": ""04/2022"", ""start"": ""(04/2022)"", ""actual"": null, ""original"": ""09/2026"", ""revised"": ""(09/2026)""}","{""original"": ""277.00"", ""revised"": ""0.00"", ""expenditure"": ""237.33""}"
709779,Capacity Expansion of Digboi Refinery from 0.65 to 1.0 MMTPA,,Indian Oil Corporation Limited [IOCL],,Assam,2022-06,2022-06,2026-03,2027-07,,768.0,0.0,250.84,60.8,2026-08,FlashReport_August_2026.pdf,75,"{""approval"": ""06/2022"", ""start"": ""(06/2022)"", ""actual"": null, ""original"": ""03/2026"", ""revised"": ""(07/2027)""}","{""original"": ""768.00"", ""revised"": ""0.00"", ""expenditure"": ""250.84""}"
709847,Pipeline Network Project Rudrasagar,,Oil and Natural Gas Corporation Limited [ONGC],,Assam,2023-01,2023-01,2026-04,2027-04,,481.03,0.0,238.83,55.4,2026-08,FlashReport_August_2026.pdf,75,"{""approval"": ""01/2023"", ""start"": ""(01/2023)"", ""actual"": null, ""original"": ""04/2026"", ""revised"": ""(04/2027)""}","{""original"": ""481.03"", ""revised"": ""0.00"", ""expenditure"": ""238.83""}"
709850,Borholla GGS Life Extension Project [BLEP],,Oil and Natural Gas Corporation Limited [ONGC],,Assam,2023-09,2023-09,2026-05,2027-03,,198.7,0.0,110.99,64.3,2026-08,FlashReport_August_2026.pdf,75,"{""approval"": ""09/2023"", ""start"": ""(09/2023)"", ""actual"": null, ""original"": ""05/2026"", ""revised"": ""(03/2027)""}","{""original"": ""198.70"", ""revised"": ""0.00"", ""expenditure"": ""110.99""}"
709864,DCU Revamp Project,,Numaligarh Refinery Limited,,Assam,2021-08,2021-08,2024-07,2027-03,,370.0,0.0,315.57,82.7,2026-08,FlashReport_August_2026.pdf,75,"{""approval"": ""08/2021"", ""start"": ""(08/2021)"", ""actual"": null, ""original"": ""07/2024"", ""revised"": ""(03/2027)""}","{""original"": ""370.00"", ""revised"": ""0.00"", ""expenditure"": ""315.57""}"
709865,Power Recovery Turbine [PRT] in PFCCU unit as an Energy Conservation Scheme,,Numaligarh Refinery Limited,,Assam,2023-04,2023-04,2024-12,2026-12,,293.5,0.0,81.84,99.0,2026-08,FlashReport_August_2026.pdf,75,"{""approval"": ""04/2023"", ""start"": ""(04/2023)"", ""actual"": null, ""original"": ""12/2024"", ""revised"": ""(12/2026)""}","{""original"": ""293.50"", ""revised"": ""0.00"", ""expenditure"": ""81.84""}"
891687,2.4 KTPA Green Hydrogen Generation Unit at Numaligarh,,Numaligarh Refinery Limited,,Assam,2023-02,2023-02,2027-03,,,170.0,0.0,37.33,45.5,2026-08,FlashReport_August_2026.pdf,75,"{""approval"": ""02/2023"", ""start"": ""(02/2023)"", ""actual"": null, ""original"": ""03/2027"", ""revised"": ""(-)""}","{""original"": ""170.00"", ""revised"": ""0.00"", ""expenditure"": ""37.33""}"
617304,"Setting up of LPG Plant with Rail Unloading Facility at Hathua, Dist. Gopalganj, Bihar",,Bharat Petroleum Corporation Limited [BPCL],,Bihar,2023-10,2023-10,2027-03,2027-03,,340.15,0.0,191.0,56.5,2026-08,FlashReport_August_2026.pdf,75,"{""approval"": ""10/2023"", ""start"": ""(10/2023)"", ""actual"": null, ""original"": ""03/2027"", ""revised"": ""(03/2027)""}","{""original"": ""340.15"", ""revised"": ""0.00"", ""expenditure"": ""191.00""}"
701324,Barauni Refinery Capacity Expansion from 6.0 to 9.0 MMTPA,,Indian Oil Corporation Limited [IOCL],,Bihar,2020-01,2020-01,2023-04,2026-12,,14810.0,0.0,13220.97,92.2,2026-08,FlashReport_August_2026.pdf,75,"{""approval"": ""01/2020"", ""start"": ""(01/2020)"", ""actual"": null, ""original"": ""04/2023"", ""revised"": ""(12/2026)""}","{""original"": ""14,810.00"", ""revised"": ""0.00"", ""expenditure"": ""13,220.97""}"
709777,Installation of Bitumen Manufacturing Unit along with allied facilities at Barauni Refinery,,Indian Oil Corporation Limited [IOCL],,Bihar,2022-01,2022-01,2025-04,2027-06,,389.35,0.0,128.43,68.7,2026-08,FlashReport_August_2026.pdf,75,"{""approval"": ""01/2022"", ""start"": ""(01/2022)"", ""actual"": null, ""original"": ""04/2025"", ""revised"": ""(06/2027)""}","{""original"": ""389.35"", ""revised"": ""0.00"", ""expenditure"": ""128.43""}"
709792,"City Gas Distribution Projects at Darbhanga, Madhubani, Supaul, Sitamarhi and Sheohar districts",,Bharat Petroleum Corporation Limited [BPCL],,Bihar,2022-12,2022-12,2030-03,2030-03,,3638.0,0.0,508.68,33.7,2026-08,FlashReport_August_2026.pdf,75,"{""approval"": ""12/2022"", ""start"": ""(12/2022)"", ""actual"": null, ""original"": ""03/2030"", ""revised"": ""(03/2030)""}","{""original"": ""3,638.00"", ""revised"": ""0.00"", ""expenditure"": ""508.68""}"
709793,"City Gas Distribution Projects at Gopalganj, Siwan, West Champaran, East Champaran and Deoria districts",,Bharat Petroleum Corporation Limited [BPCL],,Bihar,2022-12,2022-12,2030-06,2030-06,,3919.0,0.0,534.37,30.3,2026-08,FlashReport_August_2026.pdf,75,"{""approval"": ""12/2022"", ""start"": ""(12/2022)"", ""actual"": null, ""original"": ""06/2030"", ""revised"": ""(06/2030)""}","{""original"": ""3,919.00"", ""revised"": ""0.00"", ""expenditure"": ""534.37""}"
617819,"City Gas Distribution [CGD] Project in Kondagaon, Bastar, Sukma, Narayanpur, Bijapur & Dantewada GA",,GAIL Gas,,Chhattisgarh,2022-06,2022-06,2030-06,2030-06,,557.04,0.0,11.63,2.2,2026-08,FlashReport_August_2026.pdf,75,"{""approval"": ""06/2022"", ""start"": ""(06/2022)"", ""actual"": null, ""original"": ""06/2030"", ""revised"": ""(06/2030)""}","{""original"": ""557.04"", ""revised"": ""0.00"", ""expenditure"": ""11.63""}"
400087,Redevelopment of Sobhasan Complex,,Oil and Natural Gas Corporation Limited [ONGC],,Gujarat,2021-08,2021-08,2027-03,2027-03,,885.63,0.0,1131.85,96.9,2026-08,FlashReport_August_2026.pdf,75,"{""approval"": ""08/2021"", ""start"": ""(08/2021)"", ""actual"": null, ""original"": ""03/2027"", ""revised"": ""(03/2027)""}","{""original"": ""885.63"", ""revised"": ""0.00"", ""expenditure"": ""1,131.85""}"
400167,Redevelopment of Santhal Field [Onshore-Mehsana Asset],,Oil and Natural Gas Corporation Limited [ONGC],,Gujarat,2017-02,2017-02,2026-03,2026-12,,1162.56,0.0,1131.85,97.2,2026-08,FlashReport_August_2026.pdf,75,"{""approval"": ""02/2017"", ""start"": ""(02/2017)"", ""actual"": null, ""original"": ""03/2026"", ""revised"": ""(12/2026)""}","{""original"": ""1,162.56"", ""revised"": ""0.00"", ""expenditure"": ""1,131.85""}"
400169,Redevelopment of Linch Field,,Oil and Natural Gas Corporation Limited [ONGC],,Gujarat,2021-04,2021-04,2025-03,2026-10,,631.03,0.0,635.9,94.5,2026-08,FlashReport_August_2026.pdf,75,"{""approval"": ""04/2021"", ""start"": ""(04/2021)"", ""actual"": null, ""original"": ""03/2025"", ""revised"": ""(10/2026)""}","{""original"": ""631.03"", ""revised"": ""0.00"", ""expenditure"": ""635.90""}"
701329,Petrochemical and Lube Integration Project at Gujarat Refinery,,Indian Oil Corporation Limited [IOCL],,Gujarat,2020-09,2020-09,2024-08,2026-11,,18936.0,0.0,13954.28,89.9,2026-08,FlashReport_August_2026.pdf,75,"{""approval"": ""09/2020"", ""start"": ""(09/2020)"", ""actual"": null, ""original"": ""08/2024"", ""revised"": ""(11/2026)""}","{""original"": ""18,936.00"", ""revised"": ""0.00"", ""expenditure"": ""13,954.28""}"
709778,Installation of new Biturox Unit along with allied facilities at Gujarat Refinery,,Indian Oil Corporation Limited [IOCL],,Gujarat,2022-01,2022-01,2025-08,2026-12,,328.29,0.0,225.29,88.6,2026-08,FlashReport_August_2026.pdf,75,"{""approval"": ""01/2022"", ""start"": ""(01/2022)"", ""actual"": null, ""original"": ""08/2025"", ""revised"": ""(12/2026)""}","{""original"": ""328.29"", ""revised"": ""0.00"", ""expenditure"": ""225.29""}"
709838,Commercial Polymer Flooding Project in Bechraji field,,Oil and Natural Gas Corporation Limited [ONGC],,Gujarat,2022-01,2022-01,2024-11,2027-05,,621.4,0.0,283.6,50.0,2026-08,FlashReport_August_2026.pdf,75,"{""approval"": ""01/2022"", ""start"": ""(01/2022)"", ""actual"": null, ""original"": ""11/2024"", ""revised"": ""(05/2027)""}","{""original"": ""621.40"", ""revised"": ""0.00"", ""expenditure"": ""283.60""}"
709840,"Restoration of Gas Terminal, Phase-I [Part-A], Hazira",,Oil and Natural Gas Corporation Limited [ONGC],,Gujarat,2022-05,2022-05,2025-02,2026-09,,249.43,0.0,219.56,97.7,2026-08,FlashReport_August_2026.pdf,75,"{""approval"": ""05/2022"", ""start"": ""(05/2022)"", ""actual"": null, ""original"": ""02/2025"", ""revised"": ""(09/2026)""}","{""original"": ""249.43"", ""revised"": ""0.00"", ""expenditure"": ""219.56""}"
709841,Old Pipe Line Replacement [OPRP] Group-A,,Oil and Natural Gas Corporation Limited [ONGC],,Gujarat,2021-07,2021-07,2025-07,2026-11,,173.03,0.0,168.22,94.6,2026-08,FlashReport_August_2026.pdf,75,"{""approval"": ""07/2021"", ""start"": ""(07/2021)"", ""actual"": null, ""original"": ""07/2025"", ""revised"": ""(11/2026)""}","{""original"": ""173.03"", ""revised"": ""0.00"", ""expenditure"": ""168.22""}"
709842,"Kalol Redevelopment Project, Ahmedabad Asset",,Oil and Natural Gas Corporation Limited [ONGC],,Gujarat,2022-08,2022-08,2027-03,2027-03,,1487.41,0.0,946.45,67.2,2026-08,FlashReport_August_2026.pdf,75,"{""approval"": ""08/2022"", ""start"": ""(08/2022)"", ""actual"": null, ""original"": ""03/2027"", ""revised"": ""(03/2027)""}","{""original"": ""1,487.41"", ""revised"": ""0.00"", ""expenditure"": ""946.45""}"
709845,"Revamping of SV Stations, Gas Terminal & Kribhco Terminal",,Oil and Natural Gas Corporation Limited [ONGC],,Gujarat,2022-11,2022-11,2026-08,2028-02,,837.34,0.0,531.84,71.6,2026-08,FlashReport_August_2026.pdf,75,"{""approval"": ""11/2022"", ""start"": ""(11/2022)"", ""actual"": null, ""original"": ""08/2026"", ""revised"": ""(02/2028)""}","{""original"": ""837.34"", ""revised"": ""0.00"", ""expenditure"": ""531.84""}"
604853,"Indian Oil Technology Development and Deployment Centre at R&D Campus-II, Faridabad",,Indian Oil Corporation Limited [IOCL],,Haryana,2019-06,2019-06,2022-12,2027-07,,2281.94,0.0,1922.1,65.5,2026-08,FlashReport_August_2026.pdf,76,"{""approval"": ""06/2019"", ""start"": ""(06/2019)"", ""actual"": null, ""original"": ""12/2022"", ""revised"": ""(07/2027)""}","{""original"": ""2,281.94"", ""revised"": ""0.00"", ""expenditure"": ""1,922.10""}"
611917,Poly Butadiene Rubber plant at Panipat,,Indian Oil Corporation Limited [IOCL],,Haryana,2022-03,2022-03,2025-03,2026-12,,1459.0,0.0,1570.15,90.9,2026-08,FlashReport_August_2026.pdf,76,"{""approval"": ""03/2022"", ""start"": ""(03/2022)"", ""actual"": null, ""original"": ""03/2025"", ""revised"": ""(12/2026)""}","{""original"": ""1,459.00"", ""revised"": ""0.00"", ""expenditure"": ""1,570.15""}"
619196,Change of service of existing Mundra-Panipat Pipeline [Panipat - Churwa section] from Crude oil to Product,,Indian Oil Corporation Limited [IOCL],,Haryana,2025-05,2025-05,2027-04,2027-04,,359.0,0.0,58.24,46.4,2026-08,FlashReport_August_2026.pdf,76,"{""approval"": ""05/2025"", ""start"": ""(05/2025)"", ""actual"": null, ""original"": ""04/2027"", ""revised"": ""(04/2027)""}","{""original"": ""359.00"", ""revised"": ""0.00"", ""expenditure"": ""58.24""}"
701289,Capacity Expansion of Panipat Refinery from 15 to 25 MMTPA,,Indian Oil Corporation Limited [IOCL],,Haryana,2021-02,2021-02,2024-09,2026-12,,34627.0,0.0,28279.45,94.7,2026-08,FlashReport_August_2026.pdf,76,"{""approval"": ""02/2021"", ""start"": ""(02/2021)"", ""actual"": null, ""original"": ""09/2024"", ""revised"": ""(12/2026)""}","{""original"": ""34,627.00"", ""revised"": ""0.00"", ""expenditure"": ""28,279.45""}"
709783,"Installation of Multiple Effect Evaporator [MEE] for ETP-1, 2 & 4 of Panipat Refinery and Petrochemical Complex.",,Indian Oil Corporation Limited [IOCL],,Haryana,2020-12,2020-12,2023-06,2026-10,,165.13,0.0,197.46,93.0,2026-08,FlashReport_August_2026.pdf,76,"{""approval"": ""12/2020"", ""start"": ""(12/2020)"", ""actual"": null, ""original"": ""06/2023"", ""revised"": ""(10/2026)""}","{""original"": ""165.13"", ""revised"": ""0.00"", ""expenditure"": ""197.46""}"
709773,"City Gas Distribution Project at Jammu, Udhampur, Reasi, Samba and Kathua Districts",,Indian Oil Corporation Limited [IOCL],,Jammu and Kashmir,2022-03,2022-03,2034-09,2034-09,,538.0,0.0,4.47,0.6,2026-08,FlashReport_August_2026.pdf,76,"{""approval"": ""03/2022"", ""start"": ""(03/2022)"", ""actual"": null, ""original"": ""09/2034"", ""revised"": ""(09/2034)""}","{""original"": ""538.00"", ""revised"": ""0.00"", ""expenditure"": ""4.47""}"
610984,Development of Jharia CBM Block [Phase-1],,Oil and Natural Gas Corporation Limited [ONGC],,Jharkhand,2019-11,2019-11,2024-01,2026-09,,431.0,0.0,268.74,66.2,2026-08,FlashReport_August_2026.pdf,76,"{""approval"": ""11/2019"", ""start"": ""(11/2019)"", ""actual"": null, ""original"": ""01/2024"", ""revised"": ""(09/2026)""}","{""original"": ""431.00"", ""revised"": ""0.00"", ""expenditure"": ""268.74""}"
709785,Laying of Natural Gas Pipeline from Hazaribagh to Ranchi [HRPL],,Indian Oil Corporation Limited [IOCL],,Jharkhand,2023-02,2023-02,2026-02,2027-03,,202.07,0.0,66.68,58.9,2026-08,FlashReport_August_2026.pdf,76,"{""approval"": ""02/2023"", ""start"": ""(02/2023)"", ""actual"": null, ""original"": ""02/2026"", ""revised"": ""(03/2027)""}","{""original"": ""202.07"", ""revised"": ""0.00"", ""expenditure"": ""66.68""}"
368840,Devanagonthi to KempeGowda International Airport (KIAL) ATF Pipeline Project,,Mangalore Refinery and Petrochemicals Limited,,Karnataka,2026-07,2026-07,2029-05,,,234.0,0.0,0.0,0.0,2026-08,FlashReport_August_2026.pdf,76,"{""approval"": ""07/2026"", ""start"": ""(07/2026)"", ""actual"": null, ""original"": ""05/2029"", ""revised"": ""(-)""}","{""original"": ""234.00"", ""revised"": ""0.00"", ""expenditure"": ""0.00""}"
503783,"Drive Conversion of Turbines in CHT, DHDT and DCU.",,Mangalore Refinery and Petrochemicals Limited,,Karnataka,2026-02,2026-02,2028-09,,,206.24,0.0,0.48,12.3,2026-08,FlashReport_August_2026.pdf,76,"{""approval"": ""02/2026"", ""start"": ""(02/2026)"", ""actual"": null, ""original"": ""09/2028"", ""revised"": ""(-)""}","{""original"": ""206.24"", ""revised"": ""0.00"", ""expenditure"": ""0.48""}"
612790,Power System Upgradation Project,,Mangalore Refinery and Petrochemicals Limited,,Karnataka,2023-10,2023-10,2025-11,2026-09,,385.0,0.0,273.54,92.0,2026-08,FlashReport_August_2026.pdf,76,"{""approval"": ""10/2023"", ""start"": ""(10/2023)"", ""actual"": null, ""original"": ""11/2025"", ""revised"": ""(09/2026)""}","{""original"": ""385.00"", ""revised"": ""0.00"", ""expenditure"": ""273.54""}"
616879,Demo Bio-ATF Project,,Mangalore Refinery and Petrochemicals Limited,,Karnataka,2024-03,2024-03,2027-01,2027-01,,364.0,0.0,102.06,60.2,2026-08,FlashReport_August_2026.pdf,76,"{""approval"": ""03/2024"", ""start"": ""(03/2024)"", ""actual"": null, ""original"": ""01/2027"", ""revised"": ""(01/2027)""}","{""original"": ""364.00"", ""revised"": ""0.00"", ""expenditure"": ""102.06""}"
701338,City Gas Distribution Maharashtra Natural Gas Limited,,Gas Authority of India Limited [GAIL],,Karnataka,2006-01,2006-01,2031-06,2031-06,,5535.0,0.0,4537.07,47.0,2026-08,FlashReport_August_2026.pdf,76,"{""approval"": ""01/2006"", ""start"": ""(01/2006)"", ""actual"": null, ""original"": ""06/2031"", ""revised"": ""(06/2031)""}","{""original"": ""5,535.00"", ""revised"": ""0.00"", ""expenditure"": ""4,537.07""}"
709774,Revamping/ Augmentation of facilities at existing port terminal at Mangalore,,Indian Oil Corporation Limited [IOCL],,Karnataka,2022-01,2022-01,2025-12,2027-06,,463.0,0.0,332.16,85.6,2026-08,FlashReport_August_2026.pdf,76,"{""approval"": ""01/2022"", ""start"": ""(01/2022)"", ""actual"": null, ""original"": ""12/2025"", ""revised"": ""(06/2027)""}","{""original"": ""463.00"", ""revised"": ""0.00"", ""expenditure"": ""332.16""}"
168896,Capacity Enhancement of VGOHDT unit at Kochi Refinery,,Bharat Petroleum Corporation Limited [BPCL],,Kerala,2026-05,2026-05,2027-01,,,264.66,0.0,0.0,21.2,2026-08,FlashReport_August_2026.pdf,76,"{""approval"": ""05/2026"", ""start"": ""(05/2026)"", ""actual"": null, ""original"": ""01/2027"", ""revised"": ""(-)""}","{""original"": ""264.66"", ""revised"": ""0.00"", ""expenditure"": ""0.00""}"
617838,Augmentation of CCKPL and IDPL Pipelines capacity along with setting up of Palakkad TOP,,Bharat Petroleum Corporation Limited [BPCL],,Kerala,2024-09,2024-09,2028-08,2028-08,,1130.0,0.0,340.39,51.1,2026-08,FlashReport_August_2026.pdf,76,"{""approval"": ""09/2024"", ""start"": ""(09/2024)"", ""actual"": null, ""original"": ""08/2028"", ""revised"": ""(08/2028)""}","{""original"": ""1,130.00"", ""revised"": ""0.00"", ""expenditure"": ""340.39""}"
691992,Setting up 167 KTPA Sulphuric Acid Unit and Associated Facilities at Kochi Refinery,,Bharat Petroleum Corporation Limited [BPCL],,Kerala,2026-07,2026-07,2029-07,,,732.86,0.0,0.0,0.5,2026-08,FlashReport_August_2026.pdf,76,"{""approval"": ""07/2026"", ""start"": ""(07/2026)"", ""actual"": null, ""original"": ""07/2029"", ""revised"": ""(-)""}","{""original"": ""732.86"", ""revised"": ""0.00"", ""expenditure"": ""0.00""}"
709799,Setting up Polypropylene Unit at Kochi Refinery,,Bharat Petroleum Corporation Limited [BPCL],,Kerala,2023-12,2023-12,2027-10,2027-11,,4460.0,0.0,1077.5,50.1,2026-08,FlashReport_August_2026.pdf,76,"{""approval"": ""12/2023"", ""start"": ""(12/2023)"", ""actual"": null, ""original"": ""10/2027"", ""revised"": ""(11/2027)""}","{""original"": ""4,460.00"", ""revised"": ""0.00"", ""expenditure"": ""1,077.50""}"
244981,50 MW Wind Power Plant in Madhya Pradesh,,Bharat Petroleum Corporation Limited [BPCL],,Madhya Pradesh,2023-05,2023-05,2027-04,,,483.14,0.0,183.53,67.5,2026-08,FlashReport_August_2026.pdf,76,"{""approval"": ""05/2023"", ""start"": ""(05/2023)"", ""actual"": null, ""original"": ""04/2027"", ""revised"": ""(-)""}","{""original"": ""483.14"", ""revised"": ""0.00"", ""expenditure"": ""183.53""}"
617830,C2/C3 Vijaipur Pata Pipeline,,Gas Authority of India Limited [GAIL],,Madhya Pradesh,2024-05,2024-05,2027-01,2027-01,,1792.0,0.0,550.5,74.6,2026-08,FlashReport_August_2026.pdf,76,"{""approval"": ""05/2024"", ""start"": ""(05/2024)"", ""actual"": null, ""original"": ""01/2027"", ""revised"": ""(01/2027)""}","{""original"": ""1,792.00"", ""revised"": ""0.00"", ""expenditure"": ""550.50""}"
709798,Ethylene Cracker Project at Bina Refinery including downstream Petrochemical Plants and expansion of Refinery,,Bharat Petroleum Corporation Limited [BPCL],,Madhya Pradesh,2023-05,2023-05,2028-05,2028-05,,43367.0,0.0,6688.5,36.6,2026-08,FlashReport_August_2026.pdf,76,"{""approval"": ""05/2023"", ""start"": ""(05/2023)"", ""actual"": null, ""original"": ""05/2028"", ""revised"": ""(05/2028)""}","{""original"": ""43,367.00"", ""revised"": ""0.00"", ""expenditure"": ""6,688.50""}"
929104,"Vijaipur – BPCL, Bina Pipeline Project",,Gas Authority of India Limited [GAIL],,Madhya Pradesh,2025-09,2025-09,2027-09,,,449.04,0.0,1.4,16.4,2026-08,FlashReport_August_2026.pdf,77,"{""approval"": ""09/2025"", ""start"": ""(09/2025)"", ""actual"": null, ""original"": ""09/2027"", ""revised"": ""(-)""}","{""original"": ""449.04"", ""revised"": ""0.00"", ""expenditure"": ""1.40""}"
400168,"500 KTA PDHPP Project, Usar",,Gas Authority of India Limited [GAIL],,Maharashtra,2021-04,2021-04,2025-04,2027-06,,8797.0,0.0,8971.88,92.4,2026-08,FlashReport_August_2026.pdf,77,"{""approval"": ""04/2021"", ""start"": ""(04/2021)"", ""actual"": null, ""original"": ""04/2025"", ""revised"": ""(06/2027)""}","{""original"": ""8,797.00"", ""revised"": ""0.00"", ""expenditure"": ""8,971.88""}"
616933,Lube Modernization & Bottom Upgradation Project at Mumbai Refinery,,Hindustan Petroleum Corporation Limited,,Maharashtra,2024-12,2024-12,2028-03,2029-08,,4679.0,0.0,326.17,15.8,2026-08,FlashReport_August_2026.pdf,77,"{""approval"": ""12/2024"", ""start"": ""(12/2024)"", ""actual"": null, ""original"": ""03/2028"", ""revised"": ""(08/2029)""}","{""original"": ""4,679.00"", ""revised"": ""0.00"", ""expenditure"": ""326.17""}"
619223,Petro Resid Fluidized Catalytic Cracking [PRFCC] Unit and its associated facilities at Mumbai Refinery,,Bharat Petroleum Corporation Limited [BPCL],,Maharashtra,2025-05,2025-05,2029-09,2029-09,,13626.0,0.0,109.0,8.4,2026-08,FlashReport_August_2026.pdf,77,"{""approval"": ""05/2025"", ""start"": ""(05/2025)"", ""actual"": null, ""original"": ""09/2029"", ""revised"": ""(09/2029)""}","{""original"": ""13,626.00"", ""revised"": ""0.00"", ""expenditure"": ""109.00""}"
619224,Augmentation of DUPL-DPPL Pipeline,,Gas Authority of India Limited [GAIL],,Maharashtra,2025-06,2025-06,2028-03,2028-03,,844.0,0.0,1.6,19.7,2026-08,FlashReport_August_2026.pdf,77,"{""approval"": ""06/2025"", ""start"": ""(06/2025)"", ""actual"": null, ""original"": ""03/2028"", ""revised"": ""(03/2028)""}","{""original"": ""844.00"", ""revised"": ""0.00"", ""expenditure"": ""1.60""}"
619225,Installation of Compression facility at GAIL Usar,,Gas Authority of India Limited [GAIL],,Maharashtra,2025-04,2025-04,2027-04,2027-04,,260.2,0.0,0.0,0.0,2026-08,FlashReport_August_2026.pdf,77,"{""approval"": ""04/2025"", ""start"": ""(04/2025)"", ""actual"": null, ""original"": ""04/2027"", ""revised"": ""(04/2027)""}","{""original"": ""260.20"", ""revised"": ""0.00"", ""expenditure"": ""0.00""}"
619328,ONGC-BP Redevelopment Phase-1 Scheme of Mumbai High Field,,Oil and Natural Gas Corporation Limited [ONGC],,Maharashtra,2025-11,2025-11,2027-03,2027-03,,3713.4,0.0,2461.06,56.3,2026-08,FlashReport_August_2026.pdf,77,"{""approval"": ""11/2025"", ""start"": ""(11/2025)"", ""actual"": null, ""original"": ""03/2027"", ""revised"": ""(03/2027)""}","{""original"": ""3,713.40"", ""revised"": ""0.00"", ""expenditure"": ""2,461.06""}"
684624,Setting up Coprocessing facility in KHT Unit for production of SAF at MR,,Bharat Petroleum Corporation Limited [BPCL],,Maharashtra,2026-01,2026-01,2027-12,,,677.0,0.0,10.54,19.2,2026-08,FlashReport_August_2026.pdf,77,"{""approval"": ""01/2026"", ""start"": ""(01/2026)"", ""actual"": null, ""original"": ""12/2027"", ""revised"": ""(-)""}","{""original"": ""677.00"", ""revised"": ""0.00"", ""expenditure"": ""10.54""}"
687613,GAS Turbine GT-3 upgrade from frame 6B to 6B.03,,Bharat Petroleum Corporation Limited [BPCL],,Maharashtra,2026-01,2026-01,2027-07,,,217.81,0.0,0.02,12.5,2026-08,FlashReport_August_2026.pdf,77,"{""approval"": ""01/2026"", ""start"": ""(01/2026)"", ""actual"": null, ""original"": ""07/2027"", ""revised"": ""(-)""}","{""original"": ""217.81"", ""revised"": ""0.00"", ""expenditure"": ""0.02""}"
709771,"City Gas Distribution Project at Beed, Jalgaon and Jalna Districts",,Indian Oil Corporation Limited [IOCL],,Maharashtra,2022-03,2022-03,2031-09,2031-09,,865.0,0.0,89.81,3.4,2026-08,FlashReport_August_2026.pdf,77,"{""approval"": ""03/2022"", ""start"": ""(03/2022)"", ""actual"": null, ""original"": ""09/2031"", ""revised"": ""(09/2031)""}","{""original"": ""865.00"", ""revised"": ""0.00"", ""expenditure"": ""89.81""}"
709780,Construction of Additional Tankages and Allied Facilities at JNPT Terminal,,Indian Oil Corporation Limited [IOCL],,Maharashtra,2022-04,2022-04,2026-08,2027-12,,341.43,0.0,305.01,73.1,2026-08,FlashReport_August_2026.pdf,77,"{""approval"": ""04/2022"", ""start"": ""(04/2022)"", ""actual"": null, ""original"": ""08/2026"", ""revised"": ""(12/2027)""}","{""original"": ""341.43"", ""revised"": ""0.00"", ""expenditure"": ""305.01""}"
709797,POL & LOBS Installations with Receipt Pipelines at Rasayani,,Bharat Petroleum Corporation Limited [BPCL],,Maharashtra,2023-05,2023-05,2026-05,2026-09,,2585.0,0.0,1565.53,92.5,2026-08,FlashReport_August_2026.pdf,77,"{""approval"": ""05/2023"", ""start"": ""(05/2023)"", ""actual"": null, ""original"": ""05/2026"", ""revised"": ""(09/2026)""}","{""original"": ""2,585.00"", ""revised"": ""0.00"", ""expenditure"": ""1,565.53""}"
709786,"Augmentation/ Revamping of Dimapur Depot, Dimapur",,Indian Oil Corporation Limited [IOCL],,Nagaland,2023-08,2023-08,2027-11,2027-11,,227.62,0.0,28.65,44.2,2026-08,FlashReport_August_2026.pdf,77,"{""approval"": ""08/2023"", ""start"": ""(08/2023)"", ""actual"": null, ""original"": ""11/2027"", ""revised"": ""(11/2027)""}","{""original"": ""227.62"", ""revised"": ""0.00"", ""expenditure"": ""28.65""}"
604859,Integrated Para Xylene [PX] and Purified Terephthalic Acid [PTA] Project at Paradip Refinery,,Indian Oil Corporation Limited [IOCL],,Odisha,2020-07,2020-07,2024-01,2026-09,,13805.0,0.0,8995.0,95.2,2026-08,FlashReport_August_2026.pdf,77,"{""approval"": ""07/2020"", ""start"": ""(07/2020)"", ""actual"": null, ""original"": ""01/2024"", ""revised"": ""(09/2026)""}","{""original"": ""13,805.00"", ""revised"": ""0.00"", ""expenditure"": ""8,995.00""}"
617818,"City Gas Distribution [CGD] Project in Gajapati, Kandhamal, Boudh, & Sonepur GA",,GAIL Gas,,Odisha,2022-02,2022-02,2031-12,2031-12,,514.91,0.0,25.77,6.0,2026-08,FlashReport_August_2026.pdf,77,"{""approval"": ""02/2022"", ""start"": ""(02/2022)"", ""actual"": null, ""original"": ""12/2031"", ""revised"": ""(12/2031)""}","{""original"": ""514.91"", ""revised"": ""0.00"", ""expenditure"": ""25.77""}"
709800,"CUF POL Depot at Sadashibpur [Meramundali], Odisha",,Bharat Petroleum Corporation Limited [BPCL],,Odisha,2021-04,2021-04,2026-03,2026-09,,393.54,0.0,237.3,87.4,2026-08,FlashReport_August_2026.pdf,77,"{""approval"": ""04/2021"", ""start"": ""(04/2021)"", ""actual"": null, ""original"": ""03/2026"", ""revised"": ""(09/2026)""}","{""original"": ""393.54"", ""revised"": ""0.00"", ""expenditure"": ""237.30""}"
400119,Life Extension of 48 well platforms of Mumbai High & Heera Fields,,Oil and Natural Gas Corporation Limited [ONGC],,Offshore,2015-12,2015-12,2018-04,2026-10,,3190.69,0.0,3123.2,90.0,2026-08,FlashReport_August_2026.pdf,77,"{""approval"": ""12/2015"", ""start"": ""(12/2015)"", ""actual"": null, ""original"": ""04/2018"", ""revised"": ""(10/2026)""}","{""original"": ""3,190.69"", ""revised"": ""0.00"", ""expenditure"": ""3,123.20""}"
616950,PRP-VIII [Group-A],,Oil and Natural Gas Corporation Limited [ONGC],,Offshore,2024-09,2024-09,2026-02,2027-03,,1589.4,0.0,663.0,61.3,2026-08,FlashReport_August_2026.pdf,77,"{""approval"": ""09/2024"", ""start"": ""(09/2024)"", ""actual"": null, ""original"": ""02/2026"", ""revised"": ""(03/2027)""}","{""original"": ""1,589.40"", ""revised"": ""0.00"", ""expenditure"": ""663.00""}"
619314,Pipeline Replacement Project- PRP-IX,,Oil and Natural Gas Corporation Limited [ONGC],,Offshore,2025-08,2025-08,2027-05,2027-05,,3471.72,0.0,1250.0,29.3,2026-08,FlashReport_August_2026.pdf,77,"{""approval"": ""08/2025"", ""start"": ""(08/2025)"", ""actual"": null, ""original"": ""05/2027"", ""revised"": ""(05/2027)""}","{""original"": ""3,471.72"", ""revised"": ""0.00"", ""expenditure"": ""1,250.00""}"
709839,Daman Upside Development Project,,Oil and Natural Gas Corporation Limited [ONGC],,Offshore,2022-06,2022-06,2025-10,2026-12,,4144.41,0.0,6302.5,92.9,2026-08,FlashReport_August_2026.pdf,77,"{""approval"": ""06/2022"", ""start"": ""(06/2022)"", ""actual"": null, ""original"": ""10/2025"", ""revised"": ""(12/2026)""}","{""original"": ""4,144.41"", ""revised"": ""0.00"", ""expenditure"": ""6,302.50""}"
709848,MHN TCPP PGC BGC Project [MTPBP],,Oil and Natural Gas Corporation Limited [ONGC],,Offshore,2022-06,2022-06,2026-05,2026-12,,2329.45,0.0,1940.25,96.1,2026-08,FlashReport_August_2026.pdf,77,"{""approval"": ""06/2022"", ""start"": ""(06/2022)"", ""actual"": null, ""original"": ""05/2026"", ""revised"": ""(12/2026)""}","{""original"": ""2,329.45"", ""revised"": ""0.00"", ""expenditure"": ""1,940.25""}"
709849,PRP-VIII Group B [NH & BS Asset],,Oil and Natural Gas Corporation Limited [ONGC],,Offshore,2024-06,2024-06,2026-02,2026-12,,2546.9,0.0,3003.9,98.7,2026-08,FlashReport_August_2026.pdf,78,"{""approval"": ""06/2024"", ""start"": ""(06/2024)"", ""actual"": null, ""original"": ""02/2026"", ""revised"": ""(12/2026)""}","{""original"": ""2,546.90"", ""revised"": ""0.00"", ""expenditure"": ""3,003.90""}"
709851,Integrated Development of 4 Contract Areas under DSF-II,,Oil and Natural Gas Corporation Limited [ONGC],,Offshore,2023-05,2023-05,2027-04,2027-04,,6183.79,0.0,2053.0,48.7,2026-08,FlashReport_August_2026.pdf,78,"{""approval"": ""05/2023"", ""start"": ""(05/2023)"", ""actual"": null, ""original"": ""04/2027"", ""revised"": ""(04/2027)""}","{""original"": ""6,183.79"", ""revised"": ""0.00"", ""expenditure"": ""2,053.00""}"
757296,"Well Head Platforms for MB-OSN-2005/1, SD4 and BS-17 Field (WHPMSBF)",,Oil and Natural Gas Corporation Limited [ONGC],,Offshore,2026-07,2026-07,2029-03,,,5519.0,0.0,0.0,0.0,2026-08,FlashReport_August_2026.pdf,78,"{""approval"": ""07/2026"", ""start"": ""(07/2026)"", ""actual"": null, ""original"": ""03/2029"", ""revised"": ""(-)""}","{""original"": ""5,519.00"", ""revised"": ""0.00"", ""expenditure"": ""0.00""}"
785574,Pipeline Replacement Project- PRP-X,,Oil and Natural Gas Corporation Limited [ONGC],,Offshore,2026-07,2026-07,2027-05,,,4371.0,0.0,0.0,0.0,2026-08,FlashReport_August_2026.pdf,78,"{""approval"": ""07/2026"", ""start"": ""(07/2026)"", ""actual"": null, ""original"": ""05/2027"", ""revised"": ""(-)""}","{""original"": ""4,371.00"", ""revised"": ""0.00"", ""expenditure"": ""0.00""}"
944988,Additional Development of Ratna-I [ADR-I] and NLM-14 Project,,Oil and Natural Gas Corporation Limited [ONGC],,Offshore,2026-07,2026-07,2029-03,,,6274.0,0.0,0.0,0.0,2026-08,FlashReport_August_2026.pdf,78,"{""approval"": ""07/2026"", ""start"": ""(07/2026)"", ""actual"": null, ""original"": ""03/2029"", ""revised"": ""(-)""}","{""original"": ""6,274.00"", ""revised"": ""0.00"", ""expenditure"": ""0.00""}"
400171,2G Ethanol Biorefinery at Bathinda,,Hindustan Petroleum Corporation Limited,,Punjab,2020-05,2020-05,2023-02,2026-12,,1421.46,0.0,1297.86,95.9,2026-08,FlashReport_August_2026.pdf,78,"{""approval"": ""05/2020"", ""start"": ""(05/2020)"", ""actual"": null, ""original"": ""02/2023"", ""revised"": ""(12/2026)""}","{""original"": ""1,421.46"", ""revised"": ""0.00"", ""expenditure"": ""1,297.86""}"
612853,Gurdaspur Jammu Pipeline,,Gas Authority of India Limited [GAIL],,Punjab,2023-07,2023-07,2026-07,2026-09,,521.9,0.0,349.2,92.3,2026-08,FlashReport_August_2026.pdf,78,"{""approval"": ""07/2023"", ""start"": ""(07/2023)"", ""actual"": null, ""original"": ""07/2026"", ""revised"": ""(09/2026)""}","{""original"": ""521.90"", ""revised"": ""0.00"", ""expenditure"": ""349.20""}"
709770,City Gas Distribution Project at Pathankot District,,Indian Oil Corporation Limited [IOCL],,Punjab,2022-03,2022-03,2033-09,2033-09,,151.0,0.0,9.05,2.0,2026-08,FlashReport_August_2026.pdf,78,"{""approval"": ""03/2022"", ""start"": ""(03/2022)"", ""actual"": null, ""original"": ""09/2033"", ""revised"": ""(09/2033)""}","{""original"": ""151.00"", ""revised"": ""0.00"", ""expenditure"": ""9.05""}"
701330,Mehsana-Bhatinda & Bhatinda-Jammu Natural Gas Pipeline,,Indian Oil Corporation Limited [IOCL],,Rajasthan,2011-07,2011-07,2024-06,2027-03,,7392.0,0.0,6365.13,90.2,2026-08,FlashReport_August_2026.pdf,78,"{""approval"": ""07/2011"", ""start"": ""(07/2011)"", ""actual"": null, ""original"": ""06/2024"", ""revised"": ""(03/2027)""}","{""original"": ""7,392.00"", ""revised"": ""0.00"", ""expenditure"": ""6,365.13""}"
709794,"City Gas Distribution Projects at Fazilka [except area already authorized], Ganganagar and Hanumangarh districts",,Bharat Petroleum Corporation Limited [BPCL],,Rajasthan,2022-12,2022-12,2030-06,2030-06,,3207.0,0.0,431.76,31.9,2026-08,FlashReport_August_2026.pdf,78,"{""approval"": ""12/2022"", ""start"": ""(12/2022)"", ""actual"": null, ""original"": ""06/2030"", ""revised"": ""(06/2030)""}","{""original"": ""3,207.00"", ""revised"": ""0.00"", ""expenditure"": ""431.76""}"
167179,Group-II/III LOBS Project,,Chennai Petroleum Corporation Limited [CPCL],,Tamil Nadu,2026-03,2026-03,2028-10,,,1620.0,0.0,77.53,2.2,2026-08,FlashReport_August_2026.pdf,78,"{""approval"": ""03/2026"", ""start"": ""(03/2026)"", ""actual"": null, ""original"": ""10/2028"", ""revised"": ""(-)""}","{""original"": ""1,620.00"", ""revised"": ""0.00"", ""expenditure"": ""77.53""}"
604795,CBR 9 MMTPA Project,,Chennai Petroleum Corporation Limited [CPCL],,Tamil Nadu,2021-09,2021-09,2025-06,2028-10,,31580.0,0.0,1615.53,10.2,2026-08,FlashReport_August_2026.pdf,78,"{""approval"": ""09/2021"", ""start"": ""(09/2021)"", ""actual"": null, ""original"": ""06/2025"", ""revised"": ""(10/2028)""}","{""original"": ""31,580.00"", ""revised"": ""0.00"", ""expenditure"": ""1,615.53""}"
701228,Kochi - Koottanad - Bangalore - Mangalore Pipeline Phase-II,,Gas Authority of India Limited [GAIL],,Tamil Nadu,2009-06,2009-06,2012-12,2026-09,,2915.0,0.0,4897.9,97.6,2026-08,FlashReport_August_2026.pdf,78,"{""approval"": ""06/2009"", ""start"": ""(06/2009)"", ""actual"": null, ""original"": ""12/2012"", ""revised"": ""(09/2026)""}","{""original"": ""2,915.00"", ""revised"": ""0.00"", ""expenditure"": ""4,897.90""}"
709750,Laying of new 28 inch Desal Water Pipeline and 10 inch Reject Water Pipeline between CPCL Manali Refinery and CPCL Desalination plant at Ennore,,Chennai Petroleum Corporation Limited [CPCL],,Tamil Nadu,2024-01,2024-01,2025-09,2026-12,,205.0,0.0,117.98,79.1,2026-08,FlashReport_August_2026.pdf,78,"{""approval"": ""01/2024"", ""start"": ""(01/2024)"", ""actual"": null, ""original"": ""09/2025"", ""revised"": ""(12/2026)""}","{""original"": ""205.00"", ""revised"": ""0.00"", ""expenditure"": ""117.98""}"
709796,City Gas Distribution Projects at the Nilgiris and Erode districts,,Bharat Petroleum Corporation Limited [BPCL],,Tamil Nadu,2022-12,2022-12,2030-03,2030-03,,3685.0,0.0,322.83,25.6,2026-08,FlashReport_August_2026.pdf,78,"{""approval"": ""12/2022"", ""start"": ""(12/2022)"", ""actual"": null, ""original"": ""03/2030"", ""revised"": ""(03/2030)""}","{""original"": ""3,685.00"", ""revised"": ""0.00"", ""expenditure"": ""322.83""}"
617822,ATF Pipeline from BPCLs Malkapur POL Installation to Hyderabad International airport,,Bharat Petroleum Corporation Limited [BPCL],,Telangana,2025-03,2025-03,2027-09,2027-09,,215.0,0.0,47.5,34.1,2026-08,FlashReport_August_2026.pdf,78,"{""approval"": ""03/2025"", ""start"": ""(03/2025)"", ""actual"": null, ""original"": ""09/2027"", ""revised"": ""(09/2027)""}","{""original"": ""215.00"", ""revised"": ""0.00"", ""expenditure"": ""47.50""}"
701346,North East Gas Grid,,Indradhanush Gas Grid Limited,,Tripura,2020-04,2020-04,2024-03,2028-03,,9265.0,0.0,7011.75,88.6,2026-08,FlashReport_August_2026.pdf,78,"{""approval"": ""04/2020"", ""start"": ""(04/2020)"", ""actual"": null, ""original"": ""03/2024"", ""revised"": ""(03/2028)""}","{""original"": ""9,265.00"", ""revised"": ""0.00"", ""expenditure"": ""7,011.75""}"
709837,"Creation of Gas Dehydration Facilities, Tripura Asset",,Oil and Natural Gas Corporation Limited [ONGC],,Tripura,2022-03,2022-03,2024-05,2026-10,,209.33,0.0,81.31,72.0,2026-08,FlashReport_August_2026.pdf,78,"{""approval"": ""03/2022"", ""start"": ""(03/2022)"", ""actual"": null, ""original"": ""05/2024"", ""revised"": ""(10/2026)""}","{""original"": ""209.33"", ""revised"": ""0.00"", ""expenditure"": ""81.31""}"
619191,Kanpur LPG Bottling Plant,,Bharat Petroleum Corporation Limited [BPCL],,Uttar Pradesh,2025-09,2025-09,2027-09,2027-09,,202.0,0.0,133.17,65.0,2026-08,FlashReport_August_2026.pdf,78,"{""approval"": ""09/2025"", ""start"": ""(09/2025)"", ""actual"": null, ""original"": ""09/2027"", ""revised"": ""(09/2027)""}","{""original"": ""202.00"", ""revised"": ""0.00"", ""expenditure"": ""133.17""}"
619312,Bulk Loading Hub- Kanpur,,Bharat Petroleum Corporation Limited [BPCL],,Uttar Pradesh,2025-09,2025-09,2027-09,2027-09,,186.0,0.0,107.8,65.0,2026-08,FlashReport_August_2026.pdf,78,"{""approval"": ""09/2025"", ""start"": ""(09/2025)"", ""actual"": null, ""original"": ""09/2027"", ""revised"": ""(09/2027)""}","{""original"": ""186.00"", ""revised"": ""0.00"", ""expenditure"": ""107.80""}"
709781,Revamping / Augmentation of Facilities at Mathura Bitumen Plant,,Indian Oil Corporation Limited [IOCL],,Uttar Pradesh,2022-04,2022-04,2027-06,2027-06,,260.12,0.0,25.84,58.8,2026-08,FlashReport_August_2026.pdf,78,"{""approval"": ""04/2022"", ""start"": ""(04/2022)"", ""actual"": null, ""original"": ""06/2027"", ""revised"": ""(06/2027)""}","{""original"": ""260.12"", ""revised"": ""0.00"", ""expenditure"": ""25.84""}"
709795,"City Gas Distribution Projects at Lakhimpur Kheri , Sitapur, Bahraich, Shravasti,Balrampur, Siddharth Nagar & Maharajganj districts",,Bharat Petroleum Corporation Limited [BPCL],,Uttar Pradesh,2022-12,2022-12,2030-06,2030-06,,16654.0,0.0,763.51,20.0,2026-08,FlashReport_August_2026.pdf,78,"{""approval"": ""12/2022"", ""start"": ""(12/2022)"", ""actual"": null, ""original"": ""06/2030"", ""revised"": ""(06/2030)""}","{""original"": ""16,654.00"", ""revised"": ""0.00"", ""expenditure"": ""763.51""}"
617302,Durgapur - Haldia Pipeline [Section-3B of JHBDPL Project],,Gas Authority of India Limited [GAIL],,West Bengal,2017-03,2017-03,2020-12,2026-09,,1740.0,0.0,2392.6,95.7,2026-08,FlashReport_August_2026.pdf,79,"{""approval"": ""03/2017"", ""start"": ""(03/2017)"", ""actual"": null, ""original"": ""12/2020"", ""revised"": ""(09/2026)""}","{""original"": ""1,740.00"", ""revised"": ""0.00"", ""expenditure"": ""2,392.60""}"
617828,Siliguri-Jhapa Pipeline Project,,Indian Oil Corporation Limited [IOCL],,West Bengal,2024-09,2024-09,2029-08,2029-08,,267.0,0.0,3.4,17.5,2026-08,FlashReport_August_2026.pdf,79,"{""approval"": ""09/2024"", ""start"": ""(09/2024)"", ""actual"": null, ""original"": ""08/2029"", ""revised"": ""(08/2029)""}","{""original"": ""267.00"", ""revised"": ""0.00"", ""expenditure"": ""3.40""}"
617837,Siliguri Marketing Terminal [SMT] Capacity Augmentation Project,,Numaligarh Refinery Limited,,West Bengal,2021-11,2021-11,2025-12,2026-10,,484.0,0.0,321.23,90.0,2026-08,FlashReport_August_2026.pdf,79,"{""approval"": ""11/2021"", ""start"": ""(11/2021)"", ""actual"": null, ""original"": ""12/2025"", ""revised"": ""(10/2026)""}","{""original"": ""484.00"", ""revised"": ""0.00"", ""expenditure"": ""321.23""}"
701344,Dhamra Haldia Pipeline Project,,Gas Authority of India Limited [GAIL],,West Bengal,2020-03,2020-03,2022-11,2026-09,,1030.65,0.0,929.0,94.5,2026-08,FlashReport_August_2026.pdf,79,"{""approval"": ""03/2020"", ""start"": ""(03/2020)"", ""actual"": null, ""original"": ""11/2022"", ""revised"": ""(09/2026)""}","{""original"": ""1,030.65"", ""revised"": ""0.00"", ""expenditure"": ""929.00""}"
709772,"City Gas Distribution Project at East Mednipore, West Mednipore & Jhargram Districts",,Indian Oil Corporation Limited [IOCL],,West Bengal,2022-03,2022-03,2031-06,2031-06,,609.0,0.0,64.84,3.1,2026-08,FlashReport_August_2026.pdf,79,"{""approval"": ""03/2022"", ""start"": ""(03/2022)"", ""actual"": null, ""original"": ""06/2031"", ""revised"": ""(06/2031)""}","{""original"": ""609.00"", ""revised"": ""0.00"", ""expenditure"": ""64.84""}"
709791,City Gas Distribution Projects at Alipurduar and Cooch Behar,,Bharat Petroleum Corporation Limited [BPCL],,West Bengal,2022-12,2022-12,2030-03,2030-03,,1017.0,0.0,246.55,44.0,2026-08,FlashReport_August_2026.pdf,79,"{""approval"": ""12/2022"", ""start"": ""(12/2022)"", ""actual"": null, ""original"": ""03/2030"", ""revised"": ""(03/2030)""}","{""original"": ""1,017.00"", ""revised"": ""0.00"", ""expenditure"": ""246.55""}"
701172,AIIMS Darbhanga,,PMSSY AND Institute of NATIONAL Importance,,Bihar,2020-09,2020-09,2029-07,,,2006.07,0.0,40.33,1.13,2026-08,FlashReport_August_2026.pdf,79,"{""approval"": ""09/2020"", ""start"": ""(09/2020)"", ""actual"": null, ""original"": ""07/2029"", ""revised"": ""(-)""}","{""original"": ""2,006.07"", ""revised"": ""0.00"", ""expenditure"": ""40.33""}"
707020,Establishment of new GMC Jamui,,"Medical Education, Ministry of Health and Family Welfare",,Bihar,2019-03,2022-10,2025-10,,,250.0,0.0,103.41,32.0,2026-08,FlashReport_August_2026.pdf,79,"{""approval"": ""03/2019"", ""start"": ""(10/2022)"", ""actual"": null, ""original"": ""10/2025"", ""revised"": ""(-)""}","{""original"": ""250.00"", ""revised"": ""0.00"", ""expenditure"": ""103.41""}"
707044,Establishment of new GMC Korba,,"Medical Education, Ministry of Health and Family Welfare",,Chhattisgarh,2023-02,2023-10,2026-12,,,325.0,0.0,179.59,56.0,2026-08,FlashReport_August_2026.pdf,79,"{""approval"": ""02/2023"", ""start"": ""(10/2023)"", ""actual"": null, ""original"": ""12/2026"", ""revised"": ""(-)""}","{""original"": ""325.00"", ""revised"": ""0.00"", ""expenditure"": ""179.59""}"
707045,Establishment of new GMC Mahasamund,,"Medical Education, Ministry of Health and Family Welfare",,Chhattisgarh,2023-10,2023-10,2026-05,,,325.0,0.0,321.7,84.0,2026-08,FlashReport_August_2026.pdf,79,"{""approval"": ""10/2023"", ""start"": ""(10/2023)"", ""actual"": null, ""original"": ""05/2026"", ""revised"": ""(-)""}","{""original"": ""325.00"", ""revised"": ""0.00"", ""expenditure"": ""321.70""}"
707046,Establishment of new GMC Kanker,,"Medical Education, Ministry of Health and Family Welfare",,Chhattisgarh,2020-02,2024-09,2027-03,,,325.0,0.0,37.1,45.0,2026-08,FlashReport_August_2026.pdf,79,"{""approval"": ""02/2020"", ""start"": ""(09/2024)"", ""actual"": null, ""original"": ""03/2027"", ""revised"": ""(-)""}","{""original"": ""325.00"", ""revised"": ""0.00"", ""expenditure"": ""37.10""}"
617882,"Setting up IT Infrastructure including Network Security and Hosting at AIIMS, New Delhi",,PMSSY AND Institute of NATIONAL Importance,,Delhi,2025-09,2025-09,2026-09,,,358.19,0.0,53.73,50.0,2026-08,FlashReport_August_2026.pdf,79,"{""approval"": ""09/2025"", ""start"": ""(09/2025)"", ""actual"": null, ""original"": ""09/2026"", ""revised"": ""(-)""}","{""original"": ""358.19"", ""revised"": ""0.00"", ""expenditure"": ""53.73""}"
617883,"Redevelopment of Residential colonies at Ayur Vigyan Nagar and West Ansari Nagar campuses of AIIMS, New Delhi",,PMSSY AND Institute of NATIONAL Importance,,Delhi,2016-10,2022-06,2027-06,,,4441.0,0.0,44.44,57.0,2026-08,FlashReport_August_2026.pdf,79,"{""approval"": ""10/2016"", ""start"": ""(06/2022)"", ""actual"": null, ""original"": ""06/2027"", ""revised"": ""(-)""}","{""original"": ""4,441.00"", ""revised"": ""0.00"", ""expenditure"": ""44.44""}"
701170,AIIMS Rajkot,,PMSSY AND Institute of NATIONAL Importance,,Gujarat,2019-01,2019-01,2026-03,2026-12,,1195.0,0.0,809.29,94.1,2026-08,FlashReport_August_2026.pdf,79,"{""approval"": ""01/2019"", ""start"": ""(01/2019)"", ""actual"": null, ""original"": ""03/2026"", ""revised"": ""(12/2026)""}","{""original"": ""1,195.00"", ""revised"": ""0.00"", ""expenditure"": ""809.29""}"
707049,Establishment of new GMC Panchmahal,,"Medical Education, Ministry of Health and Family Welfare",,Gujarat,2022-09,2022-09,2026-03,,,325.0,0.0,467.35,98.0,2026-08,FlashReport_August_2026.pdf,79,"{""approval"": ""09/2022"", ""start"": ""(09/2022)"", ""actual"": null, ""original"": ""03/2026"", ""revised"": ""(-)""}","{""original"": ""325.00"", ""revised"": ""0.00"", ""expenditure"": ""467.35""}"
707050,Establishment of new GMC Porbandar,,"Medical Education, Ministry of Health and Family Welfare",,Gujarat,2022-04,2022-10,2024-09,,,325.0,0.0,936.84,81.0,2026-08,FlashReport_August_2026.pdf,79,"{""approval"": ""04/2022"", ""start"": ""(10/2022)"", ""actual"": null, ""original"": ""09/2024"", ""revised"": ""(-)""}","{""original"": ""325.00"", ""revised"": ""0.00"", ""expenditure"": ""936.84""}"
701173,AIIMS Majra Rewari Haryana,,Ministry of Health and Family Welfare,,Haryana,2019-02,2019-02,2026-12,2026-12,,1299.0,0.0,772.62,69.7,2026-08,FlashReport_August_2026.pdf,79,"{""approval"": ""02/2019"", ""start"": ""(02/2019)"", ""actual"": null, ""original"": ""12/2026"", ""revised"": ""(12/2026)""}","{""original"": ""1,299.00"", ""revised"": ""0.00"", ""expenditure"": ""772.62""}"
701167,AIIMS Kashmir at Awantipora Jammu & Kashmir,,PMSSY AND Institute of NATIONAL Importance,,Jammu and Kashmir,2019-01,2019-03,2025-12,2026-12,,1828.0,0.0,1624.3,80.0,2026-08,FlashReport_August_2026.pdf,79,"{""approval"": ""01/2019"", ""start"": ""(03/2019)"", ""actual"": null, ""original"": ""12/2025"", ""revised"": ""(12/2026)""}","{""original"": ""1,828.00"", ""revised"": ""0.00"", ""expenditure"": ""1,624.30""}"
707051,Establishment of new GMc Udhampur,,"Medical Education, Ministry of Health and Family Welfare",,Jammu and Kashmir,2019-09,2022-01,2027-03,,,325.0,0.0,226.08,85.0,2026-08,FlashReport_August_2026.pdf,79,"{""approval"": ""09/2019"", ""start"": ""(01/2022)"", ""actual"": null, ""original"": ""03/2027"", ""revised"": ""(-)""}","{""original"": ""325.00"", ""revised"": ""0.00"", ""expenditure"": ""226.08""}"
707021,Establishment of new GMC Koderma,,"Medical Education, Ministry of Health and Family Welfare",,Jharkhand,2023-09,2024-02,2026-08,,,250.0,0.0,271.0,40.0,2026-08,FlashReport_August_2026.pdf,79,"{""approval"": ""09/2023"", ""start"": ""(02/2024)"", ""actual"": null, ""original"": ""08/2026"", ""revised"": ""(-)""}","{""original"": ""250.00"", ""revised"": ""0.00"", ""expenditure"": ""271.00""}"
707022,Establishment of new GMC Chaibasa [Singhbhum],,"Medical Education, Ministry of Health and Family Welfare",,Jharkhand,2018-06,2023-03,2025-09,2026-09,,250.0,0.0,333.1,83.0,2026-08,FlashReport_August_2026.pdf,79,"{""approval"": ""06/2018"", ""start"": ""(03/2023)"", ""actual"": null, ""original"": ""09/2025"", ""revised"": ""(09/2026)""}","{""original"": ""250.00"", ""revised"": ""0.00"", ""expenditure"": ""333.10""}"
707058,Establishment of new GMC Rajgarh,,"Medical Education, Ministry of Health and Family Welfare",,Madhya Pradesh,2021-12,2022-11,2024-04,,,325.0,0.0,179.5,86.0,2026-08,FlashReport_August_2026.pdf,80,"{""approval"": ""12/2021"", ""start"": ""(11/2022)"", ""actual"": null, ""original"": ""04/2024"", ""revised"": ""(-)""}","{""original"": ""325.00"", ""revised"": ""0.00"", ""expenditure"": ""179.50""}"
707059,Establishment of new GMC Mandla,,"Medical Education, Ministry of Health and Family Welfare",,Madhya Pradesh,2023-08,2023-10,2026-04,,,325.0,0.0,89.41,45.5,2026-08,FlashReport_August_2026.pdf,80,"{""approval"": ""08/2023"", ""start"": ""(10/2023)"", ""actual"": null, ""original"": ""04/2026"", ""revised"": ""(-)""}","{""original"": ""325.00"", ""revised"": ""0.00"", ""expenditure"": ""89.41""}"
707069,Establishment of new GMC Kapurthala,,"Medical Education, Ministry of Health and Family Welfare",,Punjab,2019-11,2027-07,2028-12,,,325.0,0.0,50.0,1.0,2026-08,FlashReport_August_2026.pdf,80,"{""approval"": ""11/2019"", ""start"": ""(07/2027)"", ""actual"": null, ""original"": ""12/2028"", ""revised"": ""(-)""}","{""original"": ""325.00"", ""revised"": ""0.00"", ""expenditure"": ""50.00""}"
707070,Establishment of new GMC Hoshiarpur,,"Medical Education, Ministry of Health and Family Welfare",,Punjab,2020-01,2026-03,2028-12,,,325.0,0.0,2.04,5.0,2026-08,FlashReport_August_2026.pdf,80,"{""approval"": ""01/2020"", ""start"": ""(03/2026)"", ""actual"": null, ""original"": ""12/2028"", ""revised"": ""(-)""}","{""original"": ""325.00"", ""revised"": ""0.00"", ""expenditure"": ""2.04""}"
707039,Establishment of new GMC Gangtok,,"Medical Education, Ministry of Health and Family Welfare",,Sikkim,2018-10,2018-12,2026-12,2026-07,,250.0,0.0,667.21,100.0,2026-08,FlashReport_August_2026.pdf,80,"{""approval"": ""10/2018"", ""start"": ""(12/2018)"", ""actual"": null, ""original"": ""12/2026"", ""revised"": ""(07/2026)""}","{""original"": ""250.00"", ""revised"": ""0.00"", ""expenditure"": ""667.21""}"
701168,ALL India Institute of Medical Sciences-AIIMS Madurai,,PMSSY AND Institute of NATIONAL Importance,,Tamil Nadu,2018-12,2018-12,2022-08,2026-10,,1264.0,0.0,567.36,57.0,2026-08,FlashReport_August_2026.pdf,80,"{""approval"": ""12/2018"", ""start"": ""(12/2018)"", ""actual"": null, ""original"": ""08/2022"", ""revised"": ""(10/2026)""}","{""original"": ""1,264.00"", ""revised"": ""0.00"", ""expenditure"": ""567.36""}"
701171,AIIMS Bibinagar,,PMSSY AND Institute of NATIONAL Importance,,Telangana,2018-12,2022-07,2026-06,2026-12,,1028.0,0.0,1037.55,87.71,2026-08,FlashReport_August_2026.pdf,80,"{""approval"": ""12/2018"", ""start"": ""(07/2022)"", ""actual"": null, ""original"": ""06/2026"", ""revised"": ""(12/2026)""}","{""original"": ""1,028.00"", ""revised"": ""0.00"", ""expenditure"": ""1,037.55""}"
707086,Establishment of new GMC Rudrapur,,"Medical Education, Ministry of Health and Family Welfare",,Uttarakhand,2022-10,2024-02,2026-12,,,325.0,0.0,353.01,95.0,2026-08,FlashReport_August_2026.pdf,80,"{""approval"": ""10/2022"", ""start"": ""(02/2024)"", ""actual"": null, ""original"": ""12/2026"", ""revised"": ""(-)""}","{""original"": ""325.00"", ""revised"": ""0.00"", ""expenditure"": ""353.01""}"
707087,Establishment of new GMC Pithoragarh,,"Medical Education, Ministry of Health and Family Welfare",,Uttarakhand,2021-08,2023-04,2026-12,,,325.0,0.0,470.18,78.0,2026-08,FlashReport_August_2026.pdf,80,"{""approval"": ""08/2021"", ""start"": ""(04/2023)"", ""actual"": null, ""original"": ""12/2026"", ""revised"": ""(-)""}","{""original"": ""325.00"", ""revised"": ""0.00"", ""expenditure"": ""470.18""}"
612167,"Construction of 350 beds + 50 Super Specialty beds ESIC Hospital Sheelanagar, Visakhapatnam, Andhra Pradesh",,Employee's State Insurance Company [ESIC],,Andhra Pradesh,2021-02,2023-04,2025-10,2026-08,,384.27,0.0,286.38,96.0,2026-08,FlashReport_August_2026.pdf,80,"{""approval"": ""02/2021"", ""start"": ""(04/2023)"", ""actual"": null, ""original"": ""10/2025"", ""revised"": ""(08/2026)""}","{""original"": ""384.27"", ""revised"": ""0.00"", ""expenditure"": ""286.38""}"
612186,350 Bedded [Upgradable to 500 beds] ESI Hospital at Sanand,,Employee's State Insurance Company [ESIC],,Gujarat,2022-06,2023-04,2026-03,2027-05,,558.12,0.0,92.2,32.0,2026-08,FlashReport_August_2026.pdf,80,"{""approval"": ""06/2022"", ""start"": ""(04/2023)"", ""actual"": null, ""original"": ""03/2026"", ""revised"": ""(05/2027)""}","{""original"": ""558.12"", ""revised"": ""0.00"", ""expenditure"": ""92.20""}"
612211,"Demolition, Construction and upgradation of ESI Hospital, Kalol, Gujarat from 50 beds to 150 beds.",,Employee's State Insurance Company [ESIC],,Gujarat,2022-08,2023-10,2025-10,2026-11,,205.87,0.0,68.9,61.0,2026-08,FlashReport_August_2026.pdf,80,"{""approval"": ""08/2022"", ""start"": ""(10/2023)"", ""actual"": null, ""original"": ""10/2025"", ""revised"": ""(11/2026)""}","{""original"": ""205.87"", ""revised"": ""0.00"", ""expenditure"": ""68.90""}"
612745,"Construction of 200 bed ESI Hospital at Bommasandra, Karnataka",,Employee's State Insurance Company [ESIC],,Karnataka,2015-02,2024-10,2027-01,2027-05,,278.0,0.0,80.52,38.0,2026-08,FlashReport_August_2026.pdf,80,"{""approval"": ""02/2015"", ""start"": ""(10/2024)"", ""actual"": null, ""original"": ""01/2027"", ""revised"": ""(05/2027)""}","{""original"": ""278.00"", ""revised"": ""0.00"", ""expenditure"": ""80.52""}"
612748,"Construction of 100 bed ESI Hospital and Staff Quarters [32 Nos.] at Harohalli, Karnataka",,Employee's State Insurance Company [ESIC],,Karnataka,2019-07,2025-03,2027-02,,,150.92,0.0,31.05,32.05,2026-08,FlashReport_August_2026.pdf,80,"{""approval"": ""07/2019"", ""start"": ""(03/2025)"", ""actual"": null, ""original"": ""02/2027"", ""revised"": ""(-)""}","{""original"": ""150.92"", ""revised"": ""0.00"", ""expenditure"": ""31.05""}"
612213,"Construction of 200 Bedded ESIC Hospital at Butibori, Nagpur, Maharashtra.",,Employee's State Insurance Company [ESIC],,Maharashtra,2013-10,2022-08,2025-08,2026-09,,194.93,0.0,116.22,67.0,2026-08,FlashReport_August_2026.pdf,80,"{""approval"": ""10/2013"", ""start"": ""(08/2022)"", ""actual"": null, ""original"": ""08/2025"", ""revised"": ""(09/2026)""}","{""original"": ""194.93"", ""revised"": ""0.00"", ""expenditure"": ""116.22""}"
616691,"Upgradation & Extension of ESIC Hospital and Construction of PG Hostel / Staff Housing for ESIC Hospital at Andheri, Mumbai",,Employee's State Insurance Company [ESIC],,Maharashtra,2008-12,2009-06,2025-08,2026-09,,260.13,0.0,216.46,89.0,2026-08,FlashReport_August_2026.pdf,80,"{""approval"": ""12/2008"", ""start"": ""(06/2009)"", ""actual"": null, ""original"": ""08/2025"", ""revised"": ""(09/2026)""}","{""original"": ""260.13"", ""revised"": ""0.00"", ""expenditure"": ""216.46""}"
612513,"Construction of 100 Bedded ESI Hospital at Duburi, Odisha.",,Employee's State Insurance Company [ESIC],,Odisha,2010-12,2025-02,2027-06,,,164.6,0.0,17.52,7.2,2026-08,FlashReport_August_2026.pdf,80,"{""approval"": ""12/2010"", ""start"": ""(02/2025)"", ""actual"": null, ""original"": ""06/2027"", ""revised"": ""(-)""}","{""original"": ""164.60"", ""revised"": ""0.00"", ""expenditure"": ""17.52""}"
612259,CONSTRUCTION OF 300 BEDDED HOSPITAL AT HARIDWAR,,Employee's State Insurance Company [ESIC],,Uttarakhand,2021-02,2021-12,2024-10,2026-07,,102.4,0.0,340.3,91.5,2026-08,FlashReport_August_2026.pdf,80,"{""approval"": ""02/2021"", ""start"": ""(12/2021)"", ""actual"": null, ""original"": ""10/2024"", ""revised"": ""(07/2026)""}","{""original"": ""102.40"", ""revised"": ""0.00"", ""expenditure"": ""340.30""}"
707410,Integrated Multi Modal Logistics Hub at Nangal Chaudhary in Haryana - Other Trunk Infrastructure Development Phase 1,,NICDC,,Haryana,2018-05,2021-12,2023-12,2028-05,,763.0,0.0,430.0,60.0,2026-08,FlashReport_August_2026.pdf,80,"{""approval"": ""05/2018"", ""start"": ""(12/2021)"", ""actual"": null, ""original"": ""12/2023"", ""revised"": ""(05/2028)""}","{""original"": ""763.00"", ""revised"": ""0.00"", ""expenditure"": ""430.00""}"
617727,Orvakal Industrial Area,,NICDC,,Andhra Pradesh,2024-08,2025-10,2028-10,,,2786.0,0.0,446.32,18.14,2026-08,FlashReport_August_2026.pdf,81,"{""approval"": ""08/2024"", ""start"": ""(10/2025)"", ""actual"": null, ""original"": ""10/2028"", ""revised"": ""(-)""}","{""original"": ""2,786.00"", ""revised"": ""0.00"", ""expenditure"": ""446.32""}"
617729,Kopparthy Industrial Area,,NICDC,,Andhra Pradesh,2024-08,2025-10,2028-10,,,2136.0,0.0,39.75,5.56,2026-08,FlashReport_August_2026.pdf,81,"{""approval"": ""08/2024"", ""start"": ""(10/2025)"", ""actual"": null, ""original"": ""10/2028"", ""revised"": ""(-)""}","{""original"": ""2,136.00"", ""revised"": ""0.00"", ""expenditure"": ""39.75""}"
701658,Krishnapatnam Node - Phase 1 - Roads and Services Development,,National Industrial Corridor Development Corporation,,Andhra Pradesh,2020-12,2024-02,2027-02,,,2139.44,0.0,1020.5,48.3,2026-08,FlashReport_August_2026.pdf,81,"{""approval"": ""12/2020"", ""start"": ""(02/2024)"", ""actual"": null, ""original"": ""02/2027"", ""revised"": ""(-)""}","{""original"": ""2,139.44"", ""revised"": ""0.00"", ""expenditure"": ""1,020.50""}"
707420,Gaya Integrated Manufacturing Cluster IMC in Bihar,,National Industrial Corridor Development Corporation,,Bihar,2024-08,2026-04,2029-04,,,1339.02,0.0,0.0,5.0,2026-08,FlashReport_August_2026.pdf,81,"{""approval"": ""08/2024"", ""start"": ""(04/2026)"", ""actual"": null, ""original"": ""04/2029"", ""revised"": ""(-)""}","{""original"": ""1,339.02"", ""revised"": ""0.00"", ""expenditure"": ""0.00""}"
701657,Tumakuru Node - Phase 1 - Roads and Services Development,,NICDC,,Karnataka,2020-12,2023-02,2026-09,2027-09,,1701.81,0.0,375.68,28.65,2026-08,FlashReport_August_2026.pdf,81,"{""approval"": ""12/2020"", ""start"": ""(02/2023)"", ""actual"": null, ""original"": ""09/2026"", ""revised"": ""(09/2027)""}","{""original"": ""1,701.81"", ""revised"": ""0.00"", ""expenditure"": ""375.68""}"
701668,Development of Palakkad Node under extension of CBIC to Kochi,,National Industrial Corridor Development Corporation,,Kerala,2024-08,2025-10,2029-04,,,3805.0,0.0,58.62,5.37,2026-08,FlashReport_August_2026.pdf,81,"{""approval"": ""08/2024"", ""start"": ""(10/2025)"", ""actual"": null, ""original"": ""04/2029"", ""revised"": ""(-)""}","{""original"": ""3,805.00"", ""revised"": ""0.00"", ""expenditure"": ""58.62""}"
701662,IMC Rajpura - Patiala Development Project,,National Industrial Corridor Development Corporation,,Punjab,2024-08,2026-03,2028-09,,,1367.72,0.0,0.0,4.95,2026-08,FlashReport_August_2026.pdf,81,"{""approval"": ""08/2024"", ""start"": ""(03/2026)"", ""actual"": null, ""original"": ""09/2028"", ""revised"": ""(-)""}","{""original"": ""1,367.72"", ""revised"": ""0.00"", ""expenditure"": ""0.00""}"
603210,Development of Jodhpur Pali Marwar Industrial Area JPMIA in Rajasthan,,National Industrial Corridor Development Corporation,,Rajasthan,2024-08,2026-01,2028-07,,,921.66,0.0,0.0,7.5,2026-08,FlashReport_August_2026.pdf,81,"{""approval"": ""08/2024"", ""start"": ""(01/2026)"", ""actual"": null, ""original"": ""07/2028"", ""revised"": ""(-)""}","{""original"": ""921.66"", ""revised"": ""0.00"", ""expenditure"": ""0.00""}"
601812,Development of Zaheerabad Node under Hyderabad Nagpur Industrial Corridor,,National Industrial Corridor Development Corporation,,Telangana,2024-08,2026-02,2029-02,,,2360.0,0.0,63.19,5.72,2026-08,FlashReport_August_2026.pdf,81,"{""approval"": ""08/2024"", ""start"": ""(02/2026)"", ""actual"": null, ""original"": ""02/2029"", ""revised"": ""(-)""}","{""original"": ""2,360.00"", ""revised"": ""0.00"", ""expenditure"": ""63.19""}"
707419,IMC at Prayagraj,,National Industrial Corridor Development Corporation,,Uttar Pradesh,2024-08,2026-04,2027-06,,,658.0,0.0,75.63,29.32,2026-08,FlashReport_August_2026.pdf,81,"{""approval"": ""08/2024"", ""start"": ""(04/2026)"", ""actual"": null, ""original"": ""06/2027"", ""revised"": ""(-)""}","{""original"": ""658.00"", ""revised"": ""0.00"", ""expenditure"": ""75.63""}"
701661,Development of IMC Khurpia Farms under AKIC Project,,National Industrial Corridor Development Corporation,,Uttarakhand,2024-08,2026-03,2028-09,,,1265.37,0.0,14.89,4.1,2026-08,FlashReport_August_2026.pdf,81,"{""approval"": ""08/2024"", ""start"": ""(03/2026)"", ""actual"": null, ""original"": ""09/2028"", ""revised"": ""(-)""}","{""original"": ""1,265.37"", ""revised"": ""0.00"", ""expenditure"": ""14.89""}"
615202,Capacity expansion of Deposit-14 and 14 NMZ at Kirandul,,National Mineral Development Corporation Limited [NMDC],,Chhattisgarh,2021-08,2022-07,2028-12,2028-03,,1700.0,0.0,303.01,25.27,2026-08,FlashReport_August_2026.pdf,81,"{""approval"": ""08/2021"", ""start"": ""(07/2022)"", ""actual"": null, ""original"": ""12/2028"", ""revised"": ""(03/2028)""}","{""original"": ""1,700.00"", ""revised"": ""0.00"", ""expenditure"": ""303.01""}"
658240,Shaft Sinking Projects at Kandri Mine.,,MOIL Limited,,Maharashtra,2025-06,2026-04,2030-04,,,196.9,0.0,2.85,0.9,2026-08,FlashReport_August_2026.pdf,81,"{""approval"": ""06/2025"", ""start"": ""(04/2026)"", ""actual"": null, ""original"": ""04/2030"", ""revised"": ""(-)""}","{""original"": ""196.90"", ""revised"": ""0.00"", ""expenditure"": ""2.85""}"
928129,Shaft Sinking Projects at Dongri Buzurg Mine.,,MOIL Limited,,Maharashtra,2025-06,2026-04,2030-04,,,217.45,0.0,3.94,0.6,2026-08,FlashReport_August_2026.pdf,81,"{""approval"": ""06/2025"", ""start"": ""(04/2026)"", ""actual"": null, ""original"": ""04/2030"", ""revised"": ""(-)""}","{""original"": ""217.45"", ""revised"": ""0.00"", ""expenditure"": ""3.94""}"
505491,Installation of 140 TPH Walking Beam type Reheating Furnace in Plate Mill at BSP,,Steel Authority of India Limited (SAIL,,Chhattisgarh,2026-02,2026-03,2028-03,,,268.36,0.0,0.0,0.0,2026-08,FlashReport_August_2026.pdf,81,"{""approval"": ""02/2026"", ""start"": ""(03/2026)"", ""actual"": null, ""original"": ""03/2028"", ""revised"": ""(-)""}","{""original"": ""268.36"", ""revised"": ""0.00"", ""expenditure"": ""0.00""}"
617243,Replacement of Hot Leveller No.1 of Plate Mill at Bhilai Steel Plant,,Steel Authority of India Limited [SAIL],,Chhattisgarh,2024-07,2024-08,2026-07,,,198.62,0.0,129.25,83.33,2026-08,FlashReport_August_2026.pdf,81,"{""approval"": ""07/2024"", ""start"": ""(08/2024)"", ""actual"": null, ""original"": ""07/2026"", ""revised"": ""(-)""}","{""original"": ""198.62"", ""revised"": ""0.00"", ""expenditure"": ""129.25""}"
617255,"Replacement of Converter Vessels, Trunnion Rings, Support System & Installation of Secondary Emission at Bhilai Steel Plant",,Steel Authority of India Limited [SAIL],,Chhattisgarh,2023-10,2023-12,2026-06,2026-09,,471.83,0.0,272.56,78.97,2026-08,FlashReport_August_2026.pdf,81,"{""approval"": ""10/2023"", ""start"": ""(12/2023)"", ""actual"": null, ""original"": ""06/2026"", ""revised"": ""(09/2026)""}","{""original"": ""471.83"", ""revised"": ""0.00"", ""expenditure"": ""272.56""}"
617256,Rebuilding of Coke Oven Battery No.7 & 8 at Bhilai Steel Plant,,Steel Authority of India Limited [SAIL],,Chhattisgarh,2023-11,2024-01,2025-10,2026-09,,884.1,0.0,702.09,95.99,2026-08,FlashReport_August_2026.pdf,81,"{""approval"": ""11/2023"", ""start"": ""(01/2024)"", ""actual"": null, ""original"": ""10/2025"", ""revised"": ""(09/2026)""}","{""original"": ""884.10"", ""revised"": ""0.00"", ""expenditure"": ""702.09""}"
706811,NMDC Slurry Pipeline Project Phase-1,,National Mineral Development Corporation Limited [NMDC],,Chhattisgarh,2015-11,2020-09,2023-06,2026-08,,2907.0,0.0,3684.95,96.8,2026-08,FlashReport_August_2026.pdf,81,"{""approval"": ""11/2015"", ""start"": ""(09/2020)"", ""actual"": null, ""original"": ""06/2023"", ""revised"": ""(08/2026)""}","{""original"": ""2,907.00"", ""revised"": ""0.00"", ""expenditure"": ""3,684.95""}"
709826,SCREENING PLANT-III AT KIRANDUL,,National Mineral Development Corporation Limited [NMDC],,Chhattisgarh,2009-01,2021-10,2026-01,2027-07,,2718.84,0.0,1763.55,83.82,2026-08,FlashReport_August_2026.pdf,81,"{""approval"": ""01/2009"", ""start"": ""(10/2021)"", ""actual"": null, ""original"": ""01/2026"", ""revised"": ""(07/2027)""}","{""original"": ""2,718.84"", ""revised"": ""0.00"", ""expenditure"": ""1,763.55""}"
944288,Super accelerated cooling system (Uniform Cooling) for high strength plates in Plate Mill at BSP,,Steel Authority of India Limited (SAIL,,Chhattisgarh,2025-06,2025-06,2026-12,,,192.21,0.0,79.05,65.15,2026-08,FlashReport_August_2026.pdf,82,"{""approval"": ""06/2025"", ""start"": ""(06/2025)"", ""actual"": null, ""original"": ""12/2026"", ""revised"": ""(-)""}","{""original"": ""192.21"", ""revised"": ""0.00"", ""expenditure"": ""79.05""}"
400174,"New Sinter Plant at BSL, SAIL",,Steel Authority of India Limited [SAIL],,Jharkhand,2015-03,2015-10,2027-10,2027-06,,1034.01,0.0,1075.46,66.5,2026-08,FlashReport_August_2026.pdf,82,"{""approval"": ""03/2015"", ""start"": ""(10/2015)"", ""actual"": null, ""original"": ""10/2027"", ""revised"": ""(06/2027)""}","{""original"": ""1,034.01"", ""revised"": ""0.00"", ""expenditure"": ""1,075.46""}"
617249,Replacement of existing Grinders in CRM-I & II at Bokaro Steel Plant,,Steel Authority of India Limited [SAIL],,Jharkhand,2025-01,2025-02,2027-01,,,211.94,0.0,143.18,69.27,2026-08,FlashReport_August_2026.pdf,82,"{""approval"": ""01/2025"", ""start"": ""(02/2025)"", ""actual"": null, ""original"": ""01/2027"", ""revised"": ""(-)""}","{""original"": ""211.94"", ""revised"": ""0.00"", ""expenditure"": ""143.18""}"
617250,Secondary Emission Control in Converters of SMS-II at Bokaro Steel Plant,,Steel Authority of India Limited [SAIL],,Jharkhand,2025-01,2025-02,2026-10,2027-04,,207.13,0.0,110.21,57.59,2026-08,FlashReport_August_2026.pdf,82,"{""approval"": ""01/2025"", ""start"": ""(02/2025)"", ""actual"": null, ""original"": ""10/2026"", ""revised"": ""(04/2027)""}","{""original"": ""207.13"", ""revised"": ""0.00"", ""expenditure"": ""110.21""}"
617254,Replacement of remaining 04 sets of Battery Cyclones with 04 Nos. of ESPs in Sinter Plant-1 at Bokaro Steel Plant,,Steel Authority of India Limited [SAIL],,Jharkhand,2024-03,2024-04,2026-06,2027-04,,260.37,0.0,131.44,56.28,2026-08,FlashReport_August_2026.pdf,82,"{""approval"": ""03/2024"", ""start"": ""(04/2024)"", ""actual"": null, ""original"": ""06/2026"", ""revised"": ""(04/2027)""}","{""original"": ""260.37"", ""revised"": ""0.00"", ""expenditure"": ""131.44""}"
617257,Rebuilding of Coke Oven Battery No.6 at Bokaro Steel Plant,,Steel Authority of India Limited [SAIL],,Jharkhand,2023-11,2023-12,2026-11,2027-11,,627.31,0.0,365.64,70.5,2026-08,FlashReport_August_2026.pdf,82,"{""approval"": ""11/2023"", ""start"": ""(12/2023)"", ""actual"": null, ""original"": ""11/2026"", ""revised"": ""(11/2027)""}","{""original"": ""627.31"", ""revised"": ""0.00"", ""expenditure"": ""365.64""}"
400121,"Construction of Screening Plant-II for Donimalai and Kumaraswamy Iron Ore Mining Complex of NMDC Limited at Ballari Dt, Karnataka.",,National Mineral Development Corporation Limited [NMDC],,Karnataka,2014-11,2024-06,2026-08,,,1043.63,0.0,658.17,72.7,2026-08,FlashReport_August_2026.pdf,82,"{""approval"": ""11/2014"", ""start"": ""(06/2024)"", ""actual"": null, ""original"": ""08/2026"", ""revised"": ""(-)""}","{""original"": ""1,043.63"", ""revised"": ""0.00"", ""expenditure"": ""658.17""}"
478482,Stamp Charge Battery No.7 Coke Dry Cooling Plant at RSP,,Steel Authority of India Limited (SAIL,,Odisha,2026-02,2026-02,2028-08,,,1064.55,0.0,75.81,0.0,2026-08,FlashReport_August_2026.pdf,82,"{""approval"": ""02/2026"", ""start"": ""(02/2026)"", ""actual"": null, ""original"": ""08/2028"", ""revised"": ""(-)""}","{""original"": ""1,064.55"", ""revised"": ""0.00"", ""expenditure"": ""75.81""}"
589703,Implementation of Treatment System-2 Under ZLD at RSP,,Steel Authority of India Limited (SAIL,,Odisha,2025-02,2025-03,2026-09,,,216.02,0.0,147.99,93.66,2026-08,FlashReport_August_2026.pdf,82,"{""approval"": ""02/2025"", ""start"": ""(03/2025)"", ""actual"": null, ""original"": ""09/2026"", ""revised"": ""(-)""}","{""original"": ""216.02"", ""revised"": ""0.00"", ""expenditure"": ""147.99""}"
635651,"New Product Testing Laboratory for NPM, SPP & NHSM at RSP",,Steel Authority of India Limited (SAIL,,Odisha,2025-06,2025-07,2027-08,,,155.26,0.0,57.69,73.86,2026-08,FlashReport_August_2026.pdf,82,"{""approval"": ""06/2025"", ""start"": ""(07/2025)"", ""actual"": null, ""original"": ""08/2027"", ""revised"": ""(-)""}","{""original"": ""155.26"", ""revised"": ""0.00"", ""expenditure"": ""57.69""}"
738679,Stamp Charge Battery No.7 Battery Proper at RSP,,Steel Authority of India Limited (SAIL,,Odisha,2024-09,2024-10,2028-03,,,2584.41,0.0,1251.0,59.41,2026-08,FlashReport_August_2026.pdf,82,"{""approval"": ""09/2024"", ""start"": ""(10/2024)"", ""actual"": null, ""original"": ""03/2028"", ""revised"": ""(-)""}","{""original"": ""2,584.41"", ""revised"": ""0.00"", ""expenditure"": ""1,251.00""}"
834015,Stamp Charge Battery No.7 By-product Plant at RSP,,Steel Authority of India Limited (SAIL,,Odisha,2024-09,2024-10,2028-03,,,1140.07,0.0,219.86,23.27,2026-08,FlashReport_August_2026.pdf,82,"{""approval"": ""09/2024"", ""start"": ""(10/2024)"", ""actual"": null, ""original"": ""03/2028"", ""revised"": ""(-)""}","{""original"": ""1,140.07"", ""revised"": ""0.00"", ""expenditure"": ""219.86""}"
364934,Stamp Charge Battery No.12 By-product Plant at IISCO Steel Plant,,Steel Authority of India Limited (SAIL,,West Bengal,2025-01,2025-02,2028-07,,,999.46,0.0,100.91,18.87,2026-08,FlashReport_August_2026.pdf,82,"{""approval"": ""01/2025"", ""start"": ""(02/2025)"", ""actual"": null, ""original"": ""07/2028"", ""revised"": ""(-)""}","{""original"": ""999.46"", ""revised"": ""0.00"", ""expenditure"": ""100.91""}"
425828,Stamp Charge Battery No.12 Coke Dry Cooling Plant at IISCO Steel Plant,,Steel Authority of India Limited (SAIL,,West Bengal,2025-01,2025-02,2028-07,,,706.51,0.0,143.16,13.7,2026-08,FlashReport_August_2026.pdf,82,"{""approval"": ""01/2025"", ""start"": ""(02/2025)"", ""actual"": null, ""original"": ""07/2028"", ""revised"": ""(-)""}","{""original"": ""706.51"", ""revised"": ""0.00"", ""expenditure"": ""143.16""}"
612781,Rebuilding of COB 4 at Durgapur Steel Plant,,Steel Authority of India Limited [SAIL],,West Bengal,2023-09,2023-09,2027-09,2027-09,,916.78,0.0,248.36,38.83,2026-08,FlashReport_August_2026.pdf,82,"{""approval"": ""09/2023"", ""start"": ""(09/2023)"", ""actual"": null, ""original"": ""09/2027"", ""revised"": ""(09/2027)""}","{""original"": ""916.78"", ""revised"": ""0.00"", ""expenditure"": ""248.36""}"
617242,Installation of New Bar Mill at Durgapur Steel Plant,,Steel Authority of India Limited [SAIL],,West Bengal,2024-07,2024-08,2027-06,,,2115.44,0.0,994.1,69.61,2026-08,FlashReport_August_2026.pdf,82,"{""approval"": ""07/2024"", ""start"": ""(08/2024)"", ""actual"": null, ""original"": ""06/2027"", ""revised"": ""(-)""}","{""original"": ""2,115.44"", ""revised"": ""0.00"", ""expenditure"": ""994.10""}"
617246,Up-gradation of Blast Furnace No. 3 at Durgapur Steel Plant,,Steel Authority of India Limited [SAIL],,West Bengal,2024-09,2024-10,2027-10,2027-10,,758.09,0.0,330.78,64.17,2026-08,FlashReport_August_2026.pdf,82,"{""approval"": ""09/2024"", ""start"": ""(10/2024)"", ""actual"": null, ""original"": ""10/2027"", ""revised"": ""(10/2027)""}","{""original"": ""758.09"", ""revised"": ""0.00"", ""expenditure"": ""330.78""}"
617248,Third Ladle Furnace in Secondary Refinery Unit at IISCO Steel Plant,,Steel Authority of India Limited [SAIL],,West Bengal,2024-11,2024-12,2026-07,2026-11,,227.96,0.0,119.14,73.31,2026-08,FlashReport_August_2026.pdf,82,"{""approval"": ""11/2024"", ""start"": ""(12/2024)"", ""actual"": null, ""original"": ""07/2026"", ""revised"": ""(11/2026)""}","{""original"": ""227.96"", ""revised"": ""0.00"", ""expenditure"": ""119.14""}"
617251,Revamping of Air Pollution Control Systems of SP-1 at Durgapur Steel Plant,,Steel Authority of India Limited [SAIL],,West Bengal,2024-07,2024-12,2026-05,2026-12,,196.4,0.0,73.24,57.33,2026-08,FlashReport_August_2026.pdf,82,"{""approval"": ""07/2024"", ""start"": ""(12/2024)"", ""actual"": null, ""original"": ""05/2026"", ""revised"": ""(12/2026)""}","{""original"": ""196.40"", ""revised"": ""0.00"", ""expenditure"": ""73.24""}"
617338,Stamp Charge Battery No.12 Battery Proper at IISCO Steel Plant,,Steel Authority of India Limited [SAIL],,West Bengal,2025-01,2025-02,2028-07,,,2518.39,0.0,485.99,30.51,2026-08,FlashReport_August_2026.pdf,82,"{""approval"": ""01/2025"", ""start"": ""(02/2025)"", ""actual"": null, ""original"": ""07/2028"", ""revised"": ""(-)""}","{""original"": ""2,518.39"", ""revised"": ""0.00"", ""expenditure"": ""485.99""}"
400298,Nadikude-Srikalahasti 308.7 km,,CAO/C/SCoR SCoR mor,,Andhra Pradesh,2012-03,2019-10,2027-05,2028-03,,2312.0,0.0,2535.68,2.0,2026-08,FlashReport_August_2026.pdf,82,"{""approval"": ""03/2012"", ""start"": ""(10/2019)"", ""actual"": null, ""original"": ""05/2027"", ""revised"": ""(03/2028)""}","{""original"": ""2,312.00"", ""revised"": ""0.00"", ""expenditure"": ""2,535.68""}"
611752,Doubling between Gooty-Pendakallu 29.225 km PB73/2023-24/NR,,CAO/C/SCoR SCoR mor,,Andhra Pradesh,2023-03,2024-06,2027-03,2027-03,,351.83,0.0,157.67,45.0,2026-08,FlashReport_August_2026.pdf,83,"{""approval"": ""03/2023"", ""start"": ""(06/2024)"", ""actual"": null, ""original"": ""03/2027"", ""revised"": ""(03/2027)""}","{""original"": ""351.83"", ""revised"": ""0.00"", ""expenditure"": ""157.67""}"
611754,South Central Railway - Rail road over double line between Guntakal West-Mallapa Gate 9.64 km PB34/CR/2023-24,,CAO/C/SCoR SCoR mor,,Andhra Pradesh,2023-07,2024-11,2026-07,,,293.3,0.0,94.62,33.0,2026-08,FlashReport_August_2026.pdf,83,"{""approval"": ""07/2023"", ""start"": ""(11/2024)"", ""actual"": null, ""original"": ""07/2026"", ""revised"": ""(-)""}","{""original"": ""293.30"", ""revised"": ""0.00"", ""expenditure"": ""94.62""}"
612827,Flyover between Pendurthi-Simhachalam North to avoid surface crossing at Simhachalam 7.135 km PB73/2023-24/NR,,CAO/C/SCoR SCoR mor,,Andhra Pradesh,2023-04,2024-04,2027-04,,,183.65,0.0,28.73,22.0,2026-08,FlashReport_August_2026.pdf,83,"{""approval"": ""04/2023"", ""start"": ""(04/2024)"", ""actual"": null, ""original"": ""04/2027"", ""revised"": ""(-)""}","{""original"": ""183.65"", ""revised"": ""0.00"", ""expenditure"": ""28.73""}"
616697,3rd & 4 th line Vadlapudi-Gate Jn. incl. tie line between Gangavaram Port- Visakhapatnam Steel Plant12.04 km PB73/2023-24/NR,,CAO/C/SCoR SCoR mor,,Andhra Pradesh,2023-04,2024-02,2026-06,,,154.28,0.0,89.66,88.0,2026-08,FlashReport_August_2026.pdf,83,"{""approval"": ""04/2023"", ""start"": ""(02/2024)"", ""actual"": null, ""original"": ""06/2026"", ""revised"": ""(-)""}","{""original"": ""154.28"", ""revised"": ""0.00"", ""expenditure"": ""89.66""}"
617216,South Central Railway- 3rd line between Gudur-Renigunta stations 83.17 km PB34/CR/2023-24,,CAO/C/SCoR SCoR mor,,Andhra Pradesh,2024-10,2026-03,2027-03,,,877.34,0.0,53.46,0.0,2026-08,FlashReport_August_2026.pdf,83,"{""approval"": ""10/2024"", ""start"": ""(03/2026)"", ""actual"": null, ""original"": ""03/2027"", ""revised"": ""(-)""}","{""original"": ""877.34"", ""revised"": ""0.00"", ""expenditure"": ""53.46""}"
616701,Lumding-Furkating section 140 km Umbrella work PB57/2019-20/NR,,CAO/C-1/NFR NFR mor,,Assam,2024-02,2020-09,2028-02,,,2123.7,0.0,215.47,15.0,2026-08,FlashReport_August_2026.pdf,83,"{""approval"": ""02/2024"", ""start"": ""(09/2020)"", ""actual"": null, ""original"": ""02/2028"", ""revised"": ""(-)""}","{""original"": ""2,123.70"", ""revised"": ""0.00"", ""expenditure"": ""215.47""}"
705572,New Bongaigaon - Goalpara - Guwahati Kamakhya 176 km,,CAO/C-III/NFR NFR mor,,Assam,2016-09,2019-08,2026-03,2026-03,,4060.0,0.0,3860.64,91.0,2026-08,FlashReport_August_2026.pdf,83,"{""approval"": ""09/2016"", ""start"": ""(08/2019)"", ""actual"": null, ""original"": ""03/2026"", ""revised"": ""(03/2026)""}","{""original"": ""4,060.00"", ""revised"": ""0.00"", ""expenditure"": ""3,860.64""}"
400254,Sakri-Hasanpur 79 km,,CAO/Con/North/MHX ECR mor,,Bihar,2023-12,2020-01,2024-12,2027-03,,735.2,0.0,615.76,80.0,2026-08,FlashReport_August_2026.pdf,83,"{""approval"": ""12/2023"", ""start"": ""(01/2020)"", ""actual"": null, ""original"": ""12/2024"", ""revised"": ""(03/2027)""}","{""original"": ""735.20"", ""revised"": ""0.00"", ""expenditure"": ""615.76""}"
617231,East Central Railway - Construction of Bulb line at Nabinagar Ankorah 17.49Km PB45/ECoR/2024-25.,,CAO/Con/South/MHX ECR mor,,Bihar,2024-06,2025-09,2028-06,,,611.74,0.0,0.0,0.0,2026-08,FlashReport_August_2026.pdf,83,"{""approval"": ""06/2024"", ""start"": ""(09/2025)"", ""actual"": null, ""original"": ""06/2028"", ""revised"": ""(-)""}","{""original"": ""611.74"", ""revised"": ""0.00"", ""expenditure"": ""0.00""}"
617239,Narkatiaganj-Raxaul-Sitamarhi-Darbhanga & Sitamarhi-Muzaffarpur Sections doubling 256 km Umbrella work PB57/2019-20/NR,,CAO/Con/North/MHX ECR mor,,Bihar,2024-11,2025-11,2029-11,2030-03,,4079.95,0.0,29.38,0.0,2026-08,FlashReport_August_2026.pdf,83,"{""approval"": ""11/2024"", ""start"": ""(11/2025)"", ""actual"": null, ""original"": ""11/2029"", ""revised"": ""(03/2030)""}","{""original"": ""4,079.95"", ""revised"": ""0.00"", ""expenditure"": ""29.38""}"
705366,Hajipur-Sagauli via Vaishali 148.3 km,,CAO/Con/North/MHX ECR mor,,Bihar,2007-10,2019-12,2020-03,2027-06,,2067.0,0.0,2889.67,74.0,2026-08,FlashReport_August_2026.pdf,83,"{""approval"": ""10/2007"", ""start"": ""(12/2019)"", ""actual"": null, ""original"": ""03/2020"", ""revised"": ""(06/2027)""}","{""original"": ""2,067.00"", ""revised"": ""0.00"", ""expenditure"": ""2,889.67""}"
705368,Araria-Supaul 92 km,,CAO/Con/North/MHX ECR mor,,Bihar,2009-08,2019-12,2024-03,2027-01,,1605.0,0.0,2179.84,40.0,2026-08,FlashReport_August_2026.pdf,83,"{""approval"": ""08/2009"", ""start"": ""(12/2019)"", ""actual"": null, ""original"": ""03/2024"", ""revised"": ""(01/2027)""}","{""original"": ""1,605.00"", ""revised"": ""0.00"", ""expenditure"": ""2,179.84""}"
705373,Fatuah-Islampur incl. material modification for extension of new line from Neora to Daniawan Daniawan to Biharsharif Biharsharif to Barbigha Barbigha to Sheikhpura,,CAO/Con/South/MHX ECR mor,,Bihar,2002-08,2020-04,2023-03,2025-08,,1473.0,0.0,3044.61,95.0,2026-08,FlashReport_August_2026.pdf,83,"{""approval"": ""08/2002"", ""start"": ""(04/2020)"", ""actual"": null, ""original"": ""03/2023"", ""revised"": ""(08/2025)""}","{""original"": ""1,473.00"", ""revised"": ""0.00"", ""expenditure"": ""3,044.61""}"
705526,Samastipur-Darbhanga 38 km,,CAO/Con/North/MHX ECR mor,,Bihar,2015-11,2019-08,2025-03,2025-10,,519.0,0.0,751.29,92.0,2026-08,FlashReport_August_2026.pdf,83,"{""approval"": ""11/2015"", ""start"": ""(08/2019)"", ""actual"": null, ""original"": ""03/2025"", ""revised"": ""(10/2025)""}","{""original"": ""519.00"", ""revised"": ""0.00"", ""expenditure"": ""751.29""}"
705527,Sagauli - Valmikinagar 109.7 km,,CAO/Con/North/MHX ECR mor,,Bihar,2018-03,2019-12,2025-12,2025-12,,1216.0,0.0,1464.5,91.0,2026-08,FlashReport_August_2026.pdf,83,"{""approval"": ""03/2018"", ""start"": ""(12/2019)"", ""actual"": null, ""original"": ""12/2025"", ""revised"": ""(12/2025)""}","{""original"": ""1,216.00"", ""revised"": ""0.00"", ""expenditure"": ""1,464.50""}"
705528,Muzaffarpur - Sagauli 100.6 km,,CAO/Con/North/MHX ECR mor,,Bihar,2018-03,2019-12,2024-06,2026-06,,1586.0,0.0,1564.08,99.0,2026-08,FlashReport_August_2026.pdf,83,"{""approval"": ""03/2018"", ""start"": ""(12/2019)"", ""actual"": null, ""original"": ""06/2024"", ""revised"": ""(06/2026)""}","{""original"": ""1,586.00"", ""revised"": ""0.00"", ""expenditure"": ""1,564.08""}"
706860,Barauni-Bachwara 16 km - 3rd & 4th line incl Barauni yard remodelling 32 km Umbrella work PB57/2019-20/NR,,CAO/Con/North/MHX ECR mor,,Bihar,2022-10,2023-06,2025-08,2026-10,,645.0,0.0,237.7,38.0,2026-08,FlashReport_August_2026.pdf,83,"{""approval"": ""10/2022"", ""start"": ""(06/2023)"", ""actual"": null, ""original"": ""08/2025"", ""revised"": ""(10/2026)""}","{""original"": ""645.00"", ""revised"": ""0.00"", ""expenditure"": ""237.70""}"
900874,Jhajha - Batia 20 km Umbrella work PB23/2018-19/NR,,CAO/Con/South/MHX ECR mor,,Bihar,2019-02,2020-01,2028-03,2030-01,,588.18,0.0,29.78,0.0,2026-08,FlashReport_August_2026.pdf,83,"{""approval"": ""02/2019"", ""start"": ""(01/2020)"", ""actual"": null, ""original"": ""03/2028"", ""revised"": ""(01/2030)""}","{""original"": ""588.18"", ""revised"": ""0.00"", ""expenditure"": ""29.78""}"
400291,Kirandul-Jagdalpur 150 km,,CAO/C/ECOR ECoR mor,,Chhattisgarh,2013-02,2019-11,2020-03,2027-04,,1589.0,0.0,1369.01,89.0,2026-08,FlashReport_August_2026.pdf,83,"{""approval"": ""02/2013"", ""start"": ""(11/2019)"", ""actual"": null, ""original"": ""03/2020"", ""revised"": ""(04/2027)""}","{""original"": ""1,589.00"", ""revised"": ""0.00"", ""expenditure"": ""1,369.01""}"
612815,Nipania-Bhatapra 14.4 km 4th line PB72/NR/2022-23,,CAOC/SECR SECR mor,,Chhattisgarh,2022-12,2024-05,2027-03,,,170.49,0.0,13.63,3.0,2026-08,FlashReport_August_2026.pdf,83,"{""approval"": ""12/2022"", ""start"": ""(05/2024)"", ""actual"": null, ""original"": ""03/2027"", ""revised"": ""(-)""}","{""original"": ""170.49"", ""revised"": ""0.00"", ""expenditure"": ""13.63""}"
706854,Boridand-Ambikapur 118.81 km Umbrella work PB57/2019-20/NR,,CAOC/SECR SECR mor,,Chhattisgarh,2022-06,2023-03,2030-06,2030-06,,1376.0,0.0,512.14,38.0,2026-08,FlashReport_August_2026.pdf,83,"{""approval"": ""06/2022"", ""start"": ""(03/2023)"", ""actual"": null, ""original"": ""06/2030"", ""revised"": ""(06/2030)""}","{""original"": ""1,376.00"", ""revised"": ""0.00"", ""expenditure"": ""512.14""}"
709818,4th line - Rajnandgaon-Dongarhgarh 31.2 km PB72/NR/2022-23,,CAOC/SECR SECR mor,,Chhattisgarh,2022-09,2024-03,2027-01,2027-01,,328.34,0.0,101.52,5.0,2026-08,FlashReport_August_2026.pdf,84,"{""approval"": ""09/2022"", ""start"": ""(03/2024)"", ""actual"": null, ""original"": ""01/2027"", ""revised"": ""(01/2027)""}","{""original"": ""328.34"", ""revised"": ""0.00"", ""expenditure"": ""101.52""}"
709819,3rd & 4th line - Saragbundia & Madwarani 12.2 km PB72/NR/2022-23,,CAOC/SECR SECR mor,,Chhattisgarh,2022-09,2025-05,2026-12,2026-12,,167.64,0.0,28.49,10.0,2026-08,FlashReport_August_2026.pdf,84,"{""approval"": ""09/2022"", ""start"": ""(05/2025)"", ""actual"": null, ""original"": ""12/2026"", ""revised"": ""(12/2026)""}","{""original"": ""167.64"", ""revised"": ""0.00"", ""expenditure"": ""28.49""}"
705583,Anand Vihar-Tilak Bridge - 3rd & 4th line 9.77 km,,CAOC/NR NR mor,,Delhi,2012-06,2020-01,2023-03,2027-12,,667.0,0.0,400.84,23.0,2026-08,FlashReport_August_2026.pdf,84,"{""approval"": ""06/2012"", ""start"": ""(01/2020)"", ""actual"": null, ""original"": ""03/2023"", ""revised"": ""(12/2027)""}","{""original"": ""667.00"", ""revised"": ""0.00"", ""expenditure"": ""400.84""}"
706865,Chandorgaon-Cansaulim rail flyover 16 km Umbrella work PB57/2019-20/NR,,CAOC/SWR SWR mor,,Goa,,2022-01,2031-03,,,1892.0,0.0,0.0,0.0,2026-08,FlashReport_August_2026.pdf,84,"{""approval"": ""NA"", ""start"": ""(01/2022)"", ""actual"": null, ""original"": ""03/2031"", ""revised"": ""(-)""}","{""original"": ""1,892.00"", ""revised"": ""0.00"", ""expenditure"": ""0.00""}"
611918,Kosamba- Umarpada 69.70 Km PB32/WR/2023-24,,CAOCWR WR mor,,Gujarat,2023-07,2024-01,2027-03,,,468.0,0.0,161.5,31.0,2026-08,FlashReport_August_2026.pdf,84,"{""approval"": ""07/2023"", ""start"": ""(01/2024)"", ""actual"": null, ""original"": ""03/2027"", ""revised"": ""(-)""}","{""original"": ""468.00"", ""revised"": ""0.00"", ""expenditure"": ""161.50""}"
611943,New BG line between Naliya - Jakhau Port 24.88 Km,,CAOCWR WR mor,,Gujarat,2023-02,2024-08,2028-01,2028-02,,410.26,0.0,11.9,5.0,2026-08,FlashReport_August_2026.pdf,84,"{""approval"": ""02/2023"", ""start"": ""(08/2024)"", ""actual"": null, ""original"": ""01/2028"", ""revised"": ""(02/2028)""}","{""original"": ""410.26"", ""revised"": ""0.00"", ""expenditure"": ""11.90""}"
611945,Petlad-Bhadran 22.5 km,,CAOCWR WR mor,,Gujarat,2022-05,2023-04,2030-05,2030-05,,307.11,0.0,115.19,32.0,2026-08,FlashReport_August_2026.pdf,84,"{""approval"": ""05/2022"", ""start"": ""(04/2023)"", ""actual"": null, ""original"": ""05/2030"", ""revised"": ""(05/2030)""}","{""original"": ""307.11"", ""revised"": ""0.00"", ""expenditure"": ""115.19""}"
611970,Samlaya-Timba Road 53.53 km,,CAOCWR WR mor,,Gujarat,2023-02,2023-05,2030-03,2030-03,,670.17,0.0,202.51,25.0,2026-08,FlashReport_August_2026.pdf,84,"{""approval"": ""02/2023"", ""start"": ""(05/2023)"", ""actual"": null, ""original"": ""03/2030"", ""revised"": ""(03/2030)""}","{""original"": ""670.17"", ""revised"": ""0.00"", ""expenditure"": ""202.51""}"
611971,Samni-Jambusar 24.08 km,,CAOCWR WR mor,,Gujarat,2022-05,2022-08,2030-03,2030-03,,350.0,0.0,189.28,40.0,2026-08,FlashReport_August_2026.pdf,84,"{""approval"": ""05/2022"", ""start"": ""(08/2022)"", ""actual"": null, ""original"": ""03/2030"", ""revised"": ""(03/2030)""}","{""original"": ""350.00"", ""revised"": ""0.00"", ""expenditure"": ""189.28""}"
611974,Western Railway- Samakhiali-Gandhidham Quadrupiling 53 km PB34/CR/2023-24,,CAOCWR WR mor,,Gujarat,2023-08,2024-04,2026-12,2027-12,,1430.0,0.0,796.21,50.0,2026-08,FlashReport_August_2026.pdf,84,"{""approval"": ""08/2023"", ""start"": ""(04/2024)"", ""actual"": null, ""original"": ""12/2026"", ""revised"": ""(12/2027)""}","{""original"": ""1,430.00"", ""revised"": ""0.00"", ""expenditure"": ""796.21""}"
612072,Barejadi Nandej Geratpur - Sanand - 4th line 38.20 km,,CAOCWR WR mor,,Gujarat,2023-02,2024-02,2027-03,2028-07,,961.67,0.0,569.92,25.0,2026-08,FlashReport_August_2026.pdf,84,"{""approval"": ""02/2023"", ""start"": ""(02/2024)"", ""actual"": null, ""original"": ""03/2027"", ""revised"": ""(07/2028)""}","{""original"": ""961.67"", ""revised"": ""0.00"", ""expenditure"": ""569.92""}"
705458,Miyagam-Karjan-Dabhoi-Samlaya 96.46 km- Gauge conversion with electrification,,CAOCWR WR mor,,Gujarat,2017-01,2019-08,2026-12,2026-12,,483.88,0.0,886.85,34.0,2026-08,FlashReport_August_2026.pdf,84,"{""approval"": ""01/2017"", ""start"": ""(08/2019)"", ""actual"": null, ""original"": ""12/2026"", ""revised"": ""(12/2026)""}","{""original"": ""483.88"", ""revised"": ""0.00"", ""expenditure"": ""886.85""}"
706763,Rajkot-Kanalus 111.20 km,,CAOCWR WR mor,,Gujarat,2021-10,2019-12,2026-10,2026-06,,1080.58,0.0,1148.79,90.0,2026-08,FlashReport_August_2026.pdf,84,"{""approval"": ""10/2021"", ""start"": ""(12/2019)"", ""actual"": null, ""original"": ""10/2026"", ""revised"": ""(06/2026)""}","{""original"": ""1,080.58"", ""revised"": ""0.00"", ""expenditure"": ""1,148.79""}"
709812,Nadiad-Petlad 37.26 km,,CAOCWR WR mor,,Gujarat,2022-05,2023-10,2030-06,2030-06,,461.91,0.0,150.35,30.0,2026-08,FlashReport_August_2026.pdf,84,"{""approval"": ""05/2022"", ""start"": ""(10/2023)"", ""actual"": null, ""original"": ""06/2030"", ""revised"": ""(06/2030)""}","{""original"": ""461.91"", ""revised"": ""0.00"", ""expenditure"": ""150.35""}"
709813,New BG line intersection 5 nos between Geratpur-Sanand & Botad-Ahmedabad 16.51 km PB29/NR/2022-23,,CAOCWR WR mor,,Gujarat,2022-10,2023-10,2027-10,2027-10,,437.21,0.0,602.87,22.0,2026-08,FlashReport_August_2026.pdf,84,"{""approval"": ""10/2022"", ""start"": ""(10/2023)"", ""actual"": null, ""original"": ""10/2027"", ""revised"": ""(10/2027)""}","{""original"": ""437.21"", ""revised"": ""0.00"", ""expenditure"": ""602.87""}"
611884,Doubling between Bhiwani - Dobh Bahali PB73/2023-24/NR,,CAOC/NWR NWR mor,,Haryana,2023-02,2023-11,2027-06,2028-02,,471.0,0.0,350.86,78.0,2026-08,FlashReport_August_2026.pdf,84,"{""approval"": ""02/2023"", ""start"": ""(11/2023)"", ""actual"": null, ""original"": ""06/2027"", ""revised"": ""(02/2028)""}","{""original"": ""471.00"", ""revised"": ""0.00"", ""expenditure"": ""350.86""}"
617372,Pradhankhunta Jn-Patherdih Bazar-Bhojudih 17.1 km Umbrella work PB57/2019- 20/NR,,CAO/Con/South/MHX ECR mor,,Jharkhand,2022-11,2023-12,2027-11,2026-03,,349.22,0.0,166.86,60.0,2026-08,FlashReport_August_2026.pdf,84,"{""approval"": ""11/2022"", ""start"": ""(12/2023)"", ""actual"": null, ""original"": ""11/2027"", ""revised"": ""(03/2026)""}","{""original"": ""349.22"", ""revised"": ""0.00"", ""expenditure"": ""166.86""}"
617832,Koderma-Barkakana Arigada 133 Km,,CAO/Con/South/MHX ECR mor,,Jharkhand,2025-06,2026-06,2029-12,,,2887.11,0.0,0.85,0.0,2026-08,FlashReport_August_2026.pdf,84,"{""approval"": ""06/2025"", ""start"": ""(06/2026)"", ""actual"": null, ""original"": ""12/2029"", ""revised"": ""(-)""}","{""original"": ""2,887.11"", ""revised"": ""0.00"", ""expenditure"": ""0.85""}"
705765,Gomoh - Flyover for down trains 20 km,,CAO/Con/South/MHX ECR mor,,Jharkhand,2018-01,2020-06,2026-03,2026-03,,686.0,0.0,543.45,65.0,2026-08,FlashReport_August_2026.pdf,84,"{""approval"": ""01/2018"", ""start"": ""(06/2020)"", ""actual"": null, ""original"": ""03/2026"", ""revised"": ""(03/2026)""}","{""original"": ""686.00"", ""revised"": ""0.00"", ""expenditure"": ""543.45""}"
705785,Lodhma-Piska - Link line bypassing Hatia / Ranchi with Y connection 17.2 km,,CAO/C/SER SER mor,,Jharkhand,2021-08,2021-09,2026-06,2027-05,,473.0,0.0,345.49,14.0,2026-08,FlashReport_August_2026.pdf,84,"{""approval"": ""08/2021"", ""start"": ""(09/2021)"", ""actual"": null, ""original"": ""06/2026"", ""revised"": ""(05/2027)""}","{""original"": ""473.00"", ""revised"": ""0.00"", ""expenditure"": ""345.49""}"
705490,Gadag - Wadi 257.26 km,,CAOC/SWR SWR mor,,Karnataka,2013-04,2019-09,2027-03,2027-12,,2842.0,0.0,2324.01,35.0,2026-08,FlashReport_August_2026.pdf,84,"{""approval"": ""04/2013"", ""start"": ""(09/2019)"", ""actual"": null, ""original"": ""03/2027"", ""revised"": ""(12/2027)""}","{""original"": ""2,842.00"", ""revised"": ""0.00"", ""expenditure"": ""2,324.01""}"
705492,Kadur-Chickmagalur-Sakleshpur 93 km,,CAOC/SWR SWR mor,,Karnataka,2014-01,2023-02,2025-06,2025-12,,825.0,0.0,801.77,83.0,2026-08,FlashReport_August_2026.pdf,84,"{""approval"": ""01/2014"", ""start"": ""(02/2023)"", ""actual"": null, ""original"": ""06/2025"", ""revised"": ""(12/2025)""}","{""original"": ""825.00"", ""revised"": ""0.00"", ""expenditure"": ""801.77""}"
705493,Hubli-Ankola 167 km,,CAOC/SWR SWR mor,,Karnataka,1999-01,2022-05,2005-03,2030-03,,5174.0,0.0,186.31,10.0,2026-08,FlashReport_August_2026.pdf,85,"{""approval"": ""01/1999"", ""start"": ""(05/2022)"", ""actual"": null, ""original"": ""03/2005"", ""revised"": ""(03/2030)""}","{""original"": ""5,174.00"", ""revised"": ""0.00"", ""expenditure"": ""186.31""}"
705495,Bagalkot-Kudachi 142 km,,CAOC/SWR SWR mor,,Karnataka,2010-02,2021-01,2027-03,2027-01,,1378.0,0.0,808.19,35.0,2026-08,FlashReport_August_2026.pdf,85,"{""approval"": ""02/2010"", ""start"": ""(01/2021)"", ""actual"": null, ""original"": ""03/2027"", ""revised"": ""(01/2027)""}","{""original"": ""1,378.00"", ""revised"": ""0.00"", ""expenditure"": ""808.19""}"
705663,Bangalore-Whitefield-Bangalore City-Krishnarajapuram 23.08 km - Quadrupling,,CPM/GS/SBC SWR mor,,Karnataka,2018-03,2020-02,2026-02,2026-02,,493.0,0.0,459.94,70.0,2026-08,FlashReport_August_2026.pdf,85,"{""approval"": ""03/2018"", ""start"": ""(02/2020)"", ""actual"": null, ""original"": ""02/2026"", ""revised"": ""(02/2026)""}","{""original"": ""493.00"", ""revised"": ""0.00"", ""expenditure"": ""459.94""}"
705761,Shimoga-Shikaripura-Ranebennur 103 km umbrella work PB23/2018-19/NR,,CAOC/SWR SWR mor,,Karnataka,2019-09,2023-02,2027-12,2028-06,,1454.0,0.0,107.72,14.0,2026-08,FlashReport_August_2026.pdf,85,"{""approval"": ""09/2019"", ""start"": ""(02/2023)"", ""actual"": null, ""original"": ""12/2027"", ""revised"": ""(06/2028)""}","{""original"": ""1,454.00"", ""revised"": ""0.00"", ""expenditure"": ""107.72""}"
705638,Kumbalam-Turavur - Patch doubling 15.59 km,,CAO/CN/ERS SR mor,,Kerala,2023-04,2024-02,2027-03,2027-03,,813.0,0.0,404.17,30.0,2026-08,FlashReport_August_2026.pdf,85,"{""approval"": ""04/2023"", ""start"": ""(02/2024)"", ""actual"": null, ""original"": ""03/2027"", ""revised"": ""(03/2027)""}","{""original"": ""813.00"", ""revised"": ""0.00"", ""expenditure"": ""404.17""}"
705639,Ernakulam-Kumbalam - Patch doubling 7.71 km,,CAO/CN/ERS SR mor,,Kerala,2023-04,2024-02,2028-03,2027-02,,601.0,0.0,313.99,25.0,2026-08,FlashReport_August_2026.pdf,85,"{""approval"": ""04/2023"", ""start"": ""(02/2024)"", ""actual"": null, ""original"": ""03/2028"", ""revised"": ""(02/2027)""}","{""original"": ""601.00"", ""revised"": ""0.00"", ""expenditure"": ""313.99""}"
705419,Gwalior-Sheorpurkalan with extension to Kota 284 km,,CAO/C/NCR NCR mor,,Madhya Pradesh,2010-02,2020-09,2025-03,2026-02,,2913.0,0.0,3112.88,91.0,2026-08,FlashReport_August_2026.pdf,85,"{""approval"": ""02/2010"", ""start"": ""(09/2020)"", ""actual"": null, ""original"": ""03/2025"", ""revised"": ""(02/2026)""}","{""original"": ""2,913.00"", ""revised"": ""0.00"", ""expenditure"": ""3,112.88""}"
705659,Satna - Rewa 50 km,,CE/C-4/WCR WCR mor,,Madhya Pradesh,2015-11,2019-09,2026-03,2026-03,,500.0,0.0,620.14,88.0,2026-08,FlashReport_August_2026.pdf,85,"{""approval"": ""11/2015"", ""start"": ""(09/2019)"", ""actual"": null, ""original"": ""03/2026"", ""revised"": ""(03/2026)""}","{""original"": ""500.00"", ""revised"": ""0.00"", ""expenditure"": ""620.14""}"
705661,Katni - Grade separator / bypass 21.50 km,,GM IRCON KATNI WCR mor,,Madhya Pradesh,2016-08,2019-11,2024-09,2026-09,,1248.0,0.0,1839.46,84.0,2026-08,FlashReport_August_2026.pdf,85,"{""approval"": ""08/2016"", ""start"": ""(11/2019)"", ""actual"": null, ""original"": ""09/2024"", ""revised"": ""(09/2026)""}","{""original"": ""1,248.00"", ""revised"": ""0.00"", ""expenditure"": ""1,839.46""}"
705933,Nimach-Ratlam 133 km,,CAOCWR WR mor,,Madhya Pradesh,2021-10,2022-01,2027-10,2027-10,,1095.88,0.0,1496.21,100.0,2026-08,FlashReport_August_2026.pdf,85,"{""approval"": ""10/2021"", ""start"": ""(01/2022)"", ""actual"": null, ""original"": ""10/2027"", ""revised"": ""(10/2027)""}","{""original"": ""1,095.88"", ""revised"": ""0.00"", ""expenditure"": ""1,496.21""}"
611751,Aurangabad-Ankai 98.25 km,,CAOCON/SCR SCR mor,,Maharashtra,2023-05,2025-04,2025-12,,,960.64,0.0,401.33,0.0,2026-08,FlashReport_August_2026.pdf,85,"{""approval"": ""05/2023"", ""start"": ""(04/2025)"", ""actual"": null, ""original"": ""12/2025"", ""revised"": ""(-)""}","{""original"": ""960.64"", ""revised"": ""0.00"", ""expenditure"": ""401.33""}"
612845,Pachora-Jamner with extension upto Malkapur-Narrow gauge to broad gauge 84 km,,CAOC/CR CR mor,,Maharashtra,2022-08,2020-01,2027-08,,,955.39,0.0,308.07,10.0,2026-08,FlashReport_August_2026.pdf,85,"{""approval"": ""08/2022"", ""start"": ""(01/2020)"", ""actual"": null, ""original"": ""08/2027"", ""revised"": ""(-)""}","{""original"": ""955.39"", ""revised"": ""0.00"", ""expenditure"": ""308.07""}"
617215,Doubling between Parbhani-Parli Vaijnath stations 64.71 km PB34/CR/2023-24,,CAOCON/SCR SCR mor,,Maharashtra,2023-12,2024-11,2028-03,,,769.93,0.0,178.5,1.0,2026-08,FlashReport_August_2026.pdf,85,"{""approval"": ""12/2023"", ""start"": ""(11/2024)"", ""actual"": null, ""original"": ""03/2028"", ""revised"": ""(-)""}","{""original"": ""769.93"", ""revised"": ""0.00"", ""expenditure"": ""178.50""}"
617364,Central Railway - Double chord line between Nilaje and Kopar 4.495 km PB34/CR/2023-24,,CAOC/CR CR mor,,Maharashtra,2023-07,2025-01,2028-07,,,338.33,0.0,58.47,15.0,2026-08,FlashReport_August_2026.pdf,85,"{""approval"": ""07/2023"", ""start"": ""(01/2025)"", ""actual"": null, ""original"": ""07/2028"", ""revised"": ""(-)""}","{""original"": ""338.33"", ""revised"": ""0.00"", ""expenditure"": ""58.47""}"
705356,Ahmednagar - Beed - Parli - Vaijnath New Broad Gauge Line Railway Project [261.3 km],,CAOC/CR CR mor,,Maharashtra,1997-02,2022-08,2026-12,2026-03,,2538.67,0.0,5084.82,93.0,2026-08,FlashReport_August_2026.pdf,85,"{""approval"": ""02/1997"", ""start"": ""(08/2022)"", ""actual"": null, ""original"": ""12/2026"", ""revised"": ""(03/2026)""}","{""original"": ""2,538.67"", ""revised"": ""0.00"", ""expenditure"": ""5,084.82""}"
705357,Baramati - Lonand 54 km,,CAOC/CR CR mor,,Maharashtra,1999-02,2023-04,2027-03,2027-03,,138.48,0.0,1160.74,60.0,2026-08,FlashReport_August_2026.pdf,85,"{""approval"": ""02/1999"", ""start"": ""(04/2023)"", ""actual"": null, ""original"": ""03/2027"", ""revised"": ""(03/2027)""}","{""original"": ""138.48"", ""revised"": ""0.00"", ""expenditure"": ""1,160.74""}"
705479,Wadsa-Gadchiroli 49.5 km,,CAOC/SECR SECR mor,,Maharashtra,2017-05,2023-08,2027-03,2027-03,,1886.0,0.0,1015.46,69.0,2026-08,FlashReport_August_2026.pdf,85,"{""approval"": ""05/2017"", ""start"": ""(08/2023)"", ""actual"": null, ""original"": ""03/2027"", ""revised"": ""(03/2027)""}","{""original"": ""1,886.00"", ""revised"": ""0.00"", ""expenditure"": ""1,015.46""}"
705498,Kalyan-Kasara - 3rd line 67.62 km,,CAOC/CR CR mor,,Maharashtra,2015-09,2023-04,2026-12,2026-12,,792.89,0.0,1165.98,73.0,2026-08,FlashReport_August_2026.pdf,85,"{""approval"": ""09/2015"", ""start"": ""(04/2023)"", ""actual"": null, ""original"": ""12/2026"", ""revised"": ""(12/2026)""}","{""original"": ""792.89"", ""revised"": ""0.00"", ""expenditure"": ""1,165.98""}"
705500,Wardha Sevagram-Nagpur - 3rd line 76.3 km,,CAOC/CR CR mor,,Maharashtra,2015-09,2020-07,2025-12,2026-10,,540.02,0.0,841.24,93.0,2026-08,FlashReport_August_2026.pdf,85,"{""approval"": ""09/2015"", ""start"": ""(07/2020)"", ""actual"": null, ""original"": ""12/2025"", ""revised"": ""(10/2026)""}","{""original"": ""540.02"", ""revised"": ""0.00"", ""expenditure"": ""841.24""}"
705502,Wardha-Balharshah - 3rd line 132 km,,CAOC/CR CR mor,,Maharashtra,2016-03,2019-09,2025-12,2026-02,,1384.72,0.0,1911.26,86.0,2026-08,FlashReport_August_2026.pdf,85,"{""approval"": ""03/2016"", ""start"": ""(09/2019)"", ""actual"": null, ""original"": ""12/2025"", ""revised"": ""(02/2026)""}","{""original"": ""1,384.72"", ""revised"": ""0.00"", ""expenditure"": ""1,911.26""}"
705504,Daund - Manmad 247.50 km,,CAOC/CR CR mor,,Maharashtra,2017-10,2022-09,2025-12,2026-03,,2081.27,0.0,3270.66,95.0,2026-08,FlashReport_August_2026.pdf,85,"{""approval"": ""10/2017"", ""start"": ""(09/2022)"", ""actual"": null, ""original"": ""12/2025"", ""revised"": ""(03/2026)""}","{""original"": ""2,081.27"", ""revised"": ""0.00"", ""expenditure"": ""3,270.66""}"
705505,Wardha-Nagpur - 4th line 78.70 km,,CAOC/CR CR mor,,Maharashtra,2017-04,2021-08,2025-12,2026-10,,637.95,0.0,1094.89,93.0,2026-08,FlashReport_August_2026.pdf,85,"{""approval"": ""04/2017"", ""start"": ""(08/2021)"", ""actual"": null, ""original"": ""12/2025"", ""revised"": ""(10/2026)""}","{""original"": ""637.95"", ""revised"": ""0.00"", ""expenditure"": ""1,094.89""}"
705735,Solapur-Osmanabad - New line via Tuljapur 84.44 km umbrella work PB23/2018- 19/NR,,CAOC/CR CR mor,,Maharashtra,2019-01,2024-01,2027-03,2028-03,,904.92,0.0,1232.63,38.0,2026-08,FlashReport_August_2026.pdf,86,"{""approval"": ""01/2019"", ""start"": ""(01/2024)"", ""actual"": null, ""original"": ""03/2027"", ""revised"": ""(03/2028)""}","{""original"": ""904.92"", ""revised"": ""0.00"", ""expenditure"": ""1,232.63""}"
705391,Jiribam-Imphal 110 km,,CAO/C-III/NFR NFR mor,,Manipur,2003-10,2019-08,2026-12,2029-06,,14323.0,0.0,16931.5,78.0,2026-08,FlashReport_August_2026.pdf,86,"{""approval"": ""10/2003"", ""start"": ""(08/2019)"", ""actual"": null, ""original"": ""12/2026"", ""revised"": ""(06/2029)""}","{""original"": ""14,323.00"", ""revised"": ""0.00"", ""expenditure"": ""16,931.50""}"
616699,"Multi tracking of Son Nagar-Andal 374.53 rkm & 814.38 tkm PB34/ECOR/2023-24 (Bihar,",,CAO/Con/South/MHX ECR mor,,"Jharkhand, Uttar Pradesh,",2023-08,2024-03,2028-03,,,12333.57,0.0,1350.85,3.0,2026-08,FlashReport_August_2026.pdf,86,"{""approval"": ""08/2023"", ""start"": ""(03/2024)"", ""actual"": null, ""original"": ""03/2028"", ""revised"": ""(-)""}","{""original"": ""12,333.57"", ""revised"": ""0.00"", ""expenditure"": ""1,350.85""}"
705667,Mathura-Jhansi - 3rd line 273.80 km (Madhya,,CMD / RVNL RVNL mor,,"Pradesh, Rajasthan, Uttar",2016-09,2021-09,2023-12,2026-12,,5961.0,0.0,5725.22,94.0,2026-08,FlashReport_August_2026.pdf,87,"{""approval"": ""09/2016"", ""start"": ""(09/2021)"", ""actual"": null, ""original"": ""12/2023"", ""revised"": ""(12/2026)""}","{""original"": ""5,961.00"", ""revised"": ""0.00"", ""expenditure"": ""5,725.22""}"
400232,Brundamal - Jharsuguda - Fly-over connection for joining down line 6.6 km,,CAO/C/ECOR ECoR mor,,Odisha,2014-01,2024-02,2026-12,2026-12,,297.0,0.0,49.63,55.0,2026-08,FlashReport_August_2026.pdf,88,"{""approval"": ""01/2014"", ""start"": ""(02/2024)"", ""actual"": null, ""original"": ""12/2026"", ""revised"": ""(12/2026)""}","{""original"": ""297.00"", ""revised"": ""0.00"", ""expenditure"": ""49.63""}"
612834,3rd & 4th line between Sarla - Sason 8 km PB73/2023-24/NR,,CAO/C/ECOR ECoR mor,,Odisha,2023-04,2023-12,2025-12,,,252.0,0.0,188.33,88.0,2026-08,FlashReport_August_2026.pdf,88,"{""approval"": ""04/2023"", ""start"": ""(12/2023)"", ""actual"": null, ""original"": ""12/2025"", ""revised"": ""(-)""}","{""original"": ""252.00"", ""revised"": ""0.00"", ""expenditure"": ""188.33""}"
615915,Rourkela-Bondamunda A-Cabin 5th line 10 km Umbrella work PB57/2019-20/NR,,CAO/C/SER SER mor,,Odisha,2022-09,2023-12,2024-09,2026-11,,244.99,0.0,162.31,50.0,2026-08,FlashReport_August_2026.pdf,88,"{""approval"": ""09/2022"", ""start"": ""(12/2023)"", ""actual"": null, ""original"": ""09/2024"", ""revised"": ""(11/2026)""}","{""original"": ""244.99"", ""revised"": ""0.00"", ""expenditure"": ""162.31""}"
616694,Flyover between Siju & Paradeep coaching yard 7 km PB73/2023-24/NR,,CAO/C/ECOR ECoR mor,,Odisha,2023-04,2025-05,2028-07,,,200.77,0.0,55.95,1.0,2026-08,FlashReport_August_2026.pdf,88,"{""approval"": ""04/2023"", ""start"": ""(05/2025)"", ""actual"": null, ""original"": ""07/2028"", ""revised"": ""(-)""}","{""original"": ""200.77"", ""revised"": ""0.00"", ""expenditure"": ""55.95""}"
616695,Construction of Paradeep- Badabandha 3rd & 4th line 18.51 km PB34/ECOR/2023-24,,CAO/C/ECOR ECoR mor,,Odisha,2023-08,2025-03,2028-11,,,300.15,0.0,21.63,10.0,2026-08,FlashReport_August_2026.pdf,88,"{""approval"": ""08/2023"", ""start"": ""(03/2025)"", ""actual"": null, ""original"": ""11/2028"", ""revised"": ""(-)""}","{""original"": ""300.15"", ""revised"": ""0.00"", ""expenditure"": ""21.63""}"
616839,Gunupur - Therubali new line 73.62 km,,CAO/C/ECOR ECoR mor,,Odisha,2024-08,2025-03,2029-12,,,1165.89,0.0,2.55,0.0,2026-08,FlashReport_August_2026.pdf,88,"{""approval"": ""08/2024"", ""start"": ""(03/2025)"", ""actual"": null, ""original"": ""12/2029"", ""revised"": ""(-)""}","{""original"": ""1,165.89"", ""revised"": ""0.00"", ""expenditure"": ""2.55""}"
705358,Khurda Road-Bolangir 301 km,,CAO/C/ECOR ECoR mor,,Odisha,1994-03,2019-09,2026-12,2026-12,,3792.0,0.0,4864.86,93.0,2026-08,FlashReport_August_2026.pdf,88,"{""approval"": ""03/1994"", ""start"": ""(09/2019)"", ""actual"": null, ""original"": ""12/2026"", ""revised"": ""(12/2026)""}","{""original"": ""3,792.00"", ""revised"": ""0.00"", ""expenditure"": ""4,864.86""}"
705359,Talcher-Bimlagarh 154 km,,CAO/C/ECOR ECoR mor,,Odisha,2004-03,2019-09,2025-03,2029-03,,1928.0,0.0,2194.73,56.0,2026-08,FlashReport_August_2026.pdf,88,"{""approval"": ""03/2004"", ""start"": ""(09/2019)"", ""actual"": null, ""original"": ""03/2025"", ""revised"": ""(03/2029)""}","{""original"": ""1,928.00"", ""revised"": ""0.00"", ""expenditure"": ""2,194.73""}"
705510,Bhadrak-Nergundi - 3rd line 80 km,,CAO/C/ECOR ECoR mor,,Odisha,2012-03,2019-11,2024-11,2026-01,,1284.0,0.0,1404.45,85.0,2026-08,FlashReport_August_2026.pdf,88,"{""approval"": ""03/2012"", ""start"": ""(11/2019)"", ""actual"": null, ""original"": ""11/2024"", ""revised"": ""(01/2026)""}","{""original"": ""1,284.00"", ""revised"": ""0.00"", ""expenditure"": ""1,404.45""}"
705513,Koraput-Singapur Road 164.56 km,,CAO/C/ECOR ECoR mor,,Odisha,2015-12,2019-11,2027-12,2028-03,,2362.0,0.0,2124.38,56.0,2026-08,FlashReport_August_2026.pdf,88,"{""approval"": ""12/2015"", ""start"": ""(11/2019)"", ""actual"": null, ""original"": ""12/2027"", ""revised"": ""(03/2028)""}","{""original"": ""2,362.00"", ""revised"": ""0.00"", ""expenditure"": ""2,124.38""}"
705515,Budhapank-Salegaon via Rajatgarh - 3rd & 4th line 85 85 km,,CAO/C/ECOR ECoR mor,,Odisha,2015-12,2019-10,2026-03,2026-03,,1173.0,0.0,2226.1,86.0,2026-08,FlashReport_August_2026.pdf,88,"{""approval"": ""12/2015"", ""start"": ""(10/2019)"", ""actual"": null, ""original"": ""03/2026"", ""revised"": ""(03/2026)""}","{""original"": ""1,173.00"", ""revised"": ""0.00"", ""expenditure"": ""2,226.10""}"
705741,Jeypore - Navarangpur 38 km,,CAO/C/ECOR ECoR mor,,Odisha,2017-07,2020-10,2028-07,2029-12,,748.0,0.0,16.28,1.0,2026-08,FlashReport_August_2026.pdf,88,"{""approval"": ""07/2017"", ""start"": ""(10/2020)"", ""actual"": null, ""original"": ""07/2028"", ""revised"": ""(12/2029)""}","{""original"": ""748.00"", ""revised"": ""0.00"", ""expenditure"": ""16.28""}"
705742,Jeypore - Malkangiri 130 km,,CAO/C/ECOR ECoR mor,,Odisha,2018-02,2020-10,2033-07,2033-07,,2344.0,0.0,738.6,6.0,2026-08,FlashReport_August_2026.pdf,88,"{""approval"": ""02/2018"", ""start"": ""(10/2020)"", ""actual"": null, ""original"": ""07/2033"", ""revised"": ""(07/2033)""}","{""original"": ""2,344.00"", ""revised"": ""0.00"", ""expenditure"": ""738.60""}"
705783,Ludhiana-Kila Raipur 19 km with freight line at Gill station,,CAOC/NR NR mor,,Punjab,2019-03,2022-03,2025-03,2027-02,,237.64,0.0,109.63,70.0,2026-08,FlashReport_August_2026.pdf,88,"{""approval"": ""03/2019"", ""start"": ""(03/2022)"", ""actual"": null, ""original"": ""03/2025"", ""revised"": ""(02/2027)""}","{""original"": ""237.64"", ""revised"": ""0.00"", ""expenditure"": ""109.63""}"
611855,Nathdwara Mavli - Devgarh Madariya 82.542 km,,CAOC/NWR NWR mor,,Rajasthan,2023-01,2023-07,2028-06,,,968.92,0.0,830.89,75.0,2026-08,FlashReport_August_2026.pdf,88,"{""approval"": ""01/2023"", ""start"": ""(07/2023)"", ""actual"": null, ""original"": ""06/2028"", ""revised"": ""(-)""}","{""original"": ""968.92"", ""revised"": ""0.00"", ""expenditure"": ""830.89""}"
616841,Pushkar - Merta Katyasani 51.346 km,,CAOC/NWR NWR mor,,Rajasthan,2024-02,2023-02,2026-12,2028-12,,799.64,0.0,242.08,7.0,2026-08,FlashReport_August_2026.pdf,88,"{""approval"": ""02/2024"", ""start"": ""(02/2023)"", ""actual"": null, ""original"": ""12/2026"", ""revised"": ""(12/2028)""}","{""original"": ""799.64"", ""revised"": ""0.00"", ""expenditure"": ""242.08""}"
616843,Ajmer-Chanderiya section 178.28 km Umbrella work PB57/2019-20/NR,,CAOC/NWR NWR mor,,Rajasthan,2024-02,2020-09,2027-06,2028-03,,1634.79,0.0,560.17,23.0,2026-08,FlashReport_August_2026.pdf,88,"{""approval"": ""02/2024"", ""start"": ""(09/2020)"", ""actual"": null, ""original"": ""06/2027"", ""revised"": ""(03/2028)""}","{""original"": ""1,634.79"", ""revised"": ""0.00"", ""expenditure"": ""560.17""}"
617404,North Western Railway - New line between Ramdevra and Pokhran via Bhairav Gufa - Kailash Tekri 13.38 Km PB30/NR/2025-26,,CAOC/NWR NWR mor,,Rajasthan,2025-04,2026-03,2028-03,,,189.21,0.0,57.4,3.0,2026-08,FlashReport_August_2026.pdf,88,"{""approval"": ""04/2025"", ""start"": ""(03/2026)"", ""actual"": null, ""original"": ""03/2028"", ""revised"": ""(-)""}","{""original"": ""189.21"", ""revised"": ""0.00"", ""expenditure"": ""57.40""}"
705752,Gudha-Thathana Mithri - Construction of dedicated test track for testing and trial of rolling stocks and infrastructure components umbrella work PB23/2018-19/NR,,CAOC/NWR NWR mor,,Rajasthan,2019-04,2020-09,2026-11,2026-11,,819.48,0.0,326.2,95.0,2026-08,FlashReport_August_2026.pdf,88,"{""approval"": ""04/2019"", ""start"": ""(09/2020)"", ""actual"": null, ""original"": ""11/2026"", ""revised"": ""(11/2026)""}","{""original"": ""819.48"", ""revised"": ""0.00"", ""expenditure"": ""326.20""}"
706836,Dedicatedtest track for RDSO Phase-2 34 km Umbrella work PB22/2019-20/NR,,CAOC/NWR NWR mor,,Rajasthan,2021-11,2022-10,2026-11,,,466.42,0.0,586.33,98.0,2026-08,FlashReport_August_2026.pdf,88,"{""approval"": ""11/2021"", ""start"": ""(10/2022)"", ""actual"": null, ""original"": ""11/2026"", ""revised"": ""(-)""}","{""original"": ""466.42"", ""revised"": ""0.00"", ""expenditure"": ""586.33""}"
706866,Sawaimadhopur - Bypass line 6.98 km Umbrella work PB57/2019-20/NR,,CAOC/NWR NWR mor,,Rajasthan,2022-12,2023-12,2026-03,2027-05,,304.0,0.0,188.07,72.0,2026-08,FlashReport_August_2026.pdf,89,"{""approval"": ""12/2022"", ""start"": ""(12/2023)"", ""actual"": null, ""original"": ""03/2026"", ""revised"": ""(05/2027)""}","{""original"": ""304.00"", ""revised"": ""0.00"", ""expenditure"": ""188.07""}"
705489,Madurai-Tuticorin via Aruppukkottai 143.5 km,,CAOC/SR SR mor,,Tamil Nadu,2011-04,2019-08,2021-07,2031-01,,601.43,0.0,351.21,14.0,2026-08,FlashReport_August_2026.pdf,89,"{""approval"": ""04/2011"", ""start"": ""(08/2019)"", ""actual"": null, ""original"": ""07/2021"", ""revised"": ""(01/2031)""}","{""original"": ""601.43"", ""revised"": ""0.00"", ""expenditure"": ""351.21""}"
400204,"Bahraich - Khalilabad via Bhinga, Shravasti, Balrampur, Utraula, Domriyaganj, Mehdawal, Bansi 240.26 km",,CAOC/NER NER mor,,Uttar Pradesh,2018-10,2021-08,2030-10,2030-10,,4939.78,0.0,1767.82,16.0,2026-08,FlashReport_August_2026.pdf,89,"{""approval"": ""10/2018"", ""start"": ""(08/2021)"", ""actual"": null, ""original"": ""10/2030"", ""revised"": ""(10/2030)""}","{""original"": ""4,939.78"", ""revised"": ""0.00"", ""expenditure"": ""1,767.82""}"
400205,Sahjanwa - Dohrighat 81.17 km,,CAOC/NER NER mor,,Uttar Pradesh,2019-08,2022-06,2029-03,2029-03,,1319.75,0.0,749.57,1.0,2026-08,FlashReport_August_2026.pdf,89,"{""approval"": ""08/2019"", ""start"": ""(06/2022)"", ""actual"": null, ""original"": ""03/2029"", ""revised"": ""(03/2029)""}","{""original"": ""1,319.75"", ""revised"": ""0.00"", ""expenditure"": ""749.57""}"
617213,"Varanasi- Pt. Deen Dayal Upadhyaya - Multitracking 15 km, including construction of a new Rail- cum- Road Bridge across Ganga River",,CAO/C-II/NR NR mor,,Uttar Pradesh,2024-10,2025-07,2029-10,,,2464.46,0.0,119.36,7.0,2026-08,FlashReport_August_2026.pdf,89,"{""approval"": ""10/2024"", ""start"": ""(07/2025)"", ""actual"": null, ""original"": ""10/2029"", ""revised"": ""(-)""}","{""original"": ""2,464.46"", ""revised"": ""0.00"", ""expenditure"": ""119.36""}"
617252,Anand Nagar - Ghughuli via Maharajganj 53.37 km,,CONSTRUCTION / NE-RAILWAY,,Uttar Pradesh,2023-08,2023-10,2028-03,,,958.27,0.0,894.1,14.0,2026-08,FlashReport_August_2026.pdf,89,"{""approval"": ""08/2023"", ""start"": ""(10/2023)"", ""actual"": null, ""original"": ""03/2028"", ""revised"": ""(-)""}","{""original"": ""958.27"", ""revised"": ""0.00"", ""expenditure"": ""894.10""}"
617370,Doubling between Jaunpur Jn - Zaffarabad 6.28 km PB73/2023-24/NR,,CAOC/NR NR mor,,Uttar Pradesh,2023-03,2025-01,2027-01,,,180.66,0.0,79.74,22.0,2026-08,FlashReport_August_2026.pdf,89,"{""approval"": ""03/2023"", ""start"": ""(01/2025)"", ""actual"": null, ""original"": ""01/2027"", ""revised"": ""(-)""}","{""original"": ""180.66"", ""revised"": ""0.00"", ""expenditure"": ""79.74""}"
705567,Burhwal - Gonda - 3rd line 61.72 km,,CAOC/NER NER mor,,Uttar Pradesh,2017-11,2019-09,2025-03,2026-05,,1016.0,0.0,795.57,100.0,2026-08,FlashReport_August_2026.pdf,89,"{""approval"": ""11/2017"", ""start"": ""(09/2019)"", ""actual"": null, ""original"": ""03/2025"", ""revised"": ""(05/2026)""}","{""original"": ""1,016.00"", ""revised"": ""0.00"", ""expenditure"": ""795.57""}"
705588,Janghai - Pratapgarh - Amethi 87 km,,CAO/C-II/NR NR mor,,Uttar Pradesh,2017-11,2019-11,2025-03,2026-03,,722.0,0.0,1231.85,80.0,2026-08,FlashReport_August_2026.pdf,89,"{""approval"": ""11/2017"", ""start"": ""(11/2019)"", ""actual"": null, ""original"": ""03/2025"", ""revised"": ""(03/2026)""}","{""original"": ""722.00"", ""revised"": ""0.00"", ""expenditure"": ""1,231.85""}"
705766,Lalitpur - Birari with flyover at Lalitpur 15.80 km,,CAO/C/NCR NCR mor,,Uttar Pradesh,2017-03,2023-01,2024-12,2026-01,,304.44,0.0,287.94,85.0,2026-08,FlashReport_August_2026.pdf,89,"{""approval"": ""03/2017"", ""start"": ""(01/2023)"", ""actual"": null, ""original"": ""12/2024"", ""revised"": ""(01/2026)""}","{""original"": ""304.44"", ""revised"": ""0.00"", ""expenditure"": ""287.94""}"
705772,Mughalsarai - Allahabad - 3rd line 150 km,,CAO/C/NCR NCR mor,,Uttar Pradesh,2019-08,2020-12,2026-12,2027-03,,2649.0,0.0,2069.77,78.0,2026-08,FlashReport_August_2026.pdf,89,"{""approval"": ""08/2019"", ""start"": ""(12/2020)"", ""actual"": null, ""original"": ""12/2026"", ""revised"": ""(03/2027)""}","{""original"": ""2,649.00"", ""revised"": ""0.00"", ""expenditure"": ""2,069.77""}"
705777,Bhandai - Flyover for Etawah bound down trains 10 km,,CAO/C/NCR NCR mor,,Uttar Pradesh,2019-04,2024-10,2026-02,2027-02,,250.18,0.0,147.35,11.0,2026-08,FlashReport_August_2026.pdf,89,"{""approval"": ""04/2019"", ""start"": ""(10/2024)"", ""actual"": null, ""original"": ""02/2026"", ""revised"": ""(02/2027)""}","{""original"": ""250.18"", ""revised"": ""0.00"", ""expenditure"": ""147.35""}"
705780,Bhatni - Aunrihar with electrification 125 km excl Indara - Mau 116.95 km,,CMD / RVNL RVNL mor,,Uttar Pradesh,2018-03,2019-07,2024-03,2026-06,,2529.0,0.0,2296.77,94.0,2026-08,FlashReport_August_2026.pdf,89,"{""approval"": ""03/2018"", ""start"": ""(07/2019)"", ""actual"": null, ""original"": ""03/2024"", ""revised"": ""(06/2026)""}","{""original"": ""2,529.00"", ""revised"": ""0.00"", ""expenditure"": ""2,296.77""}"
705782,Barabanki-Malhaur - 3rd & 4th Line 32.84 km,,CAO/C-II/NR NR mor,,Uttar Pradesh,2019-01,2020-11,2025-03,2026-08,,407.0,0.0,444.86,77.0,2026-08,FlashReport_August_2026.pdf,89,"{""approval"": ""01/2019"", ""start"": ""(11/2020)"", ""actual"": null, ""original"": ""03/2025"", ""revised"": ""(08/2026)""}","{""original"": ""407.00"", ""revised"": ""0.00"", ""expenditure"": ""444.86""}"
400247,"Kalinarayanpur-Krishnanagar with Krishnanagar-Shantipur-Nabadwipghat - GC, Krishnanagar-Chartala, MM for Krishnanagar-Chapra-NL, Naihati-Ranaghat-3rd line, Nabadwipghat-Nabadwipdham upto BB loop 9.58 km, Ranaghat-Lalgola- strengthening bridge No.2",,CAOC/ER ER mor,,West Bengal,2015-07,2019-09,2027-02,2028-03,,1000.0,0.0,926.51,49.0,2026-08,FlashReport_August_2026.pdf,89,"{""approval"": ""07/2015"", ""start"": ""(09/2019)"", ""actual"": null, ""original"": ""02/2027"", ""revised"": ""(03/2028)""}","{""original"": ""1,000.00"", ""revised"": ""0.00"", ""expenditure"": ""926.51""}"
619184,"Rehabilitation and up-gradation and completion of balance works of the section from Km 107.760 km to 129.445 km After Middle strait to Humphrey, Km 130.600 to 138.300 After Humphrey to Kadamtala of NH-4 Intermediate/2-Lane with hard shoulder in the Union Territory of Andaman & Nicobar Islands on EPC basis Package- IIIA",,NHIDCL,,Andaman & Nicobar,2018-02,2024-03,2025-09,2026-12,,207.45,0.0,0.0,81.95,2026-08,FlashReport_August_2026.pdf,89,"{""approval"": ""02/2018"", ""start"": ""(03/2024)"", ""actual"": null, ""original"": ""09/2025"", ""revised"": ""(12/2026)""}","{""original"": ""207.45"", ""revised"": ""0.00"", ""expenditure"": ""0.00""}"
619185,Rehabilitation and up-gradation and completion of balance work of section from Km 155.00 to Km 181.00 End of Jarwa to Rangat of NH -4 Total length 26 Km to Intermediate Lane/2-lane with hard shoulders in the UT of A&N Islands on EPC basis - Package-III.B Balance work,,NHIDCL,,Andaman & Nicobar,2018-02,2024-05,2025-10,2027-03,,183.56,0.0,163.63,53.81,2026-08,FlashReport_August_2026.pdf,89,"{""approval"": ""02/2018"", ""start"": ""(05/2024)"", ""actual"": null, ""original"": ""10/2025"", ""revised"": ""(03/2027)""}","{""original"": ""183.56"", ""revised"": ""0.00"", ""expenditure"": ""163.63""}"
619186,Construction of Balance works of Major Bridge over Middle Strait Creek between Km.106.590 to km108.553 of NH-04 connecting South Andaman & Baratang Island in the Union Territory of Andaman & Nicobar Islands on EPC basis,,NHIDCL,,Andaman & Nicobar,2015-03,2024-05,2026-02,2026-12,,262.96,0.0,112.15,12.98,2026-08,FlashReport_August_2026.pdf,89,"{""approval"": ""03/2015"", ""start"": ""(05/2024)"", ""actual"": null, ""original"": ""02/2026"", ""revised"": ""(12/2026)""}","{""original"": ""262.96"", ""revised"": ""0.00"", ""expenditure"": ""112.15""}"
617984,"Gudivada Town 2 RoB, and Road improvement NH-165",,MoRTH,,Andhra Pradesh,2022-03,2023-05,2025-05,2027-03,,317.22,0.0,234.36,75.2,2026-08,FlashReport_August_2026.pdf,90,"{""approval"": ""03/2022"", ""start"": ""(05/2023)"", ""actual"": null, ""original"": ""05/2025"", ""revised"": ""(03/2027)""}","{""original"": ""317.22"", ""revised"": ""0.00"", ""expenditure"": ""234.36""}"
617985,Widening to two lane with paved shoulders from Km 0/0 to 64/020 Pamarru to Akiveedu,,MoRTH,,Andhra Pradesh,2020-03,2021-11,2023-11,2027-05,,529.54,0.0,441.1,74.41,2026-08,FlashReport_August_2026.pdf,90,"{""approval"": ""03/2020"", ""start"": ""(11/2021)"", ""actual"": null, ""original"": ""11/2023"", ""revised"": ""(05/2027)""}","{""original"": ""529.54"", ""revised"": ""0.00"", ""expenditure"": ""441.10""}"
617986,Kurnool/Kadapa Border-Jammalamadugu section of NH-167K i.e. Design Ch. Km 248010 to km 269900 to 2,,MoRTH,,Andhra Pradesh,2023-03,2024-12,2026-12,2026-12,,292.63,0.0,0.0,95.77,2026-08,FlashReport_August_2026.pdf,90,"{""approval"": ""03/2023"", ""start"": ""(12/2024)"", ""actual"": null, ""original"": ""12/2026"", ""revised"": ""(12/2026)""}","{""original"": ""292.63"", ""revised"": ""0.00"", ""expenditure"": ""0.00""}"
617987,Nandyala-Kurnool/Kadapa Border section of NH-167K i.e. Km 186/000 to Km 250/000Design Ch.186000 to 248010 to 2LPS,,MoRTH,,Andhra Pradesh,2024-10,2025-09,2027-09,2027-09,,691.81,0.0,256.39,49.71,2026-08,FlashReport_August_2026.pdf,90,"{""approval"": ""10/2024"", ""start"": ""(09/2025)"", ""actual"": null, ""original"": ""09/2027"", ""revised"": ""(09/2027)""}","{""original"": ""691.81"", ""revised"": ""0.00"", ""expenditure"": ""256.39""}"
617988,Sangameswaram - Atmakuru section from Km 96 to Km 124 & Velegodu- Nandyal section including Nandyal Bypass from Km 143/6 to 185/9 NH-167K,,MoRTH,,Andhra Pradesh,2024-10,2025-07,2027-07,2027-07,,776.17,0.0,350.3,49.44,2026-08,FlashReport_August_2026.pdf,90,"{""approval"": ""10/2024"", ""start"": ""(07/2025)"", ""actual"": null, ""original"": ""07/2027"", ""revised"": ""(07/2027)""}","{""original"": ""776.17"", ""revised"": ""0.00"", ""expenditure"": ""350.30""}"
617991,"Rehabilitation and up-gradation of NH-167 from Km 14/900 to Km70/000 Design Ch. 14/900 to 69/700 Chintakunta to Adoni section to two lane with paved shoulders in the State of Andhra Pradesh under Corridor Approach through Engineering, Procurement",,MoRTH,,Andhra Pradesh,2016-11,2017-05,2019-05,2026-12,,290.15,0.0,205.04,91.9,2026-08,FlashReport_August_2026.pdf,90,"{""approval"": ""11/2016"", ""start"": ""(05/2017)"", ""actual"": null, ""original"": ""05/2019"", ""revised"": ""(12/2026)""}","{""original"": ""290.15"", ""revised"": ""0.00"", ""expenditure"": ""205.04""}"
618013,4-laning of Puttaparthi-Koduru Section of NH-342,,MoRTH,,Andhra Pradesh,2022-10,2023-11,2025-11,2026-10,,1318.59,0.0,640.13,94.42,2026-08,FlashReport_August_2026.pdf,90,"{""approval"": ""10/2022"", ""start"": ""(11/2023)"", ""actual"": null, ""original"": ""11/2025"", ""revised"": ""(10/2026)""}","{""original"": ""1,318.59"", ""revised"": ""0.00"", ""expenditure"": ""640.13""}"
618037,Rehabilitation and Up-gradation of existin of road from 2-lane to 2-lane with paved shoulders from km. 0.00 to km 53.590 total length-53.590 km of Raychoti to Vempalli section of NH-440 in the State of Andhra Pradesh on EPC mode.,,MoRTH,,Andhra Pradesh,2021-12,2022-05,2024-05,2026-09,,439.82,0.0,213.12,90.2,2026-08,FlashReport_August_2026.pdf,90,"{""approval"": ""12/2021"", ""start"": ""(05/2022)"", ""actual"": null, ""original"": ""05/2024"", ""revised"": ""(09/2026)""}","{""original"": ""439.82"", ""revised"": ""0.00"", ""expenditure"": ""213.12""}"
618052,Gorantla - Hindupur section from Km 120/300 to 165/000 of NH716G in the State of Andhra Pradesh,,MoRTH,,Andhra Pradesh,2024-10,2025-08,2027-08,2027-08,,808.7,0.0,187.44,43.87,2026-08,FlashReport_August_2026.pdf,90,"{""approval"": ""10/2024"", ""start"": ""(08/2025)"", ""actual"": null, ""original"": ""08/2027"", ""revised"": ""(08/2027)""}","{""original"": ""808.70"", ""revised"": ""0.00"", ""expenditure"": ""187.44""}"
618053,Muddanur to B. Kothapalli section of NH-716G from Km. 0/000 to Km. 56/500 56.500 Km in the State of Andhra Pradesh on EPC mode Job no. 741,,MoRTH,,Andhra Pradesh,2024-10,2025-08,2027-08,2027-08,,1019.97,0.0,0.0,33.55,2026-08,FlashReport_August_2026.pdf,90,"{""approval"": ""10/2024"", ""start"": ""(08/2025)"", ""actual"": null, ""original"": ""08/2027"", ""revised"": ""(08/2027)""}","{""original"": ""1,019.97"", ""revised"": ""0.00"", ""expenditure"": ""0.00""}"
618101,Kondamodu to Perecherla Section Design Ch. Km 000 to Km 49917 of NH-167AG to to 4LPS,,MoRTH,,Andhra Pradesh,2024-10,2025-04,2027-04,2027-04,,881.61,0.0,430.77,57.76,2026-08,FlashReport_August_2026.pdf,90,"{""approval"": ""10/2024"", ""start"": ""(04/2025)"", ""actual"": null, ""original"": ""04/2027"", ""revised"": ""(04/2027)""}","{""original"": ""881.61"", ""revised"": ""0.00"", ""expenditure"": ""430.77""}"
618103,Rehabilitation and upgradation from Km 22300 to 58635 of MudireddyPalle to Kadapa/Nellore Border via porumamilla Section of NH 167 Two Lane with paved Shoulder in,,MoRTH,,Andhra Pradesh,2022-03,2024-10,2026-04,2026-07,,279.29,0.0,168.7,90.33,2026-08,FlashReport_August_2026.pdf,90,"{""approval"": ""03/2022"", ""start"": ""(10/2024)"", ""actual"": null, ""original"": ""04/2026"", ""revised"": ""(07/2026)""}","{""original"": ""279.29"", ""revised"": ""0.00"", ""expenditure"": ""168.70""}"
618125,Rehabilitation and upgradation of NH 326A from km 0/0 to 41/979 excluding km 2/255 to 3/372 and km 36/820 to 38/275 Odisha border to Narasamapeta to two lane with paved Shoulders in the State of Andhra Pradesh under NHO on EPC Mode,,MoRTH,,Andhra Pradesh,2018-03,2018-09,2020-03,2025-10,,228.32,0.0,183.07,100.0,2026-08,FlashReport_August_2026.pdf,90,"{""approval"": ""03/2018"", ""start"": ""(09/2018)"", ""actual"": null, ""original"": ""03/2020"", ""revised"": ""(10/2025)""}","{""original"": ""228.32"", ""revised"": ""0.00"", ""expenditure"": ""183.07""}"
618193,Widening of Existing Road to Two Lane with Paved Shoulder Configuration from Km 0.00 to 26.000 & Km 45.200 To 59.622 Of NH 365BB in the State of Andhra Pradesh Under Annual Plan 2023-24 through EPC Mode,,MoRTH,,Andhra Pradesh,2024-01,2025-04,2026-12,2027-03,,368.63,0.0,134.99,45.62,2026-08,FlashReport_August_2026.pdf,90,"{""approval"": ""01/2024"", ""start"": ""(04/2025)"", ""actual"": null, ""original"": ""12/2026"", ""revised"": ""(03/2027)""}","{""original"": ""368.63"", ""revised"": ""0.00"", ""expenditure"": ""134.99""}"
618194,Rehabilitation and upgradation of New NH 544DD from design Chainage Km. 56/000 to 102/20 of Kalyandrg - Molakalmuru Section,,MoRTH,,Andhra Pradesh,2018-03,2018-08,2020-02,2025-09,,294.13,0.0,257.77,98.52,2026-08,FlashReport_August_2026.pdf,90,"{""approval"": ""03/2018"", ""start"": ""(08/2018)"", ""actual"": null, ""original"": ""02/2020"", ""revised"": ""(09/2025)""}","{""original"": ""294.13"", ""revised"": ""0.00"", ""expenditure"": ""257.77""}"
618236,Rehabilitation and Up-gradation of Dhindi - Digamarru section from Km 126/510 to Km 135/740 of NH -214 New NH -216 and digamarru -Losari section from Km 0/000 tp Km 34/230 of NH-214 A New Nh-216 to two lane with paved shoulder in the state of AP-NH,,MoRTH,,Andhra Pradesh,2016-02,2016-05,2018-05,2023-11,,316.06,0.0,283.54,100.0,2026-08,FlashReport_August_2026.pdf,90,"{""approval"": ""02/2016"", ""start"": ""(05/2016)"", ""actual"": null, ""original"": ""05/2018"", ""revised"": ""(11/2023)""}","{""original"": ""316.06"", ""revised"": ""0.00"", ""expenditure"": ""283.54""}"
618238,Rehabilitation and Up-gradation of Thimmapuram to Gurajanapalli section from Km 26/150 to Km 41/161 of NH - 214 New NH - 216 to two lane with paved shoulder in the state of Andhra Pradesh under NHDP-IV,,MoRTH,,Andhra Pradesh,2016-08,2017-01,2018-07,2026-09,,350.61,0.0,481.3,98.2,2026-08,FlashReport_August_2026.pdf,90,"{""approval"": ""08/2016"", ""start"": ""(01/2017)"", ""actual"": null, ""original"": ""07/2018"", ""revised"": ""(09/2026)""}","{""original"": ""350.61"", ""revised"": ""0.00"", ""expenditure"": ""481.30""}"
618239,"Rehabilitation & Upgradation of NH214 New NH-216 from Km 34/230 to Km 84/550 Losari to Machavaram Section to two lane with paved shoulder in the state of Andhrapradesh under NHDP-IV through Engineering, Procurement& Construction EPC mode.",,MoRTH,,Andhra Pradesh,2016-03,2016-09,2018-09,2025-07,,445.22,0.0,431.25,98.6,2026-08,FlashReport_August_2026.pdf,91,"{""approval"": ""03/2016"", ""start"": ""(09/2016)"", ""actual"": null, ""original"": ""09/2018"", ""revised"": ""(07/2025)""}","{""original"": ""445.22"", ""revised"": ""0.00"", ""expenditure"": ""431.25""}"
618254,Construction of Paderu bypass Km 0000 to Km 13000 of 2- lane with paved shoulder on NH-516E,,MORTH,,Andhra Pradesh,2023-03,2025-01,2026-07,2026-12,,244.43,0.0,21.96,13.0,2026-08,FlashReport_August_2026.pdf,91,"{""approval"": ""03/2023"", ""start"": ""(01/2025)"", ""actual"": null, ""original"": ""07/2026"", ""revised"": ""(12/2026)""}","{""original"": ""244.43"", ""revised"": ""0.00"", ""expenditure"": ""21.96""}"
618255,Two laning with paved shoulders of Lambasingi to Paderusection of NH 516E,,MoRTH,,Andhra Pradesh,2020-04,2023-11,2025-11,2027-03,,361.24,0.0,180.54,57.99,2026-08,FlashReport_August_2026.pdf,91,"{""approval"": ""04/2020"", ""start"": ""(11/2023)"", ""actual"": null, ""original"": ""11/2025"", ""revised"": ""(03/2027)""}","{""original"": ""361.24"", ""revised"": ""0.00"", ""expenditure"": ""180.54""}"
618256,"Rehabilitation and Upgradation to 2-lane with paved should ders Sir, configuration of Chaprathipalem to Lambasingi section Km 165500 to Km 205000 of NH-516E in the State of Andhra Pradesh under Green National Highways Corridor Project GNHCP with the loan assistance of World Bank on EPC mode",,MoRTH,,Andhra Pradesh,2020-08,2022-10,2024-10,2026-09,,311.22,0.0,217.37,93.01,2026-08,FlashReport_August_2026.pdf,91,"{""approval"": ""08/2020"", ""start"": ""(10/2022)"", ""actual"": null, ""original"": ""10/2024"", ""revised"": ""(09/2026)""}","{""original"": ""311.22"", ""revised"": ""0.00"", ""expenditure"": ""217.37""}"
618257,Rehabilitation and Upgradation to 2-lane with paved shoulders configuration of Koyyuru to Chaprathipalem section Km 120000 to Km 165500 of NH-516E in the State of Andhra Pradesh under Green National Highways Corridor Project GNHCP with the loan assistance of World Bank on EPC mode,,MoRTH,,Andhra Pradesh,2020-08,2022-07,2024-07,2026-09,,349.29,0.0,267.62,98.09,2026-08,FlashReport_August_2026.pdf,91,"{""approval"": ""08/2020"", ""start"": ""(07/2022)"", ""actual"": null, ""original"": ""07/2024"", ""revised"": ""(09/2026)""}","{""original"": ""349.29"", ""revised"": ""0.00"", ""expenditure"": ""267.62""}"
618412,Construction of i Connecting Road from Z-Morh Tunnel to Zojila Tunnel Road Length 18.475km and ii 14.150 Km long 2-L Bi-directional single tube Zoji-la Tunnel across Zojila Pass on Sonamarg - Kargil section from Km 82 to Km 118 of NH-01 under PMDP,,NHIDCL,,Andhra Pradesh,2018-01,2020-10,2026-09,2028-02,,6808.69,0.0,3583.3,68.8,2026-08,FlashReport_August_2026.pdf,91,"{""approval"": ""01/2018"", ""start"": ""(10/2020)"", ""actual"": null, ""original"": ""09/2026"", ""revised"": ""(02/2028)""}","{""original"": ""6,808.69"", ""revised"": ""0.00"", ""expenditure"": ""3,583.30""}"
618475,Bangalore Chennai Expressway Phase-II Pkg-II from km.96.000 to Km 127.000 Baireddypalle to Bangarupalem section,,NHAI,,Andhra Pradesh,2021-02,2023-06,2025-06,2026-10,,2548.04,0.0,1332.88,94.24,2026-08,FlashReport_August_2026.pdf,91,"{""approval"": ""02/2021"", ""start"": ""(06/2023)"", ""actual"": null, ""original"": ""06/2025"", ""revised"": ""(10/2026)""}","{""original"": ""2,548.04"", ""revised"": ""0.00"", ""expenditure"": ""1,332.88""}"
618476,Bangalore Chennai Expressway Phase-II Pkg-III from km.127.000 to Km 156.000 Bangarupalem to Gudipala section,,NHAI,,Andhra Pradesh,2020-11,2022-10,2024-10,2026-09,,1407.33,0.0,868.76,99.46,2026-08,FlashReport_August_2026.pdf,91,"{""approval"": ""11/2020"", ""start"": ""(10/2022)"", ""actual"": null, ""original"": ""10/2024"", ""revised"": ""(09/2026)""}","{""original"": ""1,407.33"", ""revised"": ""0.00"", ""expenditure"": ""868.76""}"
618524,Construction of 6 lane elevated corridor including its approaches from Km. 629880 to Km. 634470 Design Chainage of NH-16 in Ranasthalam Town portion in the state of Andhra Pradesh on EPC Mode under NHO.,,NHAI,,Andhra Pradesh,2024-07,2025-03,2027-03,2027-08,,257.98,0.0,61.8,39.1,2026-08,FlashReport_August_2026.pdf,91,"{""approval"": ""07/2024"", ""start"": ""(03/2025)"", ""actual"": null, ""original"": ""03/2027"", ""revised"": ""(08/2027)""}","{""original"": ""257.98"", ""revised"": ""0.00"", ""expenditure"": ""61.80""}"
618525,Construction of flyover at Gammon Junction at Km.903.265 on NH16 including vent at Diwancheruvu junction at Km.902.308 Blackspot ID No.AP03299 in Andhra Pradesh on EPC mode under NHO,,NHAI,,Andhra Pradesh,2025-03,2025-10,2027-10,2027-10,,326.61,0.0,60.66,26.2,2026-08,FlashReport_August_2026.pdf,91,"{""approval"": ""03/2025"", ""start"": ""(10/2025)"", ""actual"": null, ""original"": ""10/2027"", ""revised"": ""(10/2027)""}","{""original"": ""326.61"", ""revised"": ""0.00"", ""expenditure"": ""60.66""}"
618579,6L of Anandapuram Pendurthi Anakapalli Section from km. 681.000 to km. 731.780 of NH-16,,NHAI,,Andhra Pradesh,2018-01,2019-01,2021-07,2026-10,,2527.0,0.0,2378.74,100.0,2026-08,FlashReport_August_2026.pdf,91,"{""approval"": ""01/2018"", ""start"": ""(01/2019)"", ""actual"": null, ""original"": ""07/2021"", ""revised"": ""(10/2026)""}","{""original"": ""2,527.00"", ""revised"": ""0.00"", ""expenditure"": ""2,378.74""}"
618629,Nandigama Bypass and Kanchikacherla bypass,,NHAI,,Andhra Pradesh,2017-11,2018-03,2019-06,2026-09,,416.07,0.0,387.77,98.47,2026-08,FlashReport_August_2026.pdf,91,"{""approval"": ""11/2017"", ""start"": ""(03/2018)"", ""actual"": null, ""original"": ""06/2019"", ""revised"": ""(09/2026)""}","{""original"": ""416.07"", ""revised"": ""0.00"", ""expenditure"": ""387.77""}"
618633,4L of Kadapa China Orampadu section of NH-716 Package I of Kadapa-Renigunta section,,NHAI,,Andhra Pradesh,2022-12,2026-03,2028-03,2028-03,,1732.66,0.0,163.41,5.01,2026-08,FlashReport_August_2026.pdf,91,"{""approval"": ""12/2022"", ""start"": ""(03/2026)"", ""actual"": null, ""original"": ""03/2028"", ""revised"": ""(03/2028)""}","{""original"": ""1,732.66"", ""revised"": ""0.00"", ""expenditure"": ""163.41""}"
618682,6L Korlam-Kantakapalle Section of NH-130CD Road from Km 421.100 to Km 445.100 Pkg-3,,NHAI,,Andhra Pradesh,2021-02,2022-02,2024-02,2026-09,,1112.7,0.0,850.01,99.5,2026-08,FlashReport_August_2026.pdf,91,"{""approval"": ""02/2021"", ""start"": ""(02/2022)"", ""actual"": null, ""original"": ""02/2024"", ""revised"": ""(09/2026)""}","{""original"": ""1,112.70"", ""revised"": ""0.00"", ""expenditure"": ""850.01""}"
618700,Renigunta - Poyya - Naidupeta km 124.60 to km 183.4 of NH 71,,NHAI,,Andhra Pradesh,2020-03,2022-01,2024-01,2026-09,,1863.09,0.0,1688.88,98.6,2026-08,FlashReport_August_2026.pdf,91,"{""approval"": ""03/2020"", ""start"": ""(01/2022)"", ""actual"": null, ""original"": ""01/2024"", ""revised"": ""(09/2026)""}","{""original"": ""1,863.09"", ""revised"": ""0.00"", ""expenditure"": ""1,688.88""}"
618712,6L Access Controlled Greenfield Highway from Kodur Ch. 0000 to Vanavolu Ch. 24300 of [NH-544G] Package-1,,NHAI,,Andhra Pradesh,2023-01,2024-02,2026-02,2027-03,,912.94,0.0,358.13,87.65,2026-08,FlashReport_August_2026.pdf,91,"{""approval"": ""01/2023"", ""start"": ""(02/2024)"", ""actual"": null, ""original"": ""02/2026"", ""revised"": ""(03/2027)""}","{""original"": ""912.94"", ""revised"": ""0.00"", ""expenditure"": ""358.13""}"
618713,6L Access Controlled Greenfield Highway from Yerragudipadu Ch. 129000 to Audireddipalle Ch. 160000 of [NH 544G] Package-6,,NHAI,,Andhra Pradesh,2023-02,2024-02,2026-02,2027-11,,1200.42,0.0,282.21,47.2,2026-08,FlashReport_August_2026.pdf,91,"{""approval"": ""02/2023"", ""start"": ""(02/2024)"", ""actual"": null, ""original"": ""02/2026"", ""revised"": ""(11/2027)""}","{""original"": ""1,200.42"", ""revised"": ""0.00"", ""expenditure"": ""282.21""}"
618714,6L Access Controlled Greenfield Highway from Nallacheruvu palli Ch. 96300 to Yerragudipadu Ch. 129000 of [NH-544G] Package-5,,NHAI,,Andhra Pradesh,2022-02,2024-02,2026-02,2027-06,,1253.26,0.0,389.2,67.05,2026-08,FlashReport_August_2026.pdf,92,"{""approval"": ""02/2022"", ""start"": ""(02/2024)"", ""actual"": null, ""original"": ""02/2026"", ""revised"": ""(06/2027)""}","{""original"": ""1,253.26"", ""revised"": ""0.00"", ""expenditure"": ""389.20""}"
618715,6L Access Controlled Greenfield Highway from Odulapalle Ch. 72000 to Nallacheruvu- palli Ch. 96300 of [NH-544G]Package-4,,NHAI,,Andhra Pradesh,2023-01,2024-02,2026-02,2027-04,,1058.9,0.0,403.37,76.97,2026-08,FlashReport_August_2026.pdf,92,"{""approval"": ""01/2023"", ""start"": ""(02/2024)"", ""actual"": null, ""original"": ""02/2026"", ""revised"": ""(04/2027)""}","{""original"": ""1,058.90"", ""revised"": ""0.00"", ""expenditure"": ""403.37""}"
618716,6L Access Controlled Greenfield Highway from Vankarakunta Ch. 45700 to Odulapalle Ch. 72000 of [NH-544G]Package-3,,NHAI,,Andhra Pradesh,2022-12,2024-03,2026-03,2027-03,,992.91,0.0,351.25,77.21,2026-08,FlashReport_August_2026.pdf,92,"{""approval"": ""12/2022"", ""start"": ""(03/2024)"", ""actual"": null, ""original"": ""03/2026"", ""revised"": ""(03/2027)""}","{""original"": ""992.91"", ""revised"": ""0.00"", ""expenditure"": ""351.25""}"
618717,6L Access Controlled Greenfield Highway from Vanavolu Ch. 24300 to Vankarakunta Ch. 45700 of [NH-544G] Package-2,,NHAI,,Andhra Pradesh,2023-01,2024-03,2026-03,2027-02,,750.81,0.0,261.41,87.24,2026-08,FlashReport_August_2026.pdf,92,"{""approval"": ""01/2023"", ""start"": ""(03/2024)"", ""actual"": null, ""original"": ""03/2026"", ""revised"": ""(02/2027)""}","{""original"": ""750.81"", ""revised"": ""0.00"", ""expenditure"": ""261.41""}"
618718,6L Access Controlled Greenfield Highway from Kavulakuntla Ch. 196000 to Narayanmpet Ch. 203500Package-09,,NHAI,,Andhra Pradesh,2023-02,2025-02,2027-02,2027-12,,1092.18,0.0,242.13,54.56,2026-08,FlashReport_August_2026.pdf,92,"{""approval"": ""02/2023"", ""start"": ""(02/2025)"", ""actual"": null, ""original"": ""02/2027"", ""revised"": ""(12/2027)""}","{""original"": ""1,092.18"", ""revised"": ""0.00"", ""expenditure"": ""242.13""}"
618719,6L Access Controlled Greenfield Highway from Mallapalle Ch. 176000 to Kavulakuntla Ch. 196000 Package-08,,NHAI,,Andhra Pradesh,2023-02,2024-02,2026-02,2027-07,,909.02,0.0,290.05,65.92,2026-08,FlashReport_August_2026.pdf,92,"{""approval"": ""02/2023"", ""start"": ""(02/2024)"", ""actual"": null, ""original"": ""02/2026"", ""revised"": ""(07/2027)""}","{""original"": ""909.02"", ""revised"": ""0.00"", ""expenditure"": ""290.05""}"
618720,6L Access Controlled Greenfield Highway from Audireddipalle Ch. 160000 to Mallapalle Ch. 176000Package-07,,NHAI,,Andhra Pradesh,2023-02,2024-03,2026-03,2027-04,,987.1,0.0,338.45,73.78,2026-08,FlashReport_August_2026.pdf,92,"{""approval"": ""02/2023"", ""start"": ""(03/2024)"", ""actual"": null, ""original"": ""03/2026"", ""revised"": ""(04/2027)""}","{""original"": ""987.10"", ""revised"": ""0.00"", ""expenditure"": ""338.45""}"
618721,6L Access Controlled Greenfield Highway from Chandrasekharapuram Ch. 228000 to Polavaram Ch. 260000of [NH-544G] Package-11,,NHAI,,Andhra Pradesh,2023-02,2024-02,2026-02,2027-08,,1292.65,0.0,358.74,64.2,2026-08,FlashReport_August_2026.pdf,92,"{""approval"": ""02/2023"", ""start"": ""(02/2024)"", ""actual"": null, ""original"": ""02/2026"", ""revised"": ""(08/2027)""}","{""original"": ""1,292.65"", ""revised"": ""0.00"", ""expenditure"": ""358.74""}"
618759,4L PS Mydukur - Badvel from Km 585.820 to Km 630.960 of NH-67,,NHAI,,Andhra Pradesh,2022-05,2023-09,2025-09,2026-12,,1063.57,0.0,586.02,90.4,2026-08,FlashReport_August_2026.pdf,92,"{""approval"": ""05/2022"", ""start"": ""(09/2023)"", ""actual"": null, ""original"": ""09/2025"", ""revised"": ""(12/2026)""}","{""original"": ""1,063.57"", ""revised"": ""0.00"", ""expenditure"": ""586.02""}"
618777,4L of Pileru to Kalur Section from Km 55.900 to Km 92.800 & Km 94.500 to Km 95.717 of NH-71Package-II,,NHAI,,Andhra Pradesh,2022-03,2023-10,2025-11,2026-09,,1877.47,0.0,266.59,98.84,2026-08,FlashReport_August_2026.pdf,92,"{""approval"": ""03/2022"", ""start"": ""(10/2023)"", ""actual"": null, ""original"": ""11/2025"", ""revised"": ""(09/2026)""}","{""original"": ""1,877.47"", ""revised"": ""0.00"", ""expenditure"": ""266.59""}"
618778,4L of Madanapalle to Pileru Section from Km 0.000 to Km 55.900 of NH-71Package-I,,NHAI,,Andhra Pradesh,2022-02,2023-01,2025-01,2026-09,,1877.47,0.0,1183.12,94.9,2026-08,FlashReport_August_2026.pdf,92,"{""approval"": ""02/2022"", ""start"": ""(01/2023)"", ""actual"": null, ""original"": ""01/2025"", ""revised"": ""(09/2026)""}","{""original"": ""1,877.47"", ""revised"": ""0.00"", ""expenditure"": ""1,183.12""}"
618803,Development of 4L Road from Samarlakota to Achampeta Junction as part of Kakinada Port Connectivity to NH-16 Rajanagaram Junction in East Godavari District,,NHAI,,Andhra Pradesh,2022-09,2023-08,2025-08,2026-12,,645.63,0.0,694.72,93.0,2026-08,FlashReport_August_2026.pdf,92,"{""approval"": ""09/2022"", ""start"": ""(08/2023)"", ""actual"": null, ""original"": ""08/2025"", ""revised"": ""(12/2026)""}","{""original"": ""645.63"", ""revised"": ""0.00"", ""expenditure"": ""694.72""}"
618804,Dedicated Port road to Krishnapatnam Port Package-I from Km. 0.000 to Km. 18.000,,NHAI,,Andhra Pradesh,2018-03,2018-12,2020-12,2027-03,,348.72,0.0,310.54,80.19,2026-08,FlashReport_August_2026.pdf,92,"{""approval"": ""03/2018"", ""start"": ""(12/2018)"", ""actual"": null, ""original"": ""12/2020"", ""revised"": ""(03/2027)""}","{""original"": ""348.72"", ""revised"": ""0.00"", ""expenditure"": ""310.54""}"
618805,6L Connectivity to Port Road from Sabbavaram Sheelanagar-NH516C,,NHAI,,Andhra Pradesh,2024-12,2026-02,2028-02,2028-02,,977.33,0.0,156.52,7.2,2026-08,FlashReport_August_2026.pdf,92,"{""approval"": ""12/2024"", ""start"": ""(02/2026)"", ""actual"": null, ""original"": ""02/2028"", ""revised"": ""(02/2028)""}","{""original"": ""977.33"", ""revised"": ""0.00"", ""expenditure"": ""156.52""}"
618806,Improvement of 4L road to 6L road and 4L dedicated Port Roads for the Port connectivity road from Convent junction to Sheelanagar Junction,,NHAI,,Andhra Pradesh,2023-01,2024-02,2026-02,2026-12,,685.99,0.0,508.74,79.0,2026-08,FlashReport_August_2026.pdf,92,"{""approval"": ""01/2023"", ""start"": ""(02/2024)"", ""actual"": null, ""original"": ""02/2026"", ""revised"": ""(12/2026)""}","{""original"": ""685.99"", ""revised"": ""0.00"", ""expenditure"": ""508.74""}"
618807,"4L Greenfield Road connecting North and South industrial cluster of Khandaleru Creek near Krishnapatnam port at Thamminapatnam to Mollur from Km 0.0 to Km 16.046, Part I & 6L extension of dedicated port road of NH-67 Km 18.0 to Km 19.3, Part II",,NHAI,,Andhra Pradesh,2022-08,2023-09,2025-09,2027-01,,609.43,0.0,593.76,84.03,2026-08,FlashReport_August_2026.pdf,92,"{""approval"": ""08/2022"", ""start"": ""(09/2023)"", ""actual"": null, ""original"": ""09/2025"", ""revised"": ""(01/2027)""}","{""original"": ""609.43"", ""revised"": ""0.00"", ""expenditure"": ""593.76""}"
618826,4 Laning of NH-544D from Km 0.000 to km 37.000 of Anantapur- Muchukota section Pkg-1,,NHAI,,Andhra Pradesh,2022-10,2023-07,2025-07,2026-10,,907.76,0.0,493.1,92.34,2026-08,FlashReport_August_2026.pdf,92,"{""approval"": ""10/2022"", ""start"": ""(07/2023)"", ""actual"": null, ""original"": ""07/2025"", ""revised"": ""(10/2026)""}","{""original"": ""907.76"", ""revised"": ""0.00"", ""expenditure"": ""493.10""}"
618827,4 Laning of NH-544D from Km 37.000 to km 69.000 of Muchukota- Bugga section Pkg-2,,NHAI,,Andhra Pradesh,2022-10,2023-08,2025-08,2026-12,,1097.57,0.0,466.89,84.92,2026-08,FlashReport_August_2026.pdf,92,"{""approval"": ""10/2022"", ""start"": ""(08/2023)"", ""actual"": null, ""original"": ""08/2025"", ""revised"": ""(12/2026)""}","{""original"": ""1,097.57"", ""revised"": ""0.00"", ""expenditure"": ""466.89""}"
618920,Access Controlled Highway of 4 Lane with Paved Shoulders from TN/AP Border Design Chainage Km 6151 to Puttur Design Chainage Km 81540 of NH-716 & 6 Lane with Paved Shoulders from Mallavaram to Renigunta,,NHAI,,Andhra Pradesh,2024-03,2024-12,2026-12,2027-03,,1346.82,0.0,204.93,42.48,2026-08,FlashReport_August_2026.pdf,92,"{""approval"": ""03/2024"", ""start"": ""(12/2024)"", ""actual"": null, ""original"": ""12/2026"", ""revised"": ""(03/2027)""}","{""original"": ""1,346.82"", ""revised"": ""0.00"", ""expenditure"": ""204.93""}"
619046,4L Access controlled Highway From Vakalpudi Light House to Annavaram on NH-16 section of NH-516F From Km0000 to Km40621,,NHAI,,Andhra Pradesh,2023-03,2026-08,2028-08,2028-08,,1439.0,0.0,8.78,0.0,2026-08,FlashReport_August_2026.pdf,93,"{""approval"": ""03/2023"", ""start"": ""(08/2026)"", ""actual"": null, ""original"": ""08/2028"", ""revised"": ""(08/2028)""}","{""original"": ""1,439.00"", ""revised"": ""0.00"", ""expenditure"": ""8.78""}"
619076,Six Laning of Vijayawada Bypass from Chinna Avutapalli to Gollapudi in Vijayawada - Gundugolanu Section from km. 0.00 to km. 30.00 Pkg-III,,NHAI,,Andhra Pradesh,2020-01,2021-02,2023-02,2026-09,,1581.24,0.0,1024.59,98.2,2026-08,FlashReport_August_2026.pdf,93,"{""approval"": ""01/2020"", ""start"": ""(02/2021)"", ""actual"": null, ""original"": ""02/2023"", ""revised"": ""(09/2026)""}","{""original"": ""1,581.24"", ""revised"": ""0.00"", ""expenditure"": ""1,024.59""}"
619102,4 L of China Orampadu-Renigunta section of NH-716 Package-II of Kadapa- Renigunta section,,NHAI,,Andhra Pradesh,2022-12,2026-03,2028-03,2028-03,,1500.11,0.0,122.05,2.25,2026-08,FlashReport_August_2026.pdf,93,"{""approval"": ""12/2022"", ""start"": ""(03/2026)"", ""actual"": null, ""original"": ""03/2028"", ""revised"": ""(03/2028)""}","{""original"": ""1,500.11"", ""revised"": ""0.00"", ""expenditure"": ""122.05""}"
619111,6L Jakkuva Korlam Section of NH-130CD Road from km 396.800 to km 421.100 Pkg 2,,NHAI,,Andhra Pradesh,2021-02,2022-03,2024-03,2026-09,,840.51,0.0,573.9,99.83,2026-08,FlashReport_August_2026.pdf,93,"{""approval"": ""02/2021"", ""start"": ""(03/2022)"", ""actual"": null, ""original"": ""03/2024"", ""revised"": ""(09/2026)""}","{""original"": ""840.51"", ""revised"": ""0.00"", ""expenditure"": ""573.90""}"
619112,6L Kantakapalle Sabbavaram Section of NH-130CD Road from Km 445.100 to Km 464.662 Pkg-4,,NHAI,,Andhra Pradesh,2021-02,2022-10,2024-10,2027-03,,1012.57,0.0,704.27,84.6,2026-08,FlashReport_August_2026.pdf,93,"{""approval"": ""02/2021"", ""start"": ""(10/2022)"", ""actual"": null, ""original"": ""10/2024"", ""revised"": ""(03/2027)""}","{""original"": ""1,012.57"", ""revised"": ""0.00"", ""expenditure"": ""704.27""}"
619123,6L Access Controlled Greenfield Highway from Narayanmpet Ch. 203500 to Chandrasekharpuram Ch. 228000Package-10,,NHAI,,Andhra Pradesh,2023-02,2024-02,2026-02,2027-07,,813.66,0.0,238.29,66.12,2026-08,FlashReport_August_2026.pdf,93,"{""approval"": ""02/2023"", ""start"": ""(02/2024)"", ""actual"": null, ""original"": ""02/2026"", ""revised"": ""(07/2027)""}","{""original"": ""813.66"", ""revised"": ""0.00"", ""expenditure"": ""238.29""}"
619124,6L Access Controlled Greenfield Highway from Polavaram Ch. 260000 to Marripudi Ch. 285500 of [NH-544G]Package-12,,NHAI,,Andhra Pradesh,2023-02,2024-02,2026-02,2027-05,,747.29,0.0,250.94,70.2,2026-08,FlashReport_August_2026.pdf,93,"{""approval"": ""02/2023"", ""start"": ""(02/2024)"", ""actual"": null, ""original"": ""02/2026"", ""revised"": ""(05/2027)""}","{""original"": ""747.29"", ""revised"": ""0.00"", ""expenditure"": ""250.94""}"
619125,6L Access Controlled Greenfield Highway from Somavarappadu Ch.314.600 to Muppavaram Ch.343240 of [NH-544G] Package-14,,NHAI,,Andhra Pradesh,2023-02,2024-02,2026-02,2027-10,,1103.9,0.0,279.46,44.56,2026-08,FlashReport_August_2026.pdf,93,"{""approval"": ""02/2023"", ""start"": ""(02/2024)"", ""actual"": null, ""original"": ""02/2026"", ""revised"": ""(10/2027)""}","{""original"": ""1,103.90"", ""revised"": ""0.00"", ""expenditure"": ""279.46""}"
619126,6L Access Controlled Greenfield Highway from Marripudi Ch. 285500 to Somavarappadu Ch. 314600 of [NH-544G] Package-13,,NHAI,,Andhra Pradesh,2023-02,2024-02,2026-02,2027-04,,976.41,0.0,370.83,73.0,2026-08,FlashReport_August_2026.pdf,93,"{""approval"": ""02/2023"", ""start"": ""(02/2024)"", ""actual"": null, ""original"": ""02/2026"", ""revised"": ""(04/2027)""}","{""original"": ""976.41"", ""revised"": ""0.00"", ""expenditure"": ""370.83""}"
619140,6L of Naidupeta Junction - Turpukanupur Section from km 57.046 to km 91.927,,NHAI,,Andhra Pradesh,2022-08,2023-10,2025-10,2027-09,,1398.84,0.0,397.32,53.7,2026-08,FlashReport_August_2026.pdf,93,"{""approval"": ""08/2022"", ""start"": ""(10/2023)"", ""actual"": null, ""original"": ""10/2025"", ""revised"": ""(09/2027)""}","{""original"": ""1,398.84"", ""revised"": ""0.00"", ""expenditure"": ""397.32""}"
619141,Construction of four lane access controlled highway from Chillakuru cross road to Turpu KanupurPart 1 of Package - II km 0.000 131.500 of NH - 16 to km 23.770 on New NH-516W including six lane flyover and approaches on NH-16 length km 1.050 and six lane access controlled from Turpu Kanupur to Port South Gate Part 2 of Package - II km 23.770 to km 35.015 on New NH-516W in the state of Andhra Pradesh on HAM Mode under Bharatmala Pariyojana Phase I,,NHAI,,Andhra Pradesh,2022-08,2023-12,2025-12,2026-03,,864.2,0.0,369.28,55.53,2026-08,FlashReport_August_2026.pdf,93,"{""approval"": ""08/2022"", ""start"": ""(12/2023)"", ""actual"": null, ""original"": ""12/2025"", ""revised"": ""(03/2026)""}","{""original"": ""864.20"", ""revised"": ""0.00"", ""expenditure"": ""369.28""}"
619160,Balance works in AP Portion and punch list items in TN & AP portion of NH-205,,NHAI,,Andhra Pradesh,2022-10,2023-07,2025-01,2026-01,,166.52,0.0,98.52,100.0,2026-08,FlashReport_August_2026.pdf,93,"{""approval"": ""10/2022"", ""start"": ""(07/2023)"", ""actual"": null, ""original"": ""01/2025"", ""revised"": ""(01/2026)""}","{""original"": ""166.52"", ""revised"": ""0.00"", ""expenditure"": ""98.52""}"
198592,Construction of road from Bomdilla9th Mile- Nafra Lada section of Frontier Highway NH-913 Package 1 9th mile-Nafra 19.554 to 70.00 50.446 Arunachal,,MoRTH,,Pradesh,2025-03,2026-07,2029-07,,,1273.44,0.0,151.9,0.0,2026-08,FlashReport_August_2026.pdf,93,"{""approval"": ""03/2025"", ""start"": ""(07/2026)"", ""actual"": null, ""original"": ""07/2029"", ""revised"": ""(-)""}","{""original"": ""1,273.44"", ""revised"": ""0.00"", ""expenditure"": ""151.90""}"
617892,Construction of 2-lane road of Potin to Pangin section of NH-13 from Km 163.59 to Km 206.66 Package-5 on EPC Mode in the State of Arunachal Pradesh under Arunachal Pradesh Package of Roads and Highways of SARDP-NE [Job No SARDP-NE/P- P/Pkg-A/NH-13/Ar.Pr./PWD/2018-19/116] Arunachal,,MoRTH,,Pradesh,2019-03,2020-11,2023-11,2026-10,,450.65,0.0,403.84,96.61,2026-08,FlashReport_August_2026.pdf,93,"{""approval"": ""03/2019"", ""start"": ""(11/2020)"", ""actual"": null, ""original"": ""11/2023"", ""revised"": ""(10/2026)""}","{""original"": ""450.65"", ""revised"": ""0.00"", ""expenditure"": ""403.84""}"
618401,"Construction of Intermediate Lane with Hard Shoulder of Hunli to Hayuliang Package- III from design Km 60.000 to Km 121.500 Design Length 61.500 km, Greenfield Section of Frontier Highway NH-913 in the State of Arunachal Pradesh on EPC Mode Pkg-3 Arunachal",,NHIDCL,,Pradesh,2024-02,2025-07,2028-07,2028-07,,1418.67,0.0,93.29,2.5,2026-08,FlashReport_August_2026.pdf,93,"{""approval"": ""02/2024"", ""start"": ""(07/2025)"", ""actual"": null, ""original"": ""07/2028"", ""revised"": ""(07/2028)""}","{""original"": ""1,418.67"", ""revised"": ""0.00"", ""expenditure"": ""93.29""}"
618402,"Construction of Intermediate Lane with Hard Shoulder of Hunli to Hayuliang from Design Km 0.000 to Km 53.000 Design Length 53.000 km, Greenfield Section of Frontier Highway NH-913 in the State of Arunachal Pradesh on EPC Mode Package-I Arunachal",,NHIDCL,,Pradesh,2024-02,2025-03,2028-02,2028-02,,1262.43,0.0,257.02,22.12,2026-08,FlashReport_August_2026.pdf,93,"{""approval"": ""02/2024"", ""start"": ""(03/2025)"", ""actual"": null, ""original"": ""02/2028"", ""revised"": ""(02/2028)""}","{""original"": ""1,262.43"", ""revised"": ""0.00"", ""expenditure"": ""257.02""}"
618403,Construction of Intermediate Lane Road with hard shoulder from design Km 0.000 to Km 17.387 Total length 17.387 km of Hunli to Ithun Bridge section on NH-913 Frontier Highway in State of Arunachal Pradesh on EPC mode under NHO-NE Arunachal,,NHIDCL,,Pradesh,2024-02,2025-01,2027-01,2027-01,,275.5,0.0,166.24,60.96,2026-08,FlashReport_August_2026.pdf,93,"{""approval"": ""02/2024"", ""start"": ""(01/2025)"", ""actual"": null, ""original"": ""01/2027"", ""revised"": ""(01/2027)""}","{""original"": ""275.50"", ""revised"": ""0.00"", ""expenditure"": ""166.24""}"
618404,Construction of lntermediate Lane Road with hard shoulder from design chainage Km 0.000 to Km 53.040 Existing Length68.500 Km & Total Design length 53.04 km of Tato to Monigong section of NH-913 Frontier Highway on Nafra Bomdila to Vijaynagar along China border in state of Arunachal pradesh on EPC mode Arunachal,,NHIDCL,,Pradesh,2023-12,2025-05,2027-11,2027-11,,625.61,0.0,274.89,23.03,2026-08,FlashReport_August_2026.pdf,94,"{""approval"": ""12/2023"", ""start"": ""(05/2025)"", ""actual"": null, ""original"": ""11/2027"", ""revised"": ""(11/2027)""}","{""original"": ""625.61"", ""revised"": ""0.00"", ""expenditure"": ""274.89""}"
618405,"Construction of Intermediate Lane of Pango to Jorging Road from 0000 to Design Km Design Km 40000 Design Length 40.00 Km, Pkg-l, Greenfield Alignment in the State of Arunachal Pradesh on EPC mode Pkg-1 Arunachal",,NHIDCL,,Pradesh,2024-01,2025-01,2027-07,2027-07,,898.19,0.0,259.63,40.12,2026-08,FlashReport_August_2026.pdf,94,"{""approval"": ""01/2024"", ""start"": ""(01/2025)"", ""actual"": null, ""original"": ""07/2027"", ""revised"": ""(07/2027)""}","{""original"": ""898.19"", ""revised"": ""0.00"", ""expenditure"": ""259.63""}"
618433,Construction of Balance work of 2-Lane with PS of Joram Koloriang Road from existing Km122.600 to km138.00 [Design Km108.724 to Km123.714] in Arunachal Pradesh on EPC Mode under SARDP-NE Pkg-7 Arunachal,,NHIDCL,,Pradesh,2017-02,2020-10,2022-04,2026-04,,184.89,0.0,156.42,99.69,2026-08,FlashReport_August_2026.pdf,94,"{""approval"": ""02/2017"", ""start"": ""(10/2020)"", ""actual"": null, ""original"": ""04/2022"", ""revised"": ""(04/2026)""}","{""original"": ""184.89"", ""revised"": ""0.00"", ""expenditure"": ""156.42""}"
618434,Arunachal,,NHIDCL,,Pradesh,2017-02,2018-03,2022-03,2026-10,,1718.59,0.0,1123.53,82.48,2026-08,FlashReport_August_2026.pdf,94,"{""approval"": ""02/2017"", ""start"": ""(03/2018)"", ""actual"": null, ""original"": ""03/2022"", ""revised"": ""(10/2026)""}","{""original"": ""1,718.59"", ""revised"": ""0.00"", ""expenditure"": ""1,123.53""}"
618445,Construction of 2-Laning with hard shoulders of Demwe-Brahmakund section of NH- 13 from Ch.0.00 km to 18.464 km on EPC under SARDP-NE NHO-NE -Balance Work Arunachal,,NHIDCL,,Pradesh,2020-08,2025-06,2027-12,2027-12,,353.9,0.0,26.82,23.2,2026-08,FlashReport_August_2026.pdf,94,"{""approval"": ""08/2020"", ""start"": ""(06/2025)"", ""actual"": null, ""original"": ""12/2027"", ""revised"": ""(12/2027)""}","{""original"": ""353.90"", ""revised"": ""0.00"", ""expenditure"": ""26.82""}"
619014,"lmprovement and Widening to 2 lane with paved Shoulder of NH-15 old NH-52 from Existing Km 770.600 Design Km 24.819 to Existing km 805.750 Design Km 59.885 Kamlang T-Junction to Chowkham, Existing Length 35.150 Km, Design Length-35.066 Km in the state of Arunachal Pradesh on EPC mode Pkg-2 Arunachal",,NHIDCL,,Pradesh,2023-12,2026-02,2028-02,2028-02,,316.73,0.0,35.1,23.9,2026-08,FlashReport_August_2026.pdf,94,"{""approval"": ""12/2023"", ""start"": ""(02/2026)"", ""actual"": null, ""original"": ""02/2028"", ""revised"": ""(02/2028)""}","{""original"": ""316.73"", ""revised"": ""0.00"", ""expenditure"": ""35.10""}"
619248,"lmprovement and Widening to 2-lane with Paved Shoulder of NH-13 & 15 Old NH-52 from Existing Km 745.60 Design Km 0.000 to Existing km 770.600 Design Km 24.819 Brahmakund T-junction to Kamlang T-Junction, Existing Length 25.00 Km, Design Length 24.819 Km in the state of Arunachal Pradesh on EPC mode Pkg-1 Arunachal",,NHIDCL,,Pradesh,2023-12,2026-06,2028-06,2028-06,,441.41,0.0,44.87,19.92,2026-08,FlashReport_August_2026.pdf,94,"{""approval"": ""12/2023"", ""start"": ""(06/2026)"", ""actual"": null, ""original"": ""06/2028"", ""revised"": ""(06/2028)""}","{""original"": ""441.41"", ""revised"": ""0.00"", ""expenditure"": ""44.87""}"
619256,Construction of road from Bomdilla 9th Mile - Nafra Lada section of Frontier Highway NH-913 Package 4 Dishum-Sachung-Lada 113.00 to 167.75 54.75km Arunachal,,MoRTH,,Pradesh,2024-03,2026-07,2030-07,,,1266.86,0.0,107.62,0.0,2026-08,FlashReport_August_2026.pdf,94,"{""approval"": ""03/2024"", ""start"": ""(07/2026)"", ""actual"": null, ""original"": ""07/2030"", ""revised"": ""(-)""}","{""original"": ""1,266.86"", ""revised"": ""0.00"", ""expenditure"": ""107.62""}"
619257,Construction of road from Km 70.000 to Km 113.000 of Bomdila-Nafra-Lada Section of NH-913 Frontier Highway in the State of Arunachal Pradesh L43.000 Km Arunachal,,MoRTH,,Pradesh,2024-02,2026-08,2030-08,,,1240.75,0.0,79.0,0.0,2026-08,FlashReport_August_2026.pdf,94,"{""approval"": ""02/2024"", ""start"": ""(08/2026)"", ""actual"": null, ""original"": ""08/2030"", ""revised"": ""(-)""}","{""original"": ""1,240.75"", ""revised"": ""0.00"", ""expenditure"": ""79.00""}"
619266,Construction of road from Taliha to Tato section of Frontier Highway NH-913 Package 3 km 87.13 to 121.541 34.411km Arunachal,,MoRTH,,Pradesh,2024-03,2026-08,2029-08,,,735.2,0.0,135.42,0.0,2026-08,FlashReport_August_2026.pdf,94,"{""approval"": ""03/2024"", ""start"": ""(08/2026)"", ""actual"": null, ""original"": ""08/2029"", ""revised"": ""(-)""}","{""original"": ""735.20"", ""revised"": ""0.00"", ""expenditure"": ""135.42""}"
619267,Construction of road from km 113.25 to km 160.75 of Huri-Taliha section of NH-913 Pkg 3 Frontier Highway to Intermediate Lane on EPC mode in the State of Arunachal Pradesh Arunachal,,MoRTH,,Pradesh,2024-03,2026-08,2030-08,,,1228.64,0.0,137.54,0.0,2026-08,FlashReport_August_2026.pdf,94,"{""approval"": ""03/2024"", ""start"": ""(08/2026)"", ""actual"": null, ""original"": ""08/2030"", ""revised"": ""(-)""}","{""original"": ""1,228.64"", ""revised"": ""0.00"", ""expenditure"": ""137.54""}"
617895,Construction of Mangaldoi Bypass NH-15 starting at Ch 26400 and terminating at Ch 41505 under Rangia NH Division L 15.105 Km in the State of Assam. Job No. 15/AS/2021-22/234,,MoRTH,,Assam,2022-03,2023-04,2025-04,2026-12,,535.03,0.0,215.32,76.78,2026-08,FlashReport_August_2026.pdf,94,"{""approval"": ""03/2022"", ""start"": ""(04/2023)"", ""actual"": null, ""original"": ""04/2025"", ""revised"": ""(12/2026)""}","{""original"": ""535.03"", ""revised"": ""0.00"", ""expenditure"": ""215.32""}"
617896,"Construction of 4 lane Gauripur Bypass Starting bfrom Km 852.56 of NH- 31Dumardoha Pt-II and Terminating at Km 862.17 Baladmara via. Khudimari Pt.- II, Fulkumari, Charaldanga, Sajuakuti,Geramari Pt.-III and finally meeting at km 862.17 of NH-17New/ NH-31Old in the State of Assam under EPC Mode Job no. 31/AS/ 2023- 24/265",,MoRTH,,Assam,2024-03,2025-04,2026-10,2027-03,,421.15,0.0,55.16,34.0,2026-08,FlashReport_August_2026.pdf,94,"{""approval"": ""03/2024"", ""start"": ""(04/2025)"", ""actual"": null, ""original"": ""10/2026"", ""revised"": ""(03/2027)""}","{""original"": ""421.15"", ""revised"": ""0.00"", ""expenditure"": ""55.16""}"
618034,Construction of 2 lane Barpeta Bypass from Km 77900Baradi to Km 86150 Deurikuchi Length8.25Km on NH-427 in the state of Assam under EPC ModeJob No.427/AS/2022-23/245,,MoRTH,,Assam,2023-03,2025-02,2026-08,2027-03,,173.65,0.0,173.65,20.0,2026-08,FlashReport_August_2026.pdf,94,"{""approval"": ""03/2023"", ""start"": ""(02/2025)"", ""actual"": null, ""original"": ""08/2026"", ""revised"": ""(03/2027)""}","{""original"": ""173.65"", ""revised"": ""0.00"", ""expenditure"": ""173.65""}"
618159,"Construction of new 2 Lane with paved shoulders of NH Standards from km 0.080 to km 11.690 L11.610 km in Majuli and from km 19.715 to km 27.484 L 7.769 km in Jorhat on the newly declared NH 715K and construction of 1.10 km flyover on NH-715 with its approaches and service roads L1.10 km, Total Length 20.479 km in the State of Assam Job No. 715K/AS/2023-24/256",,MoRTH,,Assam,2024-02,2025-09,2027-03,2027-03,,382.1,0.0,25.6,7.15,2026-08,FlashReport_August_2026.pdf,94,"{""approval"": ""02/2024"", ""start"": ""(09/2025)"", ""actual"": null, ""original"": ""03/2027"", ""revised"": ""(03/2027)""}","{""original"": ""382.10"", ""revised"": ""0.00"", ""expenditure"": ""25.60""}"
618160,"Construction of 2 lane Major Bridge including approaches over Brahmaputra between Majuli on North Bank and Jorhat on South Bank from km. 11.690 to km. 19.715 length of bridge 6,812.5m Package - II on NH-715K in the state of Assam Job no. 715/AS/2020-21/213",,MoRTH,,Assam,2025-03,2025-12,2027-12,2027-12,,1019.17,0.0,17.38,5.31,2026-08,FlashReport_August_2026.pdf,95,"{""approval"": ""03/2025"", ""start"": ""(12/2025)"", ""actual"": null, ""original"": ""12/2027"", ""revised"": ""(12/2027)""}","{""original"": ""1,019.17"", ""revised"": ""0.00"", ""expenditure"": ""17.38""}"
618282,4-L Bilasipara-Guwahati Package-10,,NHIDCL,,Assam,2023-03,2023-12,2026-06,2027-03,,1264.9,0.0,633.62,65.64,2026-08,FlashReport_August_2026.pdf,95,"{""approval"": ""03/2023"", ""start"": ""(12/2023)"", ""actual"": null, ""original"": ""06/2026"", ""revised"": ""(03/2027)""}","{""original"": ""1,264.90"", ""revised"": ""0.00"", ""expenditure"": ""633.62""}"
618283,4-L Bilasipara-Guwahati Package-9,,NHIDCL,,Assam,2023-03,2023-12,2026-06,2027-03,,1000.27,0.0,506.42,61.78,2026-08,FlashReport_August_2026.pdf,95,"{""approval"": ""03/2023"", ""start"": ""(12/2023)"", ""actual"": null, ""original"": ""06/2026"", ""revised"": ""(03/2027)""}","{""original"": ""1,000.27"", ""revised"": ""0.00"", ""expenditure"": ""506.42""}"
618284,Widening/Improvement to 4-Lane with paved shoulder from Km 99930 to Km 143680 Design Chainage 96000 to 139750 of Paikan to Dhupdhara Sahar of Bilasipura- Guwahati Road on NH-17 in the state of Assam on EPC mode under Bharatmala Pariyojana in Economic Corridors Project Length 43.750km under NHO-NE Package- 8,,NHIDCL,,Assam,2023-03,2023-12,2026-12,2026-12,,1457.59,0.0,996.13,93.96,2026-08,FlashReport_August_2026.pdf,95,"{""approval"": ""03/2023"", ""start"": ""(12/2023)"", ""actual"": null, ""original"": ""12/2026"", ""revised"": ""(12/2026)""}","{""original"": ""1,457.59"", ""revised"": ""0.00"", ""expenditure"": ""996.13""}"
618286,Construction of New 2-Lane Bridge with its approaches from km 0000 to Km 4385 across River Brahmaputra on NH-17 at Jogighopa in Assam on EPC mode,,NHIDCL,,Assam,2021-09,2021-11,2024-11,2027-03,,746.76,0.0,447.07,84.69,2026-08,FlashReport_August_2026.pdf,95,"{""approval"": ""09/2021"", ""start"": ""(11/2021)"", ""actual"": null, ""original"": ""11/2024"", ""revised"": ""(03/2027)""}","{""original"": ""746.76"", ""revised"": ""0.00"", ""expenditure"": ""447.07""}"
618287,"Widening/Improvement to 4-Lane with paved Shoulder from Ch. 25.633 Km to Ch. 52.470 Km Design Ch. 21.850 Km to Ch.48.670 Km for Package-2 of Bilasipura- Guwahati road NH-17 Section Near Mowatari, before Chapar Bypass to Tulungia junction with NH-17 in the state of Assam on HAM mode under NHO-NE Package-2",,NHIDCL,,Assam,2023-11,2024-12,2027-06,2027-06,,1338.61,0.0,199.15,12.5,2026-08,FlashReport_August_2026.pdf,95,"{""approval"": ""11/2023"", ""start"": ""(12/2024)"", ""actual"": null, ""original"": ""06/2027"", ""revised"": ""(06/2027)""}","{""original"": ""1,338.61"", ""revised"": ""0.00"", ""expenditure"": ""199.15""}"
618288,"Widening/lmprovement to 4-Lane with Paved Shoulder from Ch.5.580 Km to Ch.25.633 Km Design Ch.0.000 Km to Ch.17.737km Km 901.100 to Km 921.145 of old NH-31 of Bilasipara- Guwahati road NH-17 Section Near Chirakuta to near Mowatari, before Chapar Bypass in the state ol Assam on HAM mode Package-1",,NHIDCL,,Assam,2024-02,2025-02,2027-08,2027-08,,1081.15,0.0,163.24,35.98,2026-08,FlashReport_August_2026.pdf,95,"{""approval"": ""02/2024"", ""start"": ""(02/2025)"", ""actual"": null, ""original"": ""08/2027"", ""revised"": ""(08/2027)""}","{""original"": ""1,081.15"", ""revised"": ""0.00"", ""expenditure"": ""163.24""}"
618289,Construction and up gradation to 4-Lane of existing two lane with paved shoulder from Hapachara to Tulungia road of NH-117 of existing Km 0.00 to km 14.050 and Design Km 0.000 to km 14.660 under BMP on EPC mode,,NHIDCL,,Assam,2020-03,2020-06,2022-12,2026-03,,224.85,0.0,209.95,97.76,2026-08,FlashReport_August_2026.pdf,95,"{""approval"": ""03/2020"", ""start"": ""(06/2020)"", ""actual"": null, ""original"": ""12/2022"", ""revised"": ""(03/2026)""}","{""original"": ""224.85"", ""revised"": ""0.00"", ""expenditure"": ""209.95""}"
618308,Construction of 4-Lane Panchgram Bypass from Design Chainage km 15500 on NH- 37 Old NH-53 at Kalinagar Pt.-I Village to Design Chainage km 27300 at crossing with NH-6 Old NH-44 Near Siddeswar Pt.-I Village on Silchar - Churaibari stretch in the State of Assam on EPC Mode under Bharatmala Pariyojana in Economic Corridors Silchar- Churaibari Package-2,,NHIDCL,,Assam,2023-03,2024-08,2027-02,2027-03,,676.18,0.0,358.25,60.05,2026-08,FlashReport_August_2026.pdf,95,"{""approval"": ""03/2023"", ""start"": ""(08/2024)"", ""actual"": null, ""original"": ""02/2027"", ""revised"": ""(03/2027)""}","{""original"": ""676.18"", ""revised"": ""0.00"", ""expenditure"": ""358.25""}"
618309,Widening/lmprovement to 4-Laning and Greenfield alignment with Paved shoulder of Silchar-Badarpur Churaibari section of NH-37 & NH-8 from Design chainage 38.600 End point of proposed Badarpur Bypass to Km. 62.800 Start point of proposed Nilambazar/Cheragi Bypass in the state of Assam on HAM Mode Package-4,,NHIDCL,,Assam,2024-02,2025-08,2027-08,2027-08,,1319.55,0.0,185.17,25.46,2026-08,FlashReport_August_2026.pdf,95,"{""approval"": ""02/2024"", ""start"": ""(08/2025)"", ""actual"": null, ""original"": ""08/2027"", ""revised"": ""(08/2027)""}","{""original"": ""1,319.55"", ""revised"": ""0.00"", ""expenditure"": ""185.17""}"
618310,Widening/lmprovement to 4-L of Karimgani - sutarkandi section of NH 37 from design Ch 0020 Start of proposed Karimganj Bypass from NH -8 to design Chainage Km 14380 near Sutarkandi Spur Connectivity to Indo/Bangladesh Border on Silchar- Churaibari in the State of Assam on HAM Mode Package-7,,NHIDCL,,Assam,2024-02,2025-02,2027-02,2027-02,,791.79,0.0,135.92,44.5,2026-08,FlashReport_August_2026.pdf,95,"{""approval"": ""02/2024"", ""start"": ""(02/2025)"", ""actual"": null, ""original"": ""02/2027"", ""revised"": ""(02/2027)""}","{""original"": ""791.79"", ""revised"": ""0.00"", ""expenditure"": ""135.92""}"
618311,Widening/lmprovement to 4-Lane with Paved shoulder for existing as well as Greenfield alignment of Badarpur Churaibari section of NH-8 from Design chainage 87.700 Chandkhira to Km. 106.500 Churaibari section Assam-Tripura border in the state of Assam on HAM Mode Package-6,,NHIDCL,,Assam,2024-03,2025-03,2027-03,2027-03,,870.0,0.0,158.08,44.9,2026-08,FlashReport_August_2026.pdf,95,"{""approval"": ""03/2024"", ""start"": ""(03/2025)"", ""actual"": null, ""original"": ""03/2027"", ""revised"": ""(03/2027)""}","{""original"": ""870.00"", ""revised"": ""0.00"", ""expenditure"": ""158.08""}"
618312,Widening/lmprovement to 4-Lane with Paved Shoulder from existing road and Greenfield alignment form Design Ch. 62.800 start of proposed Nilambazar/Cheragi Bypass to Design Ch. 87.700 near Chandkhira Village of NH-8 on Silchar-Churaibari in the state of Assam on HAM Mode Package-5,,NHIDCL,,Assam,2024-02,2025-04,2027-10,2027-10,,1258.13,0.0,187.02,14.6,2026-08,FlashReport_August_2026.pdf,95,"{""approval"": ""02/2024"", ""start"": ""(04/2025)"", ""actual"": null, ""original"": ""10/2027"", ""revised"": ""(10/2027)""}","{""original"": ""1,258.13"", ""revised"": ""0.00"", ""expenditure"": ""187.02""}"
618313,Widening/lmprovement of Existing 2 lane to 4-Laning of Karimganj-Silchar section of NH-37 from Design Ch 0.000 near Silchar ISBT to Design Ch 15.970 near Kalinagar Pt I on NH-37 in Assam on HAM Mode Pkg-1,,NHIDCL,,Assam,2024-03,2025-09,2027-09,2027-09,,1181.55,0.0,178.8,41.64,2026-08,FlashReport_August_2026.pdf,95,"{""approval"": ""03/2024"", ""start"": ""(09/2025)"", ""actual"": null, ""original"": ""09/2027"", ""revised"": ""(09/2027)""}","{""original"": ""1,181.55"", ""revised"": ""0.00"", ""expenditure"": ""178.80""}"
618314,4-Laning of Dhanehari Lailapur / Vairengte section from Existing Chainage km 12920 to km 43000 of NH 306 Design Chainage km 20000 to km 49360 on Silchar - Vairengte Sairang road in the State of Assam under Bharatmala Pariyojna on EPC mode. Project Length 29.360 km under NHO-NE Package-2,,NHIDCL,,Assam,2023-03,2024-02,2026-08,2027-03,,1716.21,0.0,1057.81,82.6,2026-08,FlashReport_August_2026.pdf,95,"{""approval"": ""03/2023"", ""start"": ""(02/2024)"", ""actual"": null, ""original"": ""08/2026"", ""revised"": ""(03/2027)""}","{""original"": ""1,716.21"", ""revised"": ""0.00"", ""expenditure"": ""1,057.81""}"
618315,4-Laning of Silchar - Dhanehari section from Existing Chainage km 263800 of NH 37 to km 12920 of NH 306 Design Chainage km 0000 to km 20000 on Silchar - Vairengte - Sairang road in the State of Assam under Bharatmala Pariyojna on EPC mode Package-1,,NHIDCL,,Assam,2023-02,2024-01,2026-07,2027-03,,1256.9,0.0,635.51,60.43,2026-08,FlashReport_August_2026.pdf,96,"{""approval"": ""02/2023"", ""start"": ""(01/2024)"", ""actual"": null, ""original"": ""07/2026"", ""revised"": ""(03/2027)""}","{""original"": ""1,256.90"", ""revised"": ""0.00"", ""expenditure"": ""635.51""}"
618326,Widening/Improvement to 4-Lane with Paved Shoulder from KM 38500 to Km 51246 Design Chainage 38500 to 50959 with proposed Daboka Bypass of Daboka- Parokhaowa of NH 29 on EPC under NHO-NE Package-1,,NHIDCL,,Assam,2023-01,2023-11,2025-11,2026-06,,516.88,0.0,323.35,99.7,2026-08,FlashReport_August_2026.pdf,96,"{""approval"": ""01/2023"", ""start"": ""(11/2023)"", ""actual"": null, ""original"": ""11/2025"", ""revised"": ""(06/2026)""}","{""original"": ""516.88"", ""revised"": ""0.00"", ""expenditure"": ""323.35""}"
618331,lmprovement to 4-Lane with Paved Shoulder from existing km 260000 Design Ch.4560 km to existing km Ch.233000 D. Ch.24560 of Silchar near Nutan Dayapur village - Budha Nagar Section Length-20.00 Km of NH-37 under Package Silchar- Jiribam Pkg-1 in the state of Assam on HAM Mode,,NHIDCL,,Assam,2024-01,2025-01,2028-01,2028-01,,957.95,0.0,214.73,48.17,2026-08,FlashReport_August_2026.pdf,96,"{""approval"": ""01/2024"", ""start"": ""(01/2025)"", ""actual"": null, ""original"": ""01/2028"", ""revised"": ""(01/2028)""}","{""original"": ""957.95"", ""revised"": ""0.00"", ""expenditure"": ""214.73""}"
618340,Widening/Improvement to 4-Lane with Paved Shoulder from km 626030 Nalani hulla Gaon to km 650450 Chotahapjan on existing Tinsukhia -Makum Bypass of NH-15 OLD NH-37 and Strengthening of existing NH-315 OLD NH-38 from Km 0000 Chotahapjan to Km 16900 Bogapani section 2-Lane PS in Assam on EPCMode under NHO-NE Package-3,,NHIDCL,,Assam,2023-01,2023-05,2025-05,2026-10,,458.59,0.0,264.54,89.92,2026-08,FlashReport_August_2026.pdf,96,"{""approval"": ""01/2023"", ""start"": ""(05/2023)"", ""actual"": null, ""original"": ""05/2025"", ""revised"": ""(10/2026)""}","{""original"": ""458.59"", ""revised"": ""0.00"", ""expenditure"": ""264.54""}"
618351,Widening & Upgradation to 2 lanes with paved shoulders road from Tamenglong to Mahur NH-137 in the State of Assam starting from km 156.489 near P. Leikul to km 176.410 near Borowapu on EPC mode under NHO-NE Assam portion Package-10,,NHIDCL,,Assam,2023-03,2023-08,2025-08,2026-12,,890.33,0.0,628.77,92.51,2026-08,FlashReport_August_2026.pdf,96,"{""approval"": ""03/2023"", ""start"": ""(08/2023)"", ""actual"": null, ""original"": ""08/2025"", ""revised"": ""(12/2026)""}","{""original"": ""890.33"", ""revised"": ""0.00"", ""expenditure"": ""628.77""}"
618352,Widening & Upgradation to 2 lanes with paved shoulders road from Tamenglong to Mahur NH-137 in the State of Assam starting from km 136.500 near Hejaichak to km 156.489 near P. Leikul Package-9 on EPC mode under NHO-NE Package-9,,NHIDCL,,Assam,2023-03,2023-08,2025-08,2026-12,,860.37,0.0,559.71,97.25,2026-08,FlashReport_August_2026.pdf,96,"{""approval"": ""03/2023"", ""start"": ""(08/2023)"", ""actual"": null, ""original"": ""08/2025"", ""revised"": ""(12/2026)""}","{""original"": ""860.37"", ""revised"": ""0.00"", ""expenditure"": ""559.71""}"
618353,Widening & Upgradation to 2-lanes with paved shoulders road from Tamenglong to Mahur NH-137 in the State of Assam starting from km 116.480 near Hangrum to km 136.500 near Hejaichak Package-8 on EPC mode under NHO-NE Package 8,,NHIDCL,,Assam,2023-03,2023-08,2025-08,2026-12,,904.04,0.0,563.52,96.7,2026-08,FlashReport_August_2026.pdf,96,"{""approval"": ""03/2023"", ""start"": ""(08/2023)"", ""actual"": null, ""original"": ""08/2025"", ""revised"": ""(12/2026)""}","{""original"": ""904.04"", ""revised"": ""0.00"", ""expenditure"": ""563.52""}"
618354,Wideinig & Upgradation to 2-lanes with paved shoulders road from Tamenglong to Mahur NH-137 in the State of Assam starting from km 96.870 near Jiri River to km 116.550 near Hangrum Package-7 on EPC mode Package7,,NHIDCL,,Assam,2023-12,2024-03,2026-03,2026-12,,846.82,0.0,482.38,90.36,2026-08,FlashReport_August_2026.pdf,96,"{""approval"": ""12/2023"", ""start"": ""(03/2024)"", ""actual"": null, ""original"": ""03/2026"", ""revised"": ""(12/2026)""}","{""original"": ""846.82"", ""revised"": ""0.00"", ""expenditure"": ""482.38""}"
618371,"Widening/Improvement to 4-Lane with Paved Shoulder configuration of existing single lane road from Srirampur near Bhairiguri Village to Kachukhana Harichara Paglagaunj Package-I of Srirampur - Dhubri Section of NH-127B from existing Km 0.000 to Km 28.050 Design Km 0.000 to Km 27.650, Design Length27.650 Km under JICA ODA Loan assistance Phase-V -Balance work",,NHIDCL,,Assam,2022-03,2024-11,2026-11,2026-11,,613.89,0.0,385.77,89.76,2026-08,FlashReport_August_2026.pdf,96,"{""approval"": ""03/2022"", ""start"": ""(11/2024)"", ""actual"": null, ""original"": ""11/2026"", ""revised"": ""(11/2026)""}","{""original"": ""613.89"", ""revised"": ""0.00"", ""expenditure"": ""385.77""}"
618373,"Construction of 4-Lane Bridge including approaches over River Brahmaputra between Dhubri on North Bank,Assam and Phulbari on south Bank,Meghalaya on NH-127B under JICA ODA Loan assistance Phase-III",,NHIDCL,,Assam,2019-05,2020-12,2028-09,2028-09,,4997.04,0.0,3133.25,79.36,2026-08,FlashReport_August_2026.pdf,96,"{""approval"": ""05/2019"", ""start"": ""(12/2020)"", ""actual"": null, ""original"": ""09/2028"", ""revised"": ""(09/2028)""}","{""original"": ""4,997.04"", ""revised"": ""0.00"", ""expenditure"": ""3,133.25""}"
618436,4-Laning of Jamugurihat to end of Biswanath Chariali By-Pass from Km 182.000 to Km 208.000 of NH-52 on EPC mode in state of Assam under SARDP-NE,,NHIDCL,,Assam,2015-03,2016-12,2019-06,2025-07,,599.0,0.0,433.62,100.0,2026-08,FlashReport_August_2026.pdf,96,"{""approval"": ""03/2015"", ""start"": ""(12/2016)"", ""actual"": null, ""original"": ""06/2019"", ""revised"": ""(07/2025)""}","{""original"": ""599.00"", ""revised"": ""0.00"", ""expenditure"": ""433.62""}"
618437,"Construction of Balance Work of 4-Laning of NH-37 Section between End of Moran Bypass to Bogibeel junction near Lapetketa Km. 561.700-Km. 580.875 under SARDP- NE, Phase 'A' in the State of Assam on EPC mode Pkg-I Road works & Toll Plaza",,NHIDCL,,Assam,2016-01,2024-09,2025-03,2025-08,,274.34,0.0,116.67,100.0,2026-08,FlashReport_August_2026.pdf,96,"{""approval"": ""01/2016"", ""start"": ""(09/2024)"", ""actual"": null, ""original"": ""03/2025"", ""revised"": ""(08/2025)""}","{""original"": ""274.34"", ""revised"": ""0.00"", ""expenditure"": ""116.67""}"
618438,"4-Laning of NH-37 Section between Demow to End of Moran Bypass From Km. 534.800 to Km. 561.700 including Emergency Landing Facility ELF under SARDP-NE, Phase 'A' in the State of Assam on EPC mode",,NHIDCL,,Assam,2016-01,2023-01,2024-07,2025-08,,385.57,0.0,681.4,100.0,2026-08,FlashReport_August_2026.pdf,96,"{""approval"": ""01/2016"", ""start"": ""(01/2023)"", ""actual"": null, ""original"": ""07/2024"", ""revised"": ""(08/2025)""}","{""original"": ""385.57"", ""revised"": ""0.00"", ""expenditure"": ""681.40""}"
618440,"Construction of Balance Work of 4-Laning of the Section from Jhanji to Demow of NH- 37 Old from Km 490.800 to Km 534.800, under SARDP- NE on EPC Mode in the state of Assam Pkg- IV Structures & Toll Plaza",,NHIDCL,,Assam,2016-01,2024-10,2025-10,2026-10,,187.09,0.0,16.71,62.67,2026-08,FlashReport_August_2026.pdf,96,"{""approval"": ""01/2016"", ""start"": ""(10/2024)"", ""actual"": null, ""original"": ""10/2025"", ""revised"": ""(10/2026)""}","{""original"": ""187.09"", ""revised"": ""0.00"", ""expenditure"": ""16.71""}"
618441,"Construction of Balance Work of 4-Laning of the Section from Jhanji to Demow of NH- 37 Old from Km 490.800 to Km 501.800 11.000 Km, under SARDP- NE under EPC Mode in the state of Assam Pkg-I Road Works",,NHIDCL,,Assam,2016-01,2024-10,2025-09,2026-10,,467.79,0.0,97.88,88.93,2026-08,FlashReport_August_2026.pdf,96,"{""approval"": ""01/2016"", ""start"": ""(10/2024)"", ""actual"": null, ""original"": ""09/2025"", ""revised"": ""(10/2026)""}","{""original"": ""467.79"", ""revised"": ""0.00"", ""expenditure"": ""97.88""}"
618442,"Construction of Balance Work of the 4-Laning of the Section from Jorhat to Jhanji of NH-37 Old from Km 477.000 to Km 490800 13.800 Km, under SARDP- NE under EPC Mode in the state of Assam Pkg-III Road Works",,NHIDCL,,Assam,2024-01,2024-02,2024-08,2026-06,,358.72,0.0,100.4,100.0,2026-08,FlashReport_August_2026.pdf,97,"{""approval"": ""01/2024"", ""start"": ""(02/2024)"", ""actual"": null, ""original"": ""08/2024"", ""revised"": ""(06/2026)""}","{""original"": ""358.72"", ""revised"": ""0.00"", ""expenditure"": ""100.40""}"
618934,Guwahati Ring Road in the State of Assam,,NHAI,,Assam,2024-08,2026-01,2030-01,2030-01,,5729.47,0.0,364.51,1.3,2026-08,FlashReport_August_2026.pdf,97,"{""approval"": ""08/2024"", ""start"": ""(01/2026)"", ""actual"": null, ""original"": ""01/2030"", ""revised"": ""(01/2030)""}","{""original"": ""5,729.47"", ""revised"": ""0.00"", ""expenditure"": ""364.51""}"
618958,2L with ES of Yagyi - Kalewa section from Milepost 40/0 to Milepost 115/5 in Myanmar,,NHAI,,Assam,2017-12,2018-05,2023-06,2027-12,,1200.14,0.0,0.0,52.0,2026-08,FlashReport_August_2026.pdf,97,"{""approval"": ""12/2017"", ""start"": ""(05/2018)"", ""actual"": null, ""original"": ""06/2023"", ""revised"": ""(12/2027)""}","{""original"": ""1,200.14"", ""revised"": ""0.00"", ""expenditure"": ""0.00""}"
619013,"Construction of Balance Work of 4-Laning of the Section from Jhanji to Demow of NH- 37 Old from Km 501.800 to Km 514.800 13.000 Km, under SARDP- NE under EPC Mode in the state of Assam Pkg-II Road Works",,NHIDCL,,Assam,2014-10,2024-10,2026-01,2026-10,,508.76,0.0,114.14,81.27,2026-08,FlashReport_August_2026.pdf,97,"{""approval"": ""10/2014"", ""start"": ""(10/2024)"", ""actual"": null, ""original"": ""01/2026"", ""revised"": ""(10/2026)""}","{""original"": ""508.76"", ""revised"": ""0.00"", ""expenditure"": ""114.14""}"
619057,Construction of 4-Lane Badarpur Bypass from Design Chainage km 27300 at crossing with NH-6 Old NH-44 Near Siddeswar Pt.-I Village to Design Chainage km 38600 on NH-37 Old NH-44 at Kandigram Chaita Village on Silchar - Churaibari stretch in the State of Assam on EPC Mode under Bharatmala Pariyojana in Economic Corridors Silchar- Churaibari Pkg-3,,NHIDCL,,Assam,2023-02,2024-02,2026-08,2027-03,,574.26,0.0,331.19,71.09,2026-08,FlashReport_August_2026.pdf,97,"{""approval"": ""02/2023"", ""start"": ""(02/2024)"", ""actual"": null, ""original"": ""08/2026"", ""revised"": ""(03/2027)""}","{""original"": ""574.26"", ""revised"": ""0.00"", ""expenditure"": ""331.19""}"
619060,"Construction of Balance Work of 4-Laning of the Section from Jhanji to Demow of NH- 37 Old from Km 514.800 to Km 534.800 20.000 Km, under SARDP- NE under EPC Mode in the state of Assam Pkg-III Road Works",,NHIDCL,,Assam,2014-10,2024-10,2025-09,2026-10,,344.71,0.0,56.61,74.4,2026-08,FlashReport_August_2026.pdf,97,"{""approval"": ""10/2014"", ""start"": ""(10/2024)"", ""actual"": null, ""original"": ""09/2025"", ""revised"": ""(10/2026)""}","{""original"": ""344.71"", ""revised"": ""0.00"", ""expenditure"": ""56.61""}"
619089,Balance work of 4L of NarimbangloJatinga Junction- Harangajoroad section from Km 0.000 to Km 49.230 of NH-27,,NHAI,,Assam,2022-03,2023-01,2026-01,2026-09,,1909.98,0.0,1434.97,98.0,2026-08,FlashReport_August_2026.pdf,97,"{""approval"": ""03/2022"", ""start"": ""(01/2023)"", ""actual"": null, ""original"": ""01/2026"", ""revised"": ""(09/2026)""}","{""original"": ""1,909.98"", ""revised"": ""0.00"", ""expenditure"": ""1,434.97""}"
617897,Construction of proposed 4Lane Revelgunj bypass NH-19 in the State of Bihar on EPC mode connecting NH 19 to 85 origin,,MoRTH,,Bihar,2022-03,2023-07,2025-07,2026-12,,295.24,0.0,178.52,91.79,2026-08,FlashReport_August_2026.pdf,97,"{""approval"": ""03/2022"", ""start"": ""(07/2023)"", ""actual"": null, ""original"": ""07/2025"", ""revised"": ""(12/2026)""}","{""original"": ""295.24"", ""revised"": ""0.00"", ""expenditure"": ""178.52""}"
617958,Widening & Strenthening from km132.895 to km 190.15 NH-80,,MoRTH,,Bihar,2021-03,2022-11,2024-11,2026-11,,566.1,0.0,376.64,95.15,2026-08,FlashReport_August_2026.pdf,97,"{""approval"": ""03/2021"", ""start"": ""(11/2022)"", ""actual"": null, ""original"": ""11/2024"", ""revised"": ""(11/2026)""}","{""original"": ""566.10"", ""revised"": ""0.00"", ""expenditure"": ""376.64""}"
617961,Gaya-Hisua-Rajgir-Nalanda-Biharsharif section km0.00 to 92.935 NH-82,,MoRTH,,Bihar,2014-01,2016-11,2019-11,2026-12,,1408.85,0.0,1784.89,97.0,2026-08,FlashReport_August_2026.pdf,97,"{""approval"": ""01/2014"", ""start"": ""(11/2016)"", ""actual"": null, ""original"": ""11/2019"", ""revised"": ""(12/2026)""}","{""original"": ""1,408.85"", ""revised"": ""0.00"", ""expenditure"": ""1,784.89""}"
617966,Rehabilitation and Upgrading to 2 lanes/2-lane with paved shoulders configuration and strengthening of of Birpur and Bihpur Section from km 0.0 to Km 106 of NH 106 under phase I of National Highways Interconnectivity Improvement Projects NHIIP ICB No. NHIIP-BR-106-7 [NHIIP-BR-106-7],,MoRTH,,Bihar,2014-01,2016-10,2019-10,2026-10,,780.77,0.0,832.37,99.74,2026-08,FlashReport_August_2026.pdf,97,"{""approval"": ""01/2014"", ""start"": ""(10/2016)"", ""actual"": null, ""original"": ""10/2019"", ""revised"": ""(10/2026)""}","{""original"": ""780.77"", ""revised"": ""0.00"", ""expenditure"": ""832.37""}"
617969,Construction of 4 Lane ROB and its approaches at the level crossing LC No 29 B of Km 29 Ekangarsarai at NH 110 New NH 33 & Railway Km 32.63 at Fatwa FUT Islampur IPR section in the state of Bihar on EPC mode.,,MoRTH,,Bihar,2023-03,2024-07,2026-07,2026-12,,201.08,0.0,57.98,62.0,2026-08,FlashReport_August_2026.pdf,97,"{""approval"": ""03/2023"", ""start"": ""(07/2024)"", ""actual"": null, ""original"": ""07/2026"", ""revised"": ""(12/2026)""}","{""original"": ""201.08"", ""revised"": ""0.00"", ""expenditure"": ""57.98""}"
618004,Construction of Bhabhua Bypass from Ch. 10800Design Ch. 10800 to Ch. 19860 Design Ch. 18150 and Chand Bypass from Ch. 38060 Design Ch. 36250 to Ch. 40460 Design Ch. 38650 and widening of existing road to 2 - lane with Paved shoulder from Ch. 40460 Design Ch. 38650 to Ch. 46860 Design Ch. 45050 of NH-219 Total length- 16.150 Kmunder EPC mode in the state of Bihar,,MoRTH,,Bihar,2022-02,2026-06,2027-12,2027-12,,179.86,0.0,30.54,3.0,2026-08,FlashReport_August_2026.pdf,97,"{""approval"": ""02/2022"", ""start"": ""(06/2026)"", ""actual"": null, ""original"": ""12/2027"", ""revised"": ""(12/2027)""}","{""original"": ""179.86"", ""revised"": ""0.00"", ""expenditure"": ""30.54""}"
618073,Improvement to Two lane with Paved Shoulder from Junction of NH22 near Hajipur to Junction of NH -122 at Bachhwara via Mahnar and Mohiuddin Nagar from Km 0.00 to Km 29.730 of NH 122 B in the State of Bihar.,,MoRTH,,Bihar,2024-02,2024-08,2026-02,2027-02,,226.16,0.0,71.04,65.0,2026-08,FlashReport_August_2026.pdf,97,"{""approval"": ""02/2024"", ""start"": ""(08/2024)"", ""actual"": null, ""original"": ""02/2026"", ""revised"": ""(02/2027)""}","{""original"": ""226.16"", ""revised"": ""0.00"", ""expenditure"": ""71.04""}"
618074,Pre construction activity of NH 122B from km 0 to 72.348 and Improvement to two lane with paved shoulders of NH 122B from km 29.730 to km 72.348 in state of Bihar under EPC mode,,MoRTH,,Bihar,2022-02,2023-05,2026-08,2026-10,,624.43,0.0,392.71,97.0,2026-08,FlashReport_August_2026.pdf,97,"{""approval"": ""02/2022"", ""start"": ""(05/2023)"", ""actual"": null, ""original"": ""08/2026"", ""revised"": ""(10/2026)""}","{""original"": ""624.43"", ""revised"": ""0.00"", ""expenditure"": ""392.71""}"
618080,Improvement to two lane with paved shoulders of BH WB Border Amdabad Manihari section from design Km 0.000 to Km 23.945 of NH 131 A Total length 23.945 Km under EPC mode in the state of Bihar,,MoRTH,,Bihar,2022-01,2025-05,2026-11,2027-06,,353.27,0.0,512.4,8.0,2026-08,FlashReport_August_2026.pdf,97,"{""approval"": ""01/2022"", ""start"": ""(05/2025)"", ""actual"": null, ""original"": ""11/2026"", ""revised"": ""(06/2027)""}","{""original"": ""353.27"", ""revised"": ""0.00"", ""expenditure"": ""512.40""}"
618120,construction of Four-Lane of chausa-Buxar Bypass from Km 45.000 to Km 65.915 Package - 2 in the State of Bihar on EPC Mode.,,MoRTH,,Bihar,2022-09,2026-01,2028-01,2028-01,,1060.16,0.0,29.84,6.0,2026-08,FlashReport_August_2026.pdf,97,"{""approval"": ""09/2022"", ""start"": ""(01/2026)"", ""actual"": null, ""original"": ""01/2028"", ""revised"": ""(01/2028)""}","{""original"": ""1,060.16"", ""revised"": ""0.00"", ""expenditure"": ""29.84""}"
618121,Improvement to two lane with paved shoulders of NH-319A from km 0 to km 45 in state of Bihar under EPC mode,,MoRTH,,Bihar,2022-02,2023-06,2024-12,2026-11,,427.29,0.0,276.13,93.0,2026-08,FlashReport_August_2026.pdf,98,"{""approval"": ""02/2022"", ""start"": ""(06/2023)"", ""actual"": null, ""original"": ""12/2024"", ""revised"": ""(11/2026)""}","{""original"": ""427.29"", ""revised"": ""0.00"", ""expenditure"": ""276.13""}"
618126,"Pre-Construction activities from Km 134.000 to Km 190.233 of NH-333A and Construction of 4 no. of Bypasses at Katoria, Lakhpura, Banka & Panjwara total length-14.359 Km to two lane with paved shoulders standard in State of Bihar.",,MoRTH,,Bihar,2022-11,2024-12,2026-12,2027-03,,479.37,0.0,101.5,58.75,2026-08,FlashReport_August_2026.pdf,98,"{""approval"": ""11/2022"", ""start"": ""(12/2024)"", ""actual"": null, ""original"": ""12/2026"", ""revised"": ""(03/2027)""}","{""original"": ""479.37"", ""revised"": ""0.00"", ""expenditure"": ""101.50""}"
618146,Estimate for Improvement to two lane with paved shoulder from Ramnagar to Roseda from km 3.500 to 43.000 of NH 527 E on EPC mode in State of Bihar,,MoRTH,,Bihar,2022-01,2024-10,2026-04,2027-06,,495.16,0.0,221.38,40.0,2026-08,FlashReport_August_2026.pdf,98,"{""approval"": ""01/2022"", ""start"": ""(10/2024)"", ""actual"": null, ""original"": ""04/2026"", ""revised"": ""(06/2027)""}","{""original"": ""495.16"", ""revised"": ""0.00"", ""expenditure"": ""221.38""}"
618228,construction of a new 4 lane Parallel to existing MG Setu with its approaces from km 0.00 to km 14.500 across river Ganga on NH-19 at Patna in the state of Bihar.,,MoRTH,,Bihar,2019-02,2021-03,2024-09,2027-12,,2926.42,0.0,1721.72,75.79,2026-08,FlashReport_August_2026.pdf,98,"{""approval"": ""02/2019"", ""start"": ""(03/2021)"", ""actual"": null, ""original"": ""09/2024"", ""revised"": ""(12/2027)""}","{""original"": ""2,926.42"", ""revised"": ""0.00"", ""expenditure"": ""1,721.72""}"
618234,Construction of a new 4-lane major bridge across river Kosi at Phulaut including Rehabilitation and upgradation of existing Birpur and Bihpur section of NH-106 from km 106.000 to km 136.000 to 2-lane with paved shoulders in the State of Bihar on EPC mode,,MoRTH,,Bihar,2018-09,2021-06,2024-06,2027-02,,1478.4,0.0,1323.35,99.0,2026-08,FlashReport_August_2026.pdf,98,"{""approval"": ""09/2018"", ""start"": ""(06/2021)"", ""actual"": null, ""original"": ""06/2024"", ""revised"": ""(02/2027)""}","{""original"": ""1,478.40"", ""revised"": ""0.00"", ""expenditure"": ""1,323.35""}"
618246,Construction of New 4-Lane Bridge Parallel to existing Vikramashila Setufrom km 8920 to Km 13375including approach road 35m Naugachhia side &53 m Bhagalpur sideacross River Ganga on newly declared NH-131B at Bhagalpur in the State of Bihar,,MoRTH,,Bihar,2020-07,2023-05,2027-05,2029-03,,1110.23,0.0,522.58,52.6,2026-08,FlashReport_August_2026.pdf,98,"{""approval"": ""07/2020"", ""start"": ""(05/2023)"", ""actual"": null, ""original"": ""05/2027"", ""revised"": ""(03/2029)""}","{""original"": ""1,110.23"", ""revised"": ""0.00"", ""expenditure"": ""522.58""}"
618250,Construction of 6-Lane Elevated / Extra Dose Cable Bridge on River Ganga parallel to & Western side of Digha-Sonepur Rail cum-Road Bridge of NH 139W in the State of Bihar,,MoRTH,,Bihar,2024-01,2024-05,2027-11,2028-12,,3064.45,0.0,407.62,18.92,2026-08,FlashReport_August_2026.pdf,98,"{""approval"": ""01/2024"", ""start"": ""(05/2024)"", ""actual"": null, ""original"": ""11/2027"", ""revised"": ""(12/2028)""}","{""original"": ""3,064.45"", ""revised"": ""0.00"", ""expenditure"": ""407.62""}"
618251,"Improvement and Up gradation to four lane with Paved shoulder configuration from Existing Km 0000 to Km 39500 design km 0500 to Km 40342, Design length km of NH 227A near Mehrauna GhatUP Bihar Border to Siwan on the state of Bihar on Hybrid Annuity Model HAM basis",,MoRTH,,Bihar,2023-03,2025-09,2028-03,2028-03,,1661.25,0.0,209.87,10.03,2026-08,FlashReport_August_2026.pdf,98,"{""approval"": ""03/2023"", ""start"": ""(09/2025)"", ""actual"": null, ""original"": ""03/2028"", ""revised"": ""(03/2028)""}","{""original"": ""1,661.25"", ""revised"": ""0.00"", ""expenditure"": ""209.87""}"
618571,Permanent rectification of 3 nos. of black spots in project Highway NH-27 of U.P border - Dewapur - Kotwa section from Km.360.915 to km.440.000 Total Length of 79.085 Km of NH-27& Permanent rectification of 5 nos. of black spots of project Highway NH-27 of Kotwa - Mehsi - Muzaffarpur Section from km.440.000 to km.520.000 Total length 80.00Km,,NHAI,,Bihar,2022-04,2023-12,2025-12,2026-12,,227.25,0.0,233.89,83.01,2026-08,FlashReport_August_2026.pdf,98,"{""approval"": ""04/2022"", ""start"": ""(12/2023)"", ""actual"": null, ""original"": ""12/2025"", ""revised"": ""(12/2026)""}","{""original"": ""227.25"", ""revised"": ""0.00"", ""expenditure"": ""233.89""}"
618725,6L Greenfield Varanasi-Ranchi-Kolkata Highway from Pachmon village to Anarbansalea village From KM. 116000 to KM. 151200 Package-6,,NHAI,,Bihar,2023-03,2025-09,2027-09,2027-09,,1915.99,0.0,439.98,24.87,2026-08,FlashReport_August_2026.pdf,98,"{""approval"": ""03/2023"", ""start"": ""(09/2025)"", ""actual"": null, ""original"": ""09/2027"", ""revised"": ""(09/2027)""}","{""original"": ""1,915.99"", ""revised"": ""0.00"", ""expenditure"": ""439.98""}"
618726,6L Greenfield Varanasi-Ranchi-Kolkata Highway from junction with Chandauli- Chainpur Road near Khainti village to junction with Bhabhua-Adhaura road near Palka village from Km. 27.000 to Km. 54.000 Pkg-2,,NHAI,,Bihar,2023-03,2025-10,2027-10,2027-10,,1240.93,0.0,252.45,26.77,2026-08,FlashReport_August_2026.pdf,98,"{""approval"": ""03/2023"", ""start"": ""(10/2025)"", ""actual"": null, ""original"": ""10/2027"", ""revised"": ""(10/2027)""}","{""original"": ""1,240.93"", ""revised"": ""0.00"", ""expenditure"": ""252.45""}"
618727,6L Greenfield Varanasi-Ranchi-Kolkata Highway from junction with Bhabhua-Adhaura road in Bhairopur village to Konki village From KM. 54.000 to KM. 90.000Pkg-3,,NHAI,,Bihar,2023-03,2025-10,2027-10,2027-10,,1576.94,0.0,328.35,27.91,2026-08,FlashReport_August_2026.pdf,98,"{""approval"": ""03/2023"", ""start"": ""(10/2025)"", ""actual"": null, ""original"": ""10/2027"", ""revised"": ""(10/2027)""}","{""original"": ""1,576.94"", ""revised"": ""0.00"", ""expenditure"": ""328.35""}"
618738,6L Bridge and its approaches across River Ganga as Part of Patna Ring Road NH- 131G starting from Km 8.480 near Sherpur to Km 23.000 near Dighwara,,NHAI,,Bihar,2022-09,2023-09,2027-09,2029-03,,6291.69,0.0,769.02,22.05,2026-08,FlashReport_August_2026.pdf,98,"{""approval"": ""09/2022"", ""start"": ""(09/2023)"", ""actual"": null, ""original"": ""09/2027"", ""revised"": ""(03/2029)""}","{""original"": ""6,291.69"", ""revised"": ""0.00"", ""expenditure"": ""769.02""}"
618739,4L Greenfield Alignment of Amas to Shivrampur from 0.000 Km. to 55.002 Km. of NH 119 D Pkg-I,,NHAI,,Bihar,2022-02,2023-03,2025-03,2027-07,,1390.92,0.0,642.43,54.8,2026-08,FlashReport_August_2026.pdf,98,"{""approval"": ""02/2022"", ""start"": ""(03/2023)"", ""actual"": null, ""original"": ""03/2025"", ""revised"": ""(07/2027)""}","{""original"": ""1,390.92"", ""revised"": ""0.00"", ""expenditure"": ""642.43""}"
618740,4L Greenfield Alignment of Shivrampur to Ramnagar from Km. 55.002 to Km. 109.300 of NH 119 D Pkg-II,,NHAI,,Bihar,2022-02,2023-07,2025-07,2027-11,,1494.31,0.0,706.06,50.8,2026-08,FlashReport_August_2026.pdf,98,"{""approval"": ""02/2022"", ""start"": ""(07/2023)"", ""actual"": null, ""original"": ""07/2025"", ""revised"": ""(11/2027)""}","{""original"": ""1,494.31"", ""revised"": ""0.00"", ""expenditure"": ""706.06""}"
618741,4L Greenfield Alignment from Kalyanapur to Tal Dashraha of NH-119D Pkg-III,,NHAI,,Bihar,2022-03,2023-02,2025-02,2028-03,,1857.58,0.0,957.5,36.25,2026-08,FlashReport_August_2026.pdf,98,"{""approval"": ""03/2022"", ""start"": ""(02/2023)"", ""actual"": null, ""original"": ""02/2025"", ""revised"": ""(03/2028)""}","{""original"": ""1,857.58"", ""revised"": ""0.00"", ""expenditure"": ""957.50""}"
618742,"Construction of 6-lane Greenfield corridor from Ramnagar to Kacchi Dargah NH-119D from Km 109700 to Km 122300, including widening of the existing NH-31 from Km 196700 to Km 198600, as part of the Amas-Darbhanga.",,NHAI,,Bihar,2025-01,2026-04,2028-04,2028-04,,1113.46,0.0,13.38,0.8,2026-08,FlashReport_August_2026.pdf,99,"{""approval"": ""01/2025"", ""start"": ""(04/2026)"", ""actual"": null, ""original"": ""04/2028"", ""revised"": ""(04/2028)""}","{""original"": ""1,113.46"", ""revised"": ""0.00"", ""expenditure"": ""13.38""}"
618775,Ara Bypass,,NHAI,,Bihar,2025-03,2025-10,2027-04,2027-04,,226.32,0.0,6.32,25.78,2026-08,FlashReport_August_2026.pdf,99,"{""approval"": ""03/2025"", ""start"": ""(10/2025)"", ""actual"": null, ""original"": ""04/2027"", ""revised"": ""(04/2027)""}","{""original"": ""226.32"", ""revised"": ""0.00"", ""expenditure"": ""6.32""}"
618790,Construction of four laning of Bakarpur- Manikpur road section starting from village Chitarsenpur km 0000 and terminating at SH-74 near Manikpur 38814 at NH-139W under Bharatmalapariyona,,NHAI,,Bihar,2023-03,2024-10,2027-04,2027-09,,1422.37,0.0,671.84,49.0,2026-08,FlashReport_August_2026.pdf,99,"{""approval"": ""03/2023"", ""start"": ""(10/2024)"", ""actual"": null, ""original"": ""04/2027"", ""revised"": ""(09/2027)""}","{""original"": ""1,422.37"", ""revised"": ""0.00"", ""expenditure"": ""671.84""}"
618791,4L PS under NH configuration of Manikpur-Sahebganj of NH-139W,,NHAI,,Bihar,2024-10,2026-01,2027-12,2027-12,,1538.76,0.0,599.9,27.5,2026-08,FlashReport_August_2026.pdf,99,"{""approval"": ""10/2024"", ""start"": ""(01/2026)"", ""actual"": null, ""original"": ""12/2027"", ""revised"": ""(12/2027)""}","{""original"": ""1,538.76"", ""revised"": ""0.00"", ""expenditure"": ""599.90""}"
618840,Simaria Km. 206.050 to Khagaria Km. 266.282,,NHAI,,Bihar,2015-12,2016-10,2019-04,2026-12,,664.02,0.0,816.96,97.73,2026-08,FlashReport_August_2026.pdf,99,"{""approval"": ""12/2015"", ""start"": ""(10/2016)"", ""actual"": null, ""original"": ""04/2019"", ""revised"": ""(12/2026)""}","{""original"": ""664.02"", ""revised"": ""0.00"", ""expenditure"": ""816.96""}"
618841,4L Elevated Section and at-grade improvements at Begusarai town Simaria - Khagaria section from Km. 221.047 to Km. 225.302 of NH-31,,NHAI,,Bihar,2021-10,2022-06,2024-12,2026-10,,491.04,0.0,354.71,96.2,2026-08,FlashReport_August_2026.pdf,99,"{""approval"": ""10/2021"", ""start"": ""(06/2022)"", ""actual"": null, ""original"": ""12/2024"", ""revised"": ""(10/2026)""}","{""original"": ""491.04"", ""revised"": ""0.00"", ""expenditure"": ""354.71""}"
618861,Bakhtiyarpur-Rajauli Pkg-II from km. 54.405 to km.101.630,,NHAI,,Bihar,2020-09,2021-04,2023-07,2026-09,,897.45,0.0,914.29,97.85,2026-08,FlashReport_August_2026.pdf,99,"{""approval"": ""09/2020"", ""start"": ""(04/2021)"", ""actual"": null, ""original"": ""07/2023"", ""revised"": ""(09/2026)""}","{""original"": ""897.45"", ""revised"": ""0.00"", ""expenditure"": ""914.29""}"
618862,Bakhtiyarpur-Rajauli Pkg-III from km. 101.630 to km.152.520,,NHAI,,Bihar,2020-09,2021-12,2024-06,2026-09,,2156.22,0.0,1823.64,99.14,2026-08,FlashReport_August_2026.pdf,99,"{""approval"": ""09/2020"", ""start"": ""(12/2021)"", ""actual"": null, ""original"": ""06/2024"", ""revised"": ""(09/2026)""}","{""original"": ""2,156.22"", ""revised"": ""0.00"", ""expenditure"": ""1,823.64""}"
618902,Maheshkunt-Saharsa-Purnea Pkg I km 0.00 to km. 90.00 of NH-107,,NHAI,,Bihar,2017-02,2019-12,2021-12,2026-12,,662.44,0.0,1127.24,90.38,2026-08,FlashReport_August_2026.pdf,99,"{""approval"": ""02/2017"", ""start"": ""(12/2019)"", ""actual"": null, ""original"": ""12/2021"", ""revised"": ""(12/2026)""}","{""original"": ""662.44"", ""revised"": ""0.00"", ""expenditure"": ""1,127.24""}"
618903,Maheshkunt -Saharsa-Purnea Pkg II,,NHAI,,Bihar,2017-03,2018-12,2020-12,2026-09,,1245.33,0.0,1261.02,94.0,2026-08,FlashReport_August_2026.pdf,99,"{""approval"": ""03/2017"", ""start"": ""(12/2018)"", ""actual"": null, ""original"": ""12/2020"", ""revised"": ""(09/2026)""}","{""original"": ""1,245.33"", ""revised"": ""0.00"", ""expenditure"": ""1,261.02""}"
618905,Widening with additional 3L abetting Chhapra Bypass Section of NH-19 from Km. 143.200 to Km. 159.255 Pkg-1,,NHAI,,Bihar,2024-02,2024-08,2026-08,2026-10,,470.5,0.0,318.83,77.28,2026-08,FlashReport_August_2026.pdf,99,"{""approval"": ""02/2024"", ""start"": ""(08/2024)"", ""actual"": null, ""original"": ""08/2026"", ""revised"": ""(10/2026)""}","{""original"": ""470.50"", ""revised"": ""0.00"", ""expenditure"": ""318.83""}"
618914,"4L Elevated Corridor and at-grade improvements from Design Ch0000 to Design Ch 19870 of Danapur Bihta Section, Design Ch0000 to Design Ch0231 connecting the existing RoB near Danapur station ,1.35 Km ramps and at-grade improvements to 4- lane section on Danapur side and Upgradation of existing Two lane carriageway to Four Lane carriageway from Design Ch19870 to Design Ch23500 of Bihta - Koilwar section",,NHAI,,Bihar,2022-10,2024-03,2026-09,2027-08,,4432.97,0.0,1650.59,63.91,2026-08,FlashReport_August_2026.pdf,99,"{""approval"": ""10/2022"", ""start"": ""(03/2024)"", ""actual"": null, ""original"": ""09/2026"", ""revised"": ""(08/2027)""}","{""original"": ""4,432.97"", ""revised"": ""0.00"", ""expenditure"": ""1,650.59""}"
618917,4L Greenfield starting from NH-30 near Saristabad Patna to Nathupur Project end point of Patna-Gaya-Dobhi Section of NH-83,,NHAI,,Bihar,2023-07,2024-03,2025-08,2026-09,,488.24,0.0,101.06,90.03,2026-08,FlashReport_August_2026.pdf,99,"{""approval"": ""07/2023"", ""start"": ""(03/2024)"", ""actual"": null, ""original"": ""08/2025"", ""revised"": ""(09/2026)""}","{""original"": ""488.24"", ""revised"": ""0.00"", ""expenditure"": ""101.06""}"
618926,4L of Siwan- Masrakh section of Ram Janki Marg from Km 230.385 to Km 281.391 of NH-227A,,NHAI,,Bihar,2022-08,2024-11,2026-11,2028-11,,1431.36,0.0,521.99,10.97,2026-08,FlashReport_August_2026.pdf,99,"{""approval"": ""08/2022"", ""start"": ""(11/2024)"", ""actual"": null, ""original"": ""11/2026"", ""revised"": ""(11/2028)""}","{""original"": ""1,431.36"", ""revised"": ""0.00"", ""expenditure"": ""521.99""}"
618953,Umagaon-Saharsa Package-IV Koshi Bridge & approach Road - Bheja-Bakaur,,NHAI,,Bihar,2019-02,2020-02,2023-08,2027-03,,1199.58,0.0,1331.17,92.4,2026-08,FlashReport_August_2026.pdf,99,"{""approval"": ""02/2019"", ""start"": ""(02/2020)"", ""actual"": null, ""original"": ""08/2023"", ""revised"": ""(03/2027)""}","{""original"": ""1,199.58"", ""revised"": ""0.00"", ""expenditure"": ""1,331.17""}"
618954,Umagaon - Saharsa Package - I Combined Umagaon-Kaluahi0.000KM to 21.609Km of NH227LSaharghat-Rahika0.000 Km to 26.130KM of NH227JRahika-Rampatti 0.00 KM to 15.00KM of NH527ABideshwarsthan-Bheja0.000KM to 25.915KM of NH527A.,,NHAI,,Bihar,2022-08,2025-01,2027-07,2027-07,,1473.2,0.0,666.87,23.78,2026-08,FlashReport_August_2026.pdf,99,"{""approval"": ""08/2022"", ""start"": ""(01/2025)"", ""actual"": null, ""original"": ""07/2027"", ""revised"": ""(07/2027)""}","{""original"": ""1,473.20"", ""revised"": ""0.00"", ""expenditure"": ""666.87""}"
618955,2L PS of Majhauli to Charout section from km. 0.00 to km. 63.655,,NHAI,,Bihar,2018-01,2019-11,2021-11,2026-09,,638.29,0.0,1104.68,99.8,2026-08,FlashReport_August_2026.pdf,99,"{""approval"": ""01/2018"", ""start"": ""(11/2019)"", ""actual"": null, ""original"": ""11/2021"", ""revised"": ""(09/2026)""}","{""original"": ""638.29"", ""revised"": ""0.00"", ""expenditure"": ""1,104.68""}"
618956,Construction of Major Bridge over Baghmati and Lakhandei River along with Approaches from Design km.16.500 to km.21.500,,NHAI,,Bihar,2024-02,2024-10,2027-04,2028-03,,498.97,0.0,57.79,26.84,2026-08,FlashReport_August_2026.pdf,99,"{""approval"": ""02/2024"", ""start"": ""(10/2024)"", ""actual"": null, ""original"": ""04/2027"", ""revised"": ""(03/2028)""}","{""original"": ""498.97"", ""revised"": ""0.00"", ""expenditure"": ""57.79""}"
619127,4L of Greenfield Alignment from Km. 47.000 to Km. 89.210 of Balbhadarpur to Bela Nawda Section of NH-119D,,NHAI,,Bihar,2022-03,2024-03,2026-03,2028-03,,2185.75,0.0,764.98,30.41,2026-08,FlashReport_August_2026.pdf,99,"{""approval"": ""03/2022"", ""start"": ""(03/2024)"", ""actual"": null, ""original"": ""03/2026"", ""revised"": ""(03/2028)""}","{""original"": ""2,185.75"", ""revised"": ""0.00"", ""expenditure"": ""764.98""}"
619136,Rehabilitation and Upgradation of Chorma - Bairgania Section of National Highway No 227F to 2 lane with paved shoulders from Design Ch.0.000 to Ch. 34.566,,NHAI,,Bihar,2022-06,2024-02,2026-01,2026-09,,610.78,0.0,340.56,100.0,2026-08,FlashReport_August_2026.pdf,100,"{""approval"": ""06/2022"", ""start"": ""(02/2024)"", ""actual"": null, ""original"": ""01/2026"", ""revised"": ""(09/2026)""}","{""original"": ""610.78"", ""revised"": ""0.00"", ""expenditure"": ""340.56""}"
619152,Bakhtiyarpur Km 153.300 to Mokama Km 197.900,,NHAI,,Bihar,2015-12,2017-06,2019-12,2026-09,,1898.84,0.0,1799.39,99.95,2026-08,FlashReport_August_2026.pdf,100,"{""approval"": ""12/2015"", ""start"": ""(06/2017)"", ""actual"": null, ""original"": ""12/2019"", ""revised"": ""(09/2026)""}","{""original"": ""1,898.84"", ""revised"": ""0.00"", ""expenditure"": ""1,799.39""}"
619166,Umagaon-Saharsa Package-V Bakaur-Parsarma-Bangaon-Bariyahi & Spur to Mahishi,,NHAI,,Bihar,2022-10,2023-12,2025-12,2026-09,,768.35,0.0,509.34,99.5,2026-08,FlashReport_August_2026.pdf,100,"{""approval"": ""10/2022"", ""start"": ""(12/2023)"", ""actual"": null, ""original"": ""12/2025"", ""revised"": ""(09/2026)""}","{""original"": ""768.35"", ""revised"": ""0.00"", ""expenditure"": ""509.34""}"
619289,4L of Munger Mirzachauki section from Munger to Kharia village junction from Km 69520 to Km 95580 Pkg-1,,NHAI,,Bihar,2021-01,2022-03,2024-03,2026-10,,1659.81,0.0,685.55,85.15,2026-08,FlashReport_August_2026.pdf,100,"{""approval"": ""01/2021"", ""start"": ""(03/2022)"", ""actual"": null, ""original"": ""03/2024"", ""revised"": ""(10/2026)""}","{""original"": ""1,659.81"", ""revised"": ""0.00"", ""expenditure"": ""685.55""}"
619301,Construction of Approach Road to Rail-cum- Road Bridge across river Ganga at Munger Ghat NH-333 B,,NHAI,,Bihar,2013-07,2018-12,2021-05,2026-09,,537.88,0.0,574.02,99.99,2026-08,FlashReport_August_2026.pdf,100,"{""approval"": ""07/2013"", ""start"": ""(12/2018)"", ""actual"": null, ""original"": ""05/2021"", ""revised"": ""(09/2026)""}","{""original"": ""537.88"", ""revised"": ""0.00"", ""expenditure"": ""574.02""}"
619305,4L of Munger Mirzachauki section from start of existing Bhagalpur bypass to Rasulpur from Km 125000 to Km 157350 Pkg-3,,NHAI,,Bihar,2021-01,2022-04,2024-04,2026-12,,1769.5,0.0,681.07,81.03,2026-08,FlashReport_August_2026.pdf,100,"{""approval"": ""01/2021"", ""start"": ""(04/2022)"", ""actual"": null, ""original"": ""04/2024"", ""revised"": ""(12/2026)""}","{""original"": ""1,769.50"", ""revised"": ""0.00"", ""expenditure"": ""681.07""}"
619306,4L of Munger Mirzachauki section from Km 95580 to Km 125000 Pkg-2,,NHAI,,Bihar,2021-02,2022-03,2024-03,2026-09,,1020.84,0.0,643.08,95.9,2026-08,FlashReport_August_2026.pdf,100,"{""approval"": ""02/2021"", ""start"": ""(03/2022)"", ""actual"": null, ""original"": ""03/2024"", ""revised"": ""(09/2026)""}","{""original"": ""1,020.84"", ""revised"": ""0.00"", ""expenditure"": ""643.08""}"
619317,4L of Hajipur-Muzaffarpur Section of the existing NH-77 from Km. 0000 Ramashish Chowk to Km. 46300 and new bypass starting at Km. 46300 and connecting NH-28 of E-W Corridor at Km. 515045,,NHAI,,Bihar,2010-08,2010-08,2013-02,2026-10,,2723.39,0.0,2160.8,99.45,2026-08,FlashReport_August_2026.pdf,100,"{""approval"": ""08/2010"", ""start"": ""(08/2010)"", ""actual"": null, ""original"": ""02/2013"", ""revised"": ""(10/2026)""}","{""original"": ""2,723.39"", ""revised"": ""0.00"", ""expenditure"": ""2,160.80""}"
617908,Bemetara Bypass NH 30,,MoRTH,,Chhattisgarh,2024-01,2025-04,2027-04,2027-04,,161.96,0.0,38.39,45.0,2026-08,FlashReport_August_2026.pdf,100,"{""approval"": ""01/2024"", ""start"": ""(04/2025)"", ""actual"": null, ""original"": ""04/2027"", ""revised"": ""(04/2027)""}","{""original"": ""161.96"", ""revised"": ""0.00"", ""expenditure"": ""38.39""}"
617919,Construction of 4 Nos Grade separtor between km. 281.000 to km. 307.600 km. 286.400 kumhari km. 299.000 Transport Nagar km. 302.000 Power House km. 304.000 Chandra Moura Chowk to km. 305.000 supeia of NH-53 old NH-06 Raipur - Durg 4 Lane on EPC mode in the state of chhattisgarh job NO. NH-53old NH-06 CG- 2017-18-56,,MoRTH,,Chhattisgarh,2018-03,2019-01,2021-01,2025-08,,349.03,0.0,321.49,97.9,2026-08,FlashReport_August_2026.pdf,100,"{""approval"": ""03/2018"", ""start"": ""(01/2019)"", ""actual"": null, ""original"": ""01/2021"", ""revised"": ""(08/2025)""}","{""original"": ""349.03"", ""revised"": ""0.00"", ""expenditure"": ""321.49""}"
617971,Up-gradation to Two/Four lane with paved shoulder Configuration of Kondagaon- Narayanpur from design ch. 0.00 - 48.693 Design Length 47.493 Km. 1.20 Km. retained on NH-130D under EPC mode in the State Chhattisgarh.,,MoRTH,,Chhattisgarh,2022-12,2025-03,2027-03,2027-03,,322.4,0.0,142.76,70.0,2026-08,FlashReport_August_2026.pdf,100,"{""approval"": ""12/2022"", ""start"": ""(03/2025)"", ""actual"": null, ""original"": ""03/2027"", ""revised"": ""(03/2027)""}","{""original"": ""322.40"", ""revised"": ""0.00"", ""expenditure"": ""142.76""}"
617972,Upgradation to Two lane with Paved Shoulder Configuration of Narayanpur Kasturmeta pkg-II from design ch. 48.693 to 70.453 design length21.760 Km. on NH-130D under EPC mode in the state of Chhattisgarh.,,MoRTH,,Chhattisgarh,2022-12,2024-12,2026-06,,,200.67,0.0,0.0,0.0,2026-08,FlashReport_August_2026.pdf,100,"{""approval"": ""12/2022"", ""start"": ""(12/2024)"", ""actual"": null, ""original"": ""06/2026"", ""revised"": ""(-)""}","{""original"": ""200.67"", ""revised"": ""0.00"", ""expenditure"": ""0.00""}"
618014,"Upgradation of Ambikapur-Ramanujganj-Garwa road of NH-343, Package-III, Badki mahri village to Ramanujganj section from existing km 80.600 to km 110.330 Design Ch. 85.370 to Ch. 114.800 of total length 29.430 km to two lane with paved shoulders udner corridor scheme under EPC Mode in the of Chhattisgarh",,MoRTH,,Chhattisgarh,2022-03,2025-05,2026-10,2026-10,,199.05,0.0,76.7,38.56,2026-08,FlashReport_August_2026.pdf,100,"{""approval"": ""03/2022"", ""start"": ""(05/2025)"", ""actual"": null, ""original"": ""10/2026"", ""revised"": ""(10/2026)""}","{""original"": ""199.05"", ""revised"": ""0.00"", ""expenditure"": ""76.70""}"
618015,"Upgradation of Keonchi - Ratanpur Road of NH 45 Package-I, from design chainage km 237.860 to km 273.200 of length 35.340 km to two lane with paved shoulders under Corridor scheme on EPC mode in the state of Chhattisgarh.",,MoRTH,,Chhattisgarh,2022-03,2024-07,2026-01,2026-12,,225.41,0.0,99.1,60.0,2026-08,FlashReport_August_2026.pdf,100,"{""approval"": ""03/2022"", ""start"": ""(07/2024)"", ""actual"": null, ""original"": ""01/2026"", ""revised"": ""(12/2026)""}","{""original"": ""225.41"", ""revised"": ""0.00"", ""expenditure"": ""99.10""}"
618016,"Upgradation of Ambikapur Ramanujganj - Garhwa Road NH 343 of Package-I, Rajpuri Khurd Village to Padih Village section from existing km 7.830 to km 57.650 Design Ch. 13.700 to Ch. 62.700 of total length 49.00 km to two lane with paved shoulders under EPC mode in the state of Chhattisgarh",,MoRTH,,Chhattisgarh,2022-03,2025-05,2027-05,2027-05,,397.44,0.0,120.08,28.07,2026-08,FlashReport_August_2026.pdf,100,"{""approval"": ""03/2022"", ""start"": ""(05/2025)"", ""actual"": null, ""original"": ""05/2027"", ""revised"": ""(05/2027)""}","{""original"": ""397.44"", ""revised"": ""0.00"", ""expenditure"": ""120.08""}"
618017,"Upgradation of Keonchi - Ratanpur Road of NH 45 Package-II, from design chainage km 278.75 to km 321.348 of length 42.598 km to two lane with paved shoulders under Corridor scheme on EPC mode in the state of Chhattisgarh.",,MoRTH,,Chhattisgarh,2022-03,2024-07,2026-01,2026-12,,286.0,0.0,125.64,60.0,2026-08,FlashReport_August_2026.pdf,100,"{""approval"": ""03/2022"", ""start"": ""(07/2024)"", ""actual"": null, ""original"": ""01/2026"", ""revised"": ""(12/2026)""}","{""original"": ""286.00"", ""revised"": ""0.00"", ""expenditure"": ""125.64""}"
618018,Upgradation of Bilaspur-Takhatpur-Mungeli-Pandariya-Pondi Road on N.H.-130A Package IIIA Takhatpur By-pass from existing Ch. 26.542 to 32.093 [Design Ch. 18.700 to 25.900] & Mungeli By-pass from existing Ch. 45.786 to 56.275 [Design Ch. 29.600 to 51.600] and Package IIIB Pandariya By-Pass from existing Ch. 82.582 to 87.133 [Design Ch. 77.900 to 81.1000 & Pondi By-pass from existing Ch. 103.166 to 104.756 [Design Ch. 97.000 to 103.395] to two lane with paved shoulder configuration in the,,MoRTH,,Chhattisgarh,2022-03,2024-01,2025-07,2026-12,,351.19,0.0,119.91,11.0,2026-08,FlashReport_August_2026.pdf,101,"{""approval"": ""03/2022"", ""start"": ""(01/2024)"", ""actual"": null, ""original"": ""07/2025"", ""revised"": ""(12/2026)""}","{""original"": ""351.19"", ""revised"": ""0.00"", ""expenditure"": ""119.91""}"
618589,Durg-Raipur Bypass Section Package - 1 from km. 0.00 to km. 44.50 near Tendesara to near Khatti Village,,NHAI,,Chhattisgarh,2022-06,2023-07,2025-07,2027-03,,1828.0,0.0,1072.3,75.39,2026-08,FlashReport_August_2026.pdf,101,"{""approval"": ""06/2022"", ""start"": ""(07/2023)"", ""actual"": null, ""original"": ""07/2025"", ""revised"": ""(03/2027)""}","{""original"": ""1,828.00"", ""revised"": ""0.00"", ""expenditure"": ""1,072.30""}"
618590,Durg-Raipur-Arang Package - 2 from km. 44.50 to km. 92.23 near Khatti Village to near Aurang,,NHAI,,Chhattisgarh,2022-06,2023-06,2025-05,2027-03,,1958.9,0.0,1009.65,73.96,2026-08,FlashReport_August_2026.pdf,101,"{""approval"": ""06/2022"", ""start"": ""(06/2023)"", ""actual"": null, ""original"": ""05/2025"", ""revised"": ""(03/2027)""}","{""original"": ""1,958.90"", ""revised"": ""0.00"", ""expenditure"": ""1,009.65""}"
618639,4L of Bilaspur to Urga km 0.00 to 70.2 of NH-130A,,NHAI,,Chhattisgarh,2020-04,2022-03,2024-03,2026-12,,1855.59,0.0,1558.35,94.81,2026-08,FlashReport_August_2026.pdf,101,"{""approval"": ""04/2020"", ""start"": ""(03/2022)"", ""actual"": null, ""original"": ""03/2024"", ""revised"": ""(12/2026)""}","{""original"": ""1,855.59"", ""revised"": ""0.00"", ""expenditure"": ""1,558.35""}"
618640,4L of Urga - Pathalgaon from Km. 70.200 to km. 157.745 of NH-130A,,NHAI,,Chhattisgarh,2022-03,2024-02,2026-08,2026-10,,2261.3,0.0,1121.3,81.5,2026-08,FlashReport_August_2026.pdf,101,"{""approval"": ""03/2022"", ""start"": ""(02/2024)"", ""actual"": null, ""original"": ""08/2026"", ""revised"": ""(10/2026)""}","{""original"": ""2,261.30"", ""revised"": ""0.00"", ""expenditure"": ""1,121.30""}"
618646,4L of Pathalgaon-Kunkuri-CG/JH Border section of NH-43 from Km. 00.000 to Km.104.250,,NHAI,,Chhattisgarh,2024-08,2026-04,2029-04,2029-04,,3147.07,0.0,0.03,0.0,2026-08,FlashReport_August_2026.pdf,101,"{""approval"": ""08/2024"", ""start"": ""(04/2026)"", ""actual"": null, ""original"": ""04/2029"", ""revised"": ""(04/2029)""}","{""original"": ""3,147.07"", ""revised"": ""0.00"", ""expenditure"": ""0.03""}"
618673,Development of 6L of Jhanki Sargi Section Road from km 0.000 to km 42.800 of NH- 130CD Pkg-CG-1,,NHAI,,Chhattisgarh,2021-11,2022-09,2024-09,2027-02,,1368.19,0.0,715.41,99.41,2026-08,FlashReport_August_2026.pdf,101,"{""approval"": ""11/2021"", ""start"": ""(09/2022)"", ""actual"": null, ""original"": ""09/2024"", ""revised"": ""(02/2027)""}","{""original"": ""1,368.19"", ""revised"": ""0.00"", ""expenditure"": ""715.41""}"
618674,Development of 6L Sargi Basanwahi Section from km 42.800 to km 99.500 of NH- 130CD Pkg-CG-2,,NHAI,,Chhattisgarh,2021-12,2023-01,2025-01,2026-10,,1470.73,0.0,757.66,100.0,2026-08,FlashReport_August_2026.pdf,101,"{""approval"": ""12/2021"", ""start"": ""(01/2023)"", ""actual"": null, ""original"": ""01/2025"", ""revised"": ""(10/2026)""}","{""original"": ""1,470.73"", ""revised"": ""0.00"", ""expenditure"": ""757.66""}"
618675,Development of 6L of Basanwahi Marangpuri Section from km 99.500 to km 124.661 of NH-130-CD,,NHAI,,Chhattisgarh,2022-03,2023-10,2025-10,2027-03,,1307.16,0.0,518.96,70.73,2026-08,FlashReport_August_2026.pdf,101,"{""approval"": ""03/2022"", ""start"": ""(10/2023)"", ""actual"": null, ""original"": ""10/2025"", ""revised"": ""(03/2027)""}","{""original"": ""1,307.16"", ""revised"": ""0.00"", ""expenditure"": ""518.96""}"
618957,4 laning of Champa - Korba from km 0.00 to km 38.2,,NHAI,,Chhattisgarh,2021-02,2022-01,2024-01,2026-10,,1002.33,0.0,944.79,98.75,2026-08,FlashReport_August_2026.pdf,101,"{""approval"": ""02/2021"", ""start"": ""(01/2022)"", ""actual"": null, ""original"": ""01/2024"", ""revised"": ""(10/2026)""}","{""original"": ""1,002.33"", ""revised"": ""0.00"", ""expenditure"": ""944.79""}"
619039,"Balance Works of Rehabilitation and Up gradation of NH-43 New NH-30 from Krn 162120 to Krn 173500 Length 11.380 Km. Keshkal Bypass 4-Lane with Paved shoulder in the State Of Chhattisgarh under NHDP-IV through Engineering, Procurement & Construction EPC Basis",,MoRTH,,Chhattisgarh,2025-06,2026-06,2028-06,,,307.96,0.0,10.71,0.0,2026-08,FlashReport_August_2026.pdf,101,"{""approval"": ""06/2025"", ""start"": ""(06/2026)"", ""actual"": null, ""original"": ""06/2028"", ""revised"": ""(-)""}","{""original"": ""307.96"", ""revised"": ""0.00"", ""expenditure"": ""10.71""}"
619103,4/6 Laning of Raipur-Simga Pkg-I from km. 0.00 to km. 48.58,,NHAI,,Chhattisgarh,2015-10,2016-04,2018-04,2026-09,,1096.52,0.0,905.64,100.0,2026-08,FlashReport_August_2026.pdf,101,"{""approval"": ""10/2015"", ""start"": ""(04/2016)"", ""actual"": null, ""original"": ""04/2018"", ""revised"": ""(09/2026)""}","{""original"": ""1,096.52"", ""revised"": ""0.00"", ""expenditure"": ""905.64""}"
619167,4 Laning with PS of Pathrapalli-Katghora km 53.3 to km 92.6 Pkg-II of Bilaspur Kathghora,,NHAI,,Chhattisgarh,2019-12,2020-12,2022-12,2026-09,,865.1,0.0,853.93,93.1,2026-08,FlashReport_August_2026.pdf,101,"{""approval"": ""12/2019"", ""start"": ""(12/2020)"", ""actual"": null, ""original"": ""12/2022"", ""revised"": ""(09/2026)""}","{""original"": ""865.10"", ""revised"": ""0.00"", ""expenditure"": ""853.93""}"
619347,Balance Work Estimate of Rehabilitation and Up-gradation of NH- 43 from Km. 468.600 to Km. 531.250 Pathalgaon to kunkuri Section to two-lane with paved shoulder in the State of Chhattisgarh on SBD mode under NHO under Annual plan 2025-26,,MoRTH,,Chhattisgarh,2026-03,2026-06,2028-06,,,201.16,0.0,4.53,0.0,2026-08,FlashReport_August_2026.pdf,101,"{""approval"": ""03/2026"", ""start"": ""(06/2026)"", ""actual"": null, ""original"": ""06/2028"", ""revised"": ""(-)""}","{""original"": ""201.16"", ""revised"": ""0.00"", ""expenditure"": ""4.53""}"
619183,Widening of Existing Road from Intermediate Lane 2-lane to 4-lane Between Km 19.994 to Km 35.180 of NH-848A Rakholi-Khadoli-Velugam Section in U.T. of Dadra and Nagar Haveli and Daman and Diu Haveli,,MoRTH,,Dadra & Nagar and Daman & Diu,2022-10,2024-02,2026-06,2026-09,,198.06,0.0,173.71,92.0,2026-08,FlashReport_August_2026.pdf,101,"{""approval"": ""10/2022"", ""start"": ""(02/2024)"", ""actual"": null, ""original"": ""06/2026"", ""revised"": ""(09/2026)""}","{""original"": ""198.06"", ""revised"": ""0.00"", ""expenditure"": ""173.71""}"
618509,Development of 6L UER II [Package - I] NH-1 Near Bakoli till Karala Kanjhawala Road from km. 0.70 to km.15.00,,NHAI,,Delhi,2020-07,2021-10,2023-10,2026-09,,2089.94,0.0,1835.63,99.99,2026-08,FlashReport_August_2026.pdf,101,"{""approval"": ""07/2020"", ""start"": ""(10/2021)"", ""actual"": null, ""original"": ""10/2023"", ""revised"": ""(09/2026)""}","{""original"": ""2,089.94"", ""revised"": ""0.00"", ""expenditure"": ""1,835.63""}"
619202,Dwarka Expressway from Km -0.600 to Km 5.300 - Pkg-I Shivmurti Chowk-RuB near Dwarka Sector 21,,NHAI,,Delhi,2018-03,2020-09,2022-09,2026-09,,2144.67,0.0,3560.87,98.8,2026-08,FlashReport_August_2026.pdf,101,"{""approval"": ""03/2018"", ""start"": ""(09/2020)"", ""actual"": null, ""original"": ""09/2022"", ""revised"": ""(09/2026)""}","{""original"": ""2,144.67"", ""revised"": ""0.00"", ""expenditure"": ""3,560.87""}"
617941,4-Laning from End of Zuari approaches to Start of Margao Bypass section of NH-66 from Km 536.800 to Km 543.450,,MoRTH,,Goa,2024-07,2026-02,2028-02,2028-02,,398.25,0.0,1.47,1.12,2026-08,FlashReport_August_2026.pdf,102,"{""approval"": ""07/2024"", ""start"": ""(02/2026)"", ""actual"": null, ""original"": ""02/2028"", ""revised"": ""(02/2028)""}","{""original"": ""398.25"", ""revised"": ""0.00"", ""expenditure"": ""1.47""}"
617942,Construction of Six lane Elevated Corridor from Km. 508.000 to Km. 513.150 including approaches on NH-66,,MoRTH,,Goa,2023-04,2024-04,2026-04,2026-10,,641.46,0.0,484.35,100.0,2026-08,FlashReport_August_2026.pdf,102,"{""approval"": ""04/2023"", ""start"": ""(04/2024)"", ""actual"": null, ""original"": ""04/2026"", ""revised"": ""(10/2026)""}","{""original"": ""641.46"", ""revised"": ""0.00"", ""expenditure"": ""484.35""}"
617943,4-laning of Navelim to Cuncolim Section of NH-66 from Km 554.245 to Km 561.480 on HAM Mode,,MoRTH,,Goa,2024-12,2026-04,2028-10,2028-10,,746.75,0.0,1.25,0.0,2026-08,FlashReport_August_2026.pdf,102,"{""approval"": ""12/2024"", ""start"": ""(04/2026)"", ""actual"": null, ""original"": ""10/2028"", ""revised"": ""(10/2028)""}","{""original"": ""746.75"", ""revised"": ""0.00"", ""expenditure"": ""1.25""}"
618609,Construction of 4L Flyover from MES College Junction to Bogmalo Junction on NH- 566 from Km. 7.106 to Km. 10.460 and 4L VUP at Queeny Nagar Junction from Km. 3.330 to Km. 4.550,,NHAI,,Goa,2024-01,2024-08,2026-07,2027-05,,463.08,0.0,182.85,59.18,2026-08,FlashReport_August_2026.pdf,102,"{""approval"": ""01/2024"", ""start"": ""(08/2024)"", ""actual"": null, ""original"": ""07/2026"", ""revised"": ""(05/2027)""}","{""original"": ""463.08"", ""revised"": ""0.00"", ""expenditure"": ""182.85""}"
617906,Up-gradation of Dhoraji-Jamkandorna-Kalavad Section of NH-927D from Design Chainage km 0/00 to km 58/115 to Two lane with PS configuration in the State of Gujarat on EPC,,MoRTH,,Gujarat,2022-10,2025-01,2027-01,2027-01,,246.6,0.0,0.0,35.0,2026-08,FlashReport_August_2026.pdf,102,"{""approval"": ""10/2022"", ""start"": ""(01/2025)"", ""actual"": null, ""original"": ""01/2027"", ""revised"": ""(01/2027)""}","{""original"": ""246.60"", ""revised"": ""0.00"", ""expenditure"": ""0.00""}"
617916,Work of 6 laning/Construction of elevated corridor from km 0/0 to 10/170 Narol Junction to Sarkhej junction including 4 lane Shastri Bridge on Sabarmati river on NH 47 in the State of Gujarat on HAM mode,,MoRTH,,Gujarat,2024-03,2025-08,2028-02,2028-02,,1295.39,0.0,179.4,40.0,2026-08,FlashReport_August_2026.pdf,102,"{""approval"": ""03/2024"", ""start"": ""(08/2025)"", ""actual"": null, ""original"": ""02/2028"", ""revised"": ""(02/2028)""}","{""original"": ""1,295.39"", ""revised"": ""0.00"", ""expenditure"": ""179.40""}"
617926,Construction of new 4 lane major bridge with approaches on Sabarmati River near Dharoi at Km. 82/00 to 86/00 Design length 3.300 km on NH-58 in the State of Gujarat on Hybrid Annuity Mode HAM,,MoRTH,,Gujarat,2024-03,2025-08,2027-08,2027-08,,398.4,0.0,97.73,58.0,2026-08,FlashReport_August_2026.pdf,102,"{""approval"": ""03/2024"", ""start"": ""(08/2025)"", ""actual"": null, ""original"": ""08/2027"", ""revised"": ""(08/2027)""}","{""original"": ""398.40"", ""revised"": ""0.00"", ""expenditure"": ""97.73""}"
617927,Widening to 2LPS between Km 0/0 to 56/0 Khokhara Gujarat Border Vijayanagar Antrasuba Mathasur road of NH 58 in the State of Gujarat,,MoRTH,,Gujarat,2024-03,2025-09,2027-09,2027-09,,699.19,0.0,76.36,36.0,2026-08,FlashReport_August_2026.pdf,102,"{""approval"": ""03/2024"", ""start"": ""(09/2025)"", ""actual"": null, ""original"": ""09/2027"", ""revised"": ""(09/2027)""}","{""original"": ""699.19"", ""revised"": ""0.00"", ""expenditure"": ""76.36""}"
617928,"Widening 2 lane to 4-lane from KM 92/320 to Km 115/320 Vav Chokdi-Satlasana to to Vrundavan Chokdi, Kheralu on NH-58 in the State of Gujarat.",,MoRTH,,Gujarat,2022-03,2024-03,2026-03,2026-08,,151.13,0.0,151.29,100.0,2026-08,FlashReport_August_2026.pdf,102,"{""approval"": ""03/2022"", ""start"": ""(03/2024)"", ""actual"": null, ""original"": ""03/2026"", ""revised"": ""(08/2026)""}","{""original"": ""151.13"", ""revised"": ""0.00"", ""expenditure"": ""151.29""}"
617976,Work of development and construction of elevated corridorfrom km 38/660 to km 42/690 Iscon junction to start point of approach of sanand flyover of NH-147 in the sate of Gujarat,,MoRTH,,Gujarat,2023-03,2024-06,2026-06,2026-09,,530.2,0.0,380.24,92.0,2026-08,FlashReport_August_2026.pdf,102,"{""approval"": ""03/2023"", ""start"": ""(06/2024)"", ""actual"": null, ""original"": ""06/2026"", ""revised"": ""(09/2026)""}","{""original"": ""530.20"", ""revised"": ""0.00"", ""expenditure"": ""380.24""}"
618022,Upgradation to two lane with paved Shoulder Configuaration from Km. 0/00 to 47/000 of NH 351 Mahuva to Badhada section in the State of Gujarat,,MoRTH,,Gujarat,2022-12,2024-02,2025-08,2027-03,,173.06,0.0,125.54,77.0,2026-08,FlashReport_August_2026.pdf,102,"{""approval"": ""12/2022"", ""start"": ""(02/2024)"", ""actual"": null, ""original"": ""08/2025"", ""revised"": ""(03/2027)""}","{""original"": ""173.06"", ""revised"": ""0.00"", ""expenditure"": ""125.54""}"
618107,Upgradation of Mehsana-Visnagar-vadnagar-Kheralu-Idar section from km 0/00 to 81/300 of NH 168G Mehsana to Idar in the State of GujaratTotal Length 81.300 Km on Hybrid Annuity Mode HAM,,MoRTH,,Gujarat,2024-02,2025-12,2028-06,2028-06,,1155.21,0.0,141.84,23.0,2026-08,FlashReport_August_2026.pdf,102,"{""approval"": ""02/2024"", ""start"": ""(12/2025)"", ""actual"": null, ""original"": ""06/2028"", ""revised"": ""(06/2028)""}","{""original"": ""1,155.21"", ""revised"": ""0.00"", ""expenditure"": ""141.84""}"
618108,Up-gradation and strengthening to 2lanePS from Km 95/500 to km 129/775 of Nh 168G Idar-Bhiloda-Samlaji in the state of Gujarat Length 34.275 km,,MoRTH,,Gujarat,2022-09,2023-12,2025-12,2027-03,,237.28,0.0,180.9,65.0,2026-08,FlashReport_August_2026.pdf,102,"{""approval"": ""09/2022"", ""start"": ""(12/2023)"", ""actual"": null, ""original"": ""12/2025"", ""revised"": ""(03/2027)""}","{""original"": ""237.28"", ""revised"": ""0.00"", ""expenditure"": ""180.90""}"
618459,Delhi-Vadodara Greenfield Alignment NH-148N Pkg-26 Ch.696890 to Ch.726390,,NHAI,,Gujarat,2020-09,2022-12,2024-08,2027-02,,1555.2,0.0,1308.08,85.5,2026-08,FlashReport_August_2026.pdf,102,"{""approval"": ""09/2020"", ""start"": ""(12/2022)"", ""actual"": null, ""original"": ""08/2024"", ""revised"": ""(02/2027)""}","{""original"": ""1,555.20"", ""revised"": ""0.00"", ""expenditure"": ""1,308.08""}"
618462,Delhi-Vadodara Greenfield Alignment NH-148N Pkg-31 Ch.824920 to Ch.844382 [Junction near Pratap nagar Village - Junction near Dodka Village],,NHAI,,Gujarat,2019-11,2021-05,2023-05,2026-09,,1644.85,0.0,1298.04,100.0,2026-08,FlashReport_August_2026.pdf,102,"{""approval"": ""11/2019"", ""start"": ""(05/2021)"", ""actual"": null, ""original"": ""05/2023"", ""revised"": ""(09/2026)""}","{""original"": ""1,644.85"", ""revised"": ""0.00"", ""expenditure"": ""1,298.04""}"
618463,Vadodara Mumbai Expressway Kim to Ankleshwar Phase IA - Pkg V,,NHAI,,Gujarat,2018-02,2019-11,2021-10,2026-09,,1324.84,0.0,1547.27,91.34,2026-08,FlashReport_August_2026.pdf,102,"{""approval"": ""02/2018"", ""start"": ""(11/2019)"", ""actual"": null, ""original"": ""10/2021"", ""revised"": ""(09/2026)""}","{""original"": ""1,324.84"", ""revised"": ""0.00"", ""expenditure"": ""1,547.27""}"
618467,Vadodara Mumbai Expressway Karvad - Jujuwa from Km. 128.000 to Km. 154.600 Phase-I Package-IX,,NHAI,,Gujarat,2023-07,2024-04,2025-10,2027-07,,2594.17,0.0,238.42,21.75,2026-08,FlashReport_August_2026.pdf,102,"{""approval"": ""07/2023"", ""start"": ""(04/2024)"", ""actual"": null, ""original"": ""10/2025"", ""revised"": ""(07/2027)""}","{""original"": ""2,594.17"", ""revised"": ""0.00"", ""expenditure"": ""238.42""}"
618507,"Balance work of Six Laning of Shamlaji-Motachiloda from Km. 401.200 to Km.494.410 section Design Chainage Km.447.385 to Km 540.595, Length- 93.210 Km of old NH-8 NH-48 in the state of Gujarat on single Percentage Item Rate Contract",,NHAI,,Gujarat,2024-06,2024-08,2025-06,2026-09,,466.8,0.0,581.28,91.83,2026-08,FlashReport_August_2026.pdf,102,"{""approval"": ""06/2024"", ""start"": ""(08/2024)"", ""actual"": null, ""original"": ""06/2025"", ""revised"": ""(09/2026)""}","{""original"": ""466.80"", ""revised"": ""0.00"", ""expenditure"": ""581.28""}"
618508,Construction of Additional Structures including Approaches in Vadodara Surat Section of NH48 between existing Km. 108.000 to Km. 250.000,,NHAI,,Gujarat,2024-03,2025-01,2027-01,2027-06,,907.39,0.0,376.84,48.73,2026-08,FlashReport_August_2026.pdf,103,"{""approval"": ""03/2024"", ""start"": ""(01/2025)"", ""actual"": null, ""original"": ""01/2027"", ""revised"": ""(06/2027)""}","{""original"": ""907.39"", ""revised"": ""0.00"", ""expenditure"": ""376.84""}"
618564,6L with PS of Samakhiyali to Santalpur section from km. 339.700 to Km. 430.100 of NH-27,,NHAI,,Gujarat,2023-01,2023-12,2025-12,2027-03,,1553.76,0.0,29.11,64.52,2026-08,FlashReport_August_2026.pdf,103,"{""approval"": ""01/2023"", ""start"": ""(12/2023)"", ""actual"": null, ""original"": ""12/2025"", ""revised"": ""(03/2027)""}","{""original"": ""1,553.76"", ""revised"": ""0.00"", ""expenditure"": ""29.11""}"
618615,Sanchore - Santalpur from km 99.000 - km 130.073 of NH-754K AJ-RGBS-Package-4,,NHAI,,Gujarat,2020-02,2021-03,2023-03,2026-09,,778.15,0.0,767.89,99.7,2026-08,FlashReport_August_2026.pdf,103,"{""approval"": ""02/2020"", ""start"": ""(03/2021)"", ""actual"": null, ""original"": ""03/2023"", ""revised"": ""(09/2026)""}","{""original"": ""778.15"", ""revised"": ""0.00"", ""expenditure"": ""767.89""}"
618616,4L of Dhrol bypass section of NH-151A Approx. length 5.7 Km & widening upto 4 laning of missing link of Amran section of NH-151A Approx. length 6.55 Km from existing Ch. 42000 to 48500 of ongoing Dhrol-Bhadra-Pipaliya section of NH-151A,,NHAI,,Gujarat,2024-03,2025-02,2027-02,2027-02,,625.58,0.0,166.02,35.47,2026-08,FlashReport_August_2026.pdf,103,"{""approval"": ""03/2024"", ""start"": ""(02/2025)"", ""actual"": null, ""original"": ""02/2027"", ""revised"": ""(02/2027)""}","{""original"": ""625.58"", ""revised"": ""0.00"", ""expenditure"": ""166.02""}"
618787,"Upgradation to 4L PS from Bhimasar, Junction of NH-41 to Anjar- Bhuj upto Airport Junction from Km 0.000 to Km 65.478 of NH-341",,NHAI,,Gujarat,2022-03,2023-01,2025-06,2027-03,,1373.06,0.0,837.99,96.0,2026-08,FlashReport_August_2026.pdf,103,"{""approval"": ""03/2022"", ""start"": ""(01/2023)"", ""actual"": null, ""original"": ""06/2025"", ""revised"": ""(03/2027)""}","{""original"": ""1,373.06"", ""revised"": ""0.00"", ""expenditure"": ""837.99""}"
618901,4L PS Divided Carriageway from Patan Near Rajpur to Gojariya From Km 52.000 to Km 128.940 of NH-68,,NHAI,,Gujarat,2021-12,2023-03,2025-03,2027-05,,1181.34,0.0,949.71,87.12,2026-08,FlashReport_August_2026.pdf,103,"{""approval"": ""12/2021"", ""start"": ""(03/2023)"", ""actual"": null, ""original"": ""03/2025"", ""revised"": ""(05/2027)""}","{""original"": ""1,181.34"", ""revised"": ""0.00"", ""expenditure"": ""949.71""}"
618930,4L PS from Ch. 94.030 in Jabugam Village to Ch. 132.320 in Dhamasiya Village of NH-56 Pkg-III,,NHAI,,Gujarat,2023-03,2025-11,2027-11,2027-11,,1188.46,0.0,180.01,25.82,2026-08,FlashReport_August_2026.pdf,103,"{""approval"": ""03/2023"", ""start"": ""(11/2025)"", ""actual"": null, ""original"": ""11/2027"", ""revised"": ""(11/2027)""}","{""original"": ""1,188.46"", ""revised"": ""0.00"", ""expenditure"": ""180.01""}"
618931,4L PS from Ch. 179.780 in Bitada/Movi Village to Ch. 208.900 in Nasarpore Village of NH-56 Pkg-V,,NHAI,,Gujarat,2023-03,2025-11,2027-11,2027-11,,764.02,0.0,111.34,10.85,2026-08,FlashReport_August_2026.pdf,103,"{""approval"": ""03/2023"", ""start"": ""(11/2025)"", ""actual"": null, ""original"": ""11/2027"", ""revised"": ""(11/2027)""}","{""original"": ""764.02"", ""revised"": ""0.00"", ""expenditure"": ""111.34""}"
619061,Construction of 4 lane with PS Idar-Badoli bypass section from design km 81/300 to km 95/500 of NH 168G in the State of Gujarat,,MoRTH,,Gujarat,2025-03,2026-05,2028-05,2028-05,,705.09,0.0,92.49,8.0,2026-08,FlashReport_August_2026.pdf,103,"{""approval"": ""03/2025"", ""start"": ""(05/2026)"", ""actual"": null, ""original"": ""05/2028"", ""revised"": ""(05/2028)""}","{""original"": ""705.09"", ""revised"": ""0.00"", ""expenditure"": ""92.49""}"
619087,Widening to 6L of Existing 4L Jetpur - Gondal - Rajkot Section from Km. 117.600 to Km. 185.00 on NH-27,,NHAI,,Gujarat,2022-03,2023-09,2025-09,2027-01,,2070.44,0.0,1144.5,76.83,2026-08,FlashReport_August_2026.pdf,103,"{""approval"": ""03/2022"", ""start"": ""(09/2023)"", ""actual"": null, ""original"": ""09/2025"", ""revised"": ""(01/2027)""}","{""original"": ""2,070.44"", ""revised"": ""0.00"", ""expenditure"": ""1,144.50""}"
619145,Four Laning of Una to Kodinar from km. 180.478 to km. 221.610 Package-V,,NHAI,,Gujarat,2016-02,2017-02,2019-08,2025-03,,877.71,0.0,1008.73,100.0,2026-08,FlashReport_August_2026.pdf,103,"{""approval"": ""02/2016"", ""start"": ""(02/2017)"", ""actual"": null, ""original"": ""08/2019"", ""revised"": ""(03/2025)""}","{""original"": ""877.71"", ""revised"": ""0.00"", ""expenditure"": ""1,008.73""}"
619197,Delhi-Vadodara Greenfield Alignment NH-148N Pkg-27 Ch.729.700 to Ch.756.052,,NHAI,,Gujarat,2020-09,2022-02,2024-02,2026-09,,1185.69,0.0,1051.39,98.9,2026-08,FlashReport_August_2026.pdf,103,"{""approval"": ""09/2020"", ""start"": ""(02/2022)"", ""actual"": null, ""original"": ""02/2024"", ""revised"": ""(09/2026)""}","{""original"": ""1,185.69"", ""revised"": ""0.00"", ""expenditure"": ""1,051.39""}"
619273,Construction of 6 lane Elevated Structure along with its approaches from Km. 142.000 to Km 144.800 Total Length 2.80 km Gondal on NH27 in the state of Gujarat,,NHAI,,Gujarat,2026-02,2026-06,2028-06,2028-06,,262.28,0.0,0.06,0.0,2026-08,FlashReport_August_2026.pdf,103,"{""approval"": ""02/2026"", ""start"": ""(06/2026)"", ""actual"": null, ""original"": ""06/2028"", ""revised"": ""(06/2028)""}","{""original"": ""262.28"", ""revised"": ""0.00"", ""expenditure"": ""0.06""}"
619276,Development of 4-lane with paved shoulders from Budhel Junction to Vartej Y- Junction Km 0900 to Km 9400 on EPC mode under NHO in the State of Gujarat,,NHAI,,Gujarat,2025-12,2026-07,2027-12,2026-12,,247.34,0.0,65.09,0.0,2026-08,FlashReport_August_2026.pdf,103,"{""approval"": ""12/2025"", ""start"": ""(07/2026)"", ""actual"": null, ""original"": ""12/2027"", ""revised"": ""(12/2026)""}","{""original"": ""247.34"", ""revised"": ""0.00"", ""expenditure"": ""65.09""}"
619297,Upgradation of Existing Two Lane Carriageway to Two Lane Carriageway with Paved Shoulder from Ch. 665686 Existing Km. 665.686 in Khanpur Village in Vansda Taluka to Ch. 710470 Existing Km. 710.483 in Karvad Village in Vapi Taluka Length 44.784 Km Section of NH-56 in the State of Gujarat on EPC Mode,,NHAI,,Gujarat,2026-02,2026-07,2028-07,2028-07,,647.2,0.0,9.24,0.0,2026-08,FlashReport_August_2026.pdf,103,"{""approval"": ""02/2026"", ""start"": ""(07/2026)"", ""actual"": null, ""original"": ""07/2028"", ""revised"": ""(07/2028)""}","{""original"": ""647.20"", ""revised"": ""0.00"", ""expenditure"": ""9.24""}"
618482,Delhi-Amritsar-Katra Expressway Phase-I Pkg-I from Jussur Kheri on NH-KMP Expressway to Junction with Rohtak-Panipat road NH-709 near Rukhi Paani village Km 0000 to Km 34000,,NHAI,,Haryana,2020-12,2021-12,2023-12,2026-07,,1866.49,0.0,1609.72,99.91,2026-08,FlashReport_August_2026.pdf,103,"{""approval"": ""12/2020"", ""start"": ""(12/2021)"", ""actual"": null, ""original"": ""12/2023"", ""revised"": ""(07/2026)""}","{""original"": ""1,866.49"", ""revised"": ""0.00"", ""expenditure"": ""1,609.72""}"
618483,Delhi-Amritsar-Katra Expressway Phase-I Pkg-II from Junction with Rohtak-Panipat road NH-709 near Rukhi Paani village to Junction with Jind-Panipat road NH-352A near Gangana village Km 34000 to Km 60800,,NHAI,,Haryana,2020-12,2022-01,2024-01,2026-07,,1533.87,0.0,1176.23,99.89,2026-08,FlashReport_August_2026.pdf,103,"{""approval"": ""12/2020"", ""start"": ""(01/2022)"", ""actual"": null, ""original"": ""01/2024"", ""revised"": ""(07/2026)""}","{""original"": ""1,533.87"", ""revised"": ""0.00"", ""expenditure"": ""1,176.23""}"
618506,"Construction of Additional Structures, Improvement of Service Road & Maintenance of Six Lane Gurgaon-Jaipur Section of NH-48 old NH-8 between km 42700 to km 107100 in the State of Haryana",,NHAI,,Haryana,2024-05,2025-05,2027-05,2027-05,,401.74,0.0,143.18,61.38,2026-08,FlashReport_August_2026.pdf,103,"{""approval"": ""05/2024"", ""start"": ""(05/2025)"", ""actual"": null, ""original"": ""05/2027"", ""revised"": ""(05/2027)""}","{""original"": ""401.74"", ""revised"": ""0.00"", ""expenditure"": ""143.18""}"
618580,Gohana - Sonipat PKG-2,,NHAI,,Haryana,2019-01,2020-07,2022-07,2026-07,,1275.31,0.0,1225.85,97.86,2026-08,FlashReport_August_2026.pdf,104,"{""approval"": ""01/2019"", ""start"": ""(07/2020)"", ""actual"": null, ""original"": ""07/2022"", ""revised"": ""(07/2026)""}","{""original"": ""1,275.31"", ""revised"": ""0.00"", ""expenditure"": ""1,225.85""}"
618788,4L Greenfield Jalbhera Shahbad section from km. 0.000 to km. 22.850 of NH-152G,,NHAI,,Haryana,2022-03,2023-06,2025-05,2026-09,,927.22,0.0,550.77,87.05,2026-08,FlashReport_August_2026.pdf,104,"{""approval"": ""03/2022"", ""start"": ""(06/2023)"", ""actual"": null, ""original"": ""05/2025"", ""revised"": ""(09/2026)""}","{""original"": ""927.22"", ""revised"": ""0.00"", ""expenditure"": ""550.77""}"
618792,4L Bhiwani-Hansi road section of NH-148B,,NHAI,,Haryana,2022-11,2023-12,2025-12,2026-11,,1330.23,0.0,493.13,99.5,2026-08,FlashReport_August_2026.pdf,104,"{""approval"": ""11/2022"", ""start"": ""(12/2023)"", ""actual"": null, ""original"": ""12/2025"", ""revised"": ""(11/2026)""}","{""original"": ""1,330.23"", ""revised"": ""0.00"", ""expenditure"": ""493.13""}"
618936,Jagadhari - Tajewala from Km -0.175 to 32.337 km of NH-344,,NHAI,,Haryana,2022-03,2023-02,2025-02,2027-03,,1269.5,0.0,725.04,68.0,2026-08,FlashReport_August_2026.pdf,104,"{""approval"": ""03/2022"", ""start"": ""(02/2023)"", ""actual"": null, ""original"": ""02/2025"", ""revised"": ""(03/2027)""}","{""original"": ""1,269.50"", ""revised"": ""0.00"", ""expenditure"": ""725.04""}"
619080,4L PS of Ambala Ring Road of New NH-44,,NHAI,,Haryana,2023-02,2023-10,2025-10,2026-09,,1093.35,0.0,601.46,92.97,2026-08,FlashReport_August_2026.pdf,104,"{""approval"": ""02/2023"", ""start"": ""(10/2023)"", ""actual"": null, ""original"": ""10/2025"", ""revised"": ""(09/2026)""}","{""original"": ""1,093.35"", ""revised"": ""0.00"", ""expenditure"": ""601.46""}"
619092,4L of Jind-Gohana road Package-1 from km. 0.00 to km. 40.601 of NH-352 A under NHO,,NHAI,,Haryana,2019-01,2020-07,2022-07,2026-07,,994.22,0.0,1064.47,99.97,2026-08,FlashReport_August_2026.pdf,104,"{""approval"": ""01/2019"", ""start"": ""(07/2020)"", ""actual"": null, ""original"": ""07/2022"", ""revised"": ""(07/2026)""}","{""original"": ""994.22"", ""revised"": ""0.00"", ""expenditure"": ""1,064.47""}"
619132,4/6L of Gurgaon - Pataudi - Rewari from km. 0.00 to km.43.87 of NH-352W,,NHAI,,Haryana,2020-05,2021-11,2023-11,2026-09,,1810.04,0.0,1282.66,77.76,2026-08,FlashReport_August_2026.pdf,104,"{""approval"": ""05/2020"", ""start"": ""(11/2021)"", ""actual"": null, ""original"": ""11/2023"", ""revised"": ""(09/2026)""}","{""original"": ""1,810.04"", ""revised"": ""0.00"", ""expenditure"": ""1,282.66""}"
619201,Karnal ring road Lot-4/Pkg-1,,NHAI,,Haryana,2022-11,2023-08,2025-08,2026-10,,1741.45,0.0,834.86,96.66,2026-08,FlashReport_August_2026.pdf,104,"{""approval"": ""11/2022"", ""start"": ""(08/2023)"", ""actual"": null, ""original"": ""08/2025"", ""revised"": ""(10/2026)""}","{""original"": ""1,741.45"", ""revised"": ""0.00"", ""expenditure"": ""834.86""}"
618215,"Improvement/construction of existing CL-5 Road to NH Intermediate lane specification with hard shoulder from Km 166.000 to 203.77 net Length 37.770 kms of NH-505 Sumdo-Kaza-Gramphoo road in the state of Himachal Pradesh on EPC mode under project Deepak, BRO Himachal",,MoRTH,,Pradesh,2021-06,2024-06,2027-06,2027-06,,274.36,0.0,60.73,25.3,2026-08,FlashReport_August_2026.pdf,104,"{""approval"": ""06/2021"", ""start"": ""(06/2024)"", ""actual"": null, ""original"": ""06/2027"", ""revised"": ""(06/2027)""}","{""original"": ""274.36"", ""revised"": ""0.00"", ""expenditure"": ""60.73""}"
618216,"Improvement/construction of existing CL-5 Road to NH Intermediate lane specification with hard shoulder from Km 133.000 to 166.000 net Length 33.000 kms of NH-505 Sumdo-Kaza-Gramphoo road in the state of Himachal Pradesh on EPC mode under project Deepak, BRO Himachal",,MoRTH,,Pradesh,2021-03,2023-07,2026-06,2027-09,,230.55,0.0,75.92,23.24,2026-08,FlashReport_August_2026.pdf,104,"{""approval"": ""03/2021"", ""start"": ""(07/2023)"", ""actual"": null, ""original"": ""06/2026"", ""revised"": ""(09/2027)""}","{""original"": ""230.55"", ""revised"": ""0.00"", ""expenditure"": ""75.92""}"
618217,Improvement/construction of existing Class-5 Road to NH Intermediate lane specification with hard shoulder from existing Km 76/340 to 134/940 Design chainage from Km 76/300 to 133/000 net Length 56.700 kms of NH-505 Sumdo-Kaza- Gramphoo road in the state of Himachal Pradesh Package I Himachal,,MoRTH,,Pradesh,2021-03,2023-05,2026-05,2027-08,,314.67,0.0,141.55,62.28,2026-08,FlashReport_August_2026.pdf,104,"{""approval"": ""03/2021"", ""start"": ""(05/2023)"", ""actual"": null, ""original"": ""05/2026"", ""revised"": ""(08/2027)""}","{""original"": ""314.67"", ""revised"": ""0.00"", ""expenditure"": ""141.55""}"
618230,Rehabilitation and Upgradation to 2-lane configuration of Kalwahn-Mandi Section km 208.950 to 250.592 of NH-70 in the State of Himachal Pradesh under Green National Highways Corridor Project GNHCP with the loan assistance of World Bank on EPC mode.Package-3 Himachal,,MoRTH,,Pradesh,2020-08,2022-10,2025-04,2026-12,,314.32,0.0,140.98,70.74,2026-08,FlashReport_August_2026.pdf,104,"{""approval"": ""08/2020"", ""start"": ""(10/2022)"", ""actual"": null, ""original"": ""04/2025"", ""revised"": ""(12/2026)""}","{""original"": ""314.32"", ""revised"": ""0.00"", ""expenditure"": ""140.98""}"
618231,Rehabilitation and Upgradation to 2-lane configuration of Hamirpur-Karnohal Section km 141.00 to 181.00 of NH-70 in the State of Himachal Pradesh under Green National Highways Corridor Project GNHCP with the loan assistance of World Bank on EPC mode.Package-1 Himachal,,MoRTH,,Pradesh,2020-08,2022-06,2024-12,2026-09,,371.93,0.0,252.54,93.62,2026-08,FlashReport_August_2026.pdf,104,"{""approval"": ""08/2020"", ""start"": ""(06/2022)"", ""actual"": null, ""original"": ""12/2024"", ""revised"": ""(09/2026)""}","{""original"": ""371.93"", ""revised"": ""0.00"", ""expenditure"": ""252.54""}"
618232,Rehabilitation and Upgradation to 2-lane configuration of Karnohal- Kalwahn Section km 181.00 to 208.950 of NH-70 in the State of Himachal Pradesh under Green National Highways Corridor Project GNHCP with the loan assistance of World Bank on EPC mode.Package-2 Himachal,,MoRTH,,Pradesh,2020-08,2023-11,2026-05,2026-12,,251.62,0.0,121.55,58.0,2026-08,FlashReport_August_2026.pdf,104,"{""approval"": ""08/2020"", ""start"": ""(11/2023)"", ""actual"": null, ""original"": ""05/2026"", ""revised"": ""(12/2026)""}","{""original"": ""251.62"", ""revised"": ""0.00"", ""expenditure"": ""121.55""}"
618253,Construction of missing link from Birhu to Lathiani from Km 35/550 Design chainage Km 0.000 to Km 42/800 Design Chainage Km 8.153on NH-503A including Lathiani Bridge on back water of Govindsagar and its approaches in Himachal Pradesh. Himachal,,MoRTH,,Pradesh,2023-06,2026-03,2029-03,2029-03,,870.95,0.0,100.56,5.8,2026-08,FlashReport_August_2026.pdf,104,"{""approval"": ""06/2023"", ""start"": ""(03/2026)"", ""actual"": null, ""original"": ""03/2029"", ""revised"": ""(03/2029)""}","{""original"": ""870.95"", ""revised"": ""0.00"", ""expenditure"": ""100.56""}"
618850,Himachal,,NHAI,,Pradesh,2016-03,2018-01,2020-07,2026-09,,1464.12,0.0,1559.3,100.0,2026-08,FlashReport_August_2026.pdf,104,"{""approval"": ""03/2016"", ""start"": ""(01/2018)"", ""actual"": null, ""original"": ""07/2020"", ""revised"": ""(09/2026)""}","{""original"": ""1,464.12"", ""revised"": ""0.00"", ""expenditure"": ""1,559.30""}"
618851,Himachal,,NHAI,,Pradesh,2017-06,2018-03,2021-09,2027-03,,3419.95,0.0,2887.37,95.65,2026-08,FlashReport_August_2026.pdf,104,"{""approval"": ""06/2017"", ""start"": ""(03/2018)"", ""actual"": null, ""original"": ""09/2021"", ""revised"": ""(03/2027)""}","{""original"": ""3,419.95"", ""revised"": ""0.00"", ""expenditure"": ""2,887.37""}"
618852,Himachal,,NHAI,,Pradesh,2022-02,2022-06,2024-06,2026-09,,191.11,0.0,182.64,100.0,2026-08,FlashReport_August_2026.pdf,104,"{""approval"": ""02/2022"", ""start"": ""(06/2022)"", ""actual"": null, ""original"": ""06/2024"", ""revised"": ""(09/2026)""}","{""original"": ""191.11"", ""revised"": ""0.00"", ""expenditure"": ""182.64""}"
618878,Rehabilitation and Upgradation to 4L configuration & Strengthening of Sihuni to Rajol from Km 51.000 to Km 72.000 of NH-154 Package-IIA Himachal,,NHAI,,Pradesh,2022-03,2023-09,2025-09,2026-09,,696.65,0.0,496.72,99.18,2026-08,FlashReport_August_2026.pdf,105,"{""approval"": ""03/2022"", ""start"": ""(09/2023)"", ""actual"": null, ""original"": ""09/2025"", ""revised"": ""(09/2026)""}","{""original"": ""696.65"", ""revised"": ""0.00"", ""expenditure"": ""496.72""}"
618879,Rehabilitation and Upgradation to 2L PS configuration & Strengthening of Padhar to Bijni section from Km 180.000 to Km 202.815 of NH-154 Pkg-VA Himachal,,NHAI,,Pradesh,2022-06,2024-11,2026-11,2026-11,,930.86,0.0,667.09,99.86,2026-08,FlashReport_August_2026.pdf,105,"{""approval"": ""06/2022"", ""start"": ""(11/2024)"", ""actual"": null, ""original"": ""11/2026"", ""revised"": ""(11/2026)""}","{""original"": ""930.86"", ""revised"": ""0.00"", ""expenditure"": ""667.09""}"
618880,Rehabilitation and Up-gradation to 4L configuration & Strengthening of Thanpuri to Paror section from Km 85.135 to Km 100.840 of NH-154 Pkg-IIC Himachal,,NHAI,,Pradesh,2022-07,2024-03,2025-12,2027-04,,815.68,0.0,497.44,56.61,2026-08,FlashReport_August_2026.pdf,105,"{""approval"": ""07/2022"", ""start"": ""(03/2024)"", ""actual"": null, ""original"": ""12/2025"", ""revised"": ""(04/2027)""}","{""original"": ""815.68"", ""revised"": ""0.00"", ""expenditure"": ""497.44""}"
618881,4L PS bijni to mandi section from Km 202.815 to Km 208.000 of NH-20 New NH-154 of Pathankot-Mandi Package-VB Himachal,,NHAI,,Pradesh,2023-02,2025-03,2027-09,2027-09,,1113.02,0.0,592.16,35.3,2026-08,FlashReport_August_2026.pdf,105,"{""approval"": ""02/2023"", ""start"": ""(03/2025)"", ""actual"": null, ""original"": ""09/2027"", ""revised"": ""(09/2027)""}","{""original"": ""1,113.02"", ""revised"": ""0.00"", ""expenditure"": ""592.16""}"
618888,Rehabilitation and Up-gradation of existing road to 2L PS from End of Hamirpur Bypass near Chilbahal to Bhangbar section from Km. 138.295 to Km.175.270 of NH- 88 Pkg-IV Himachal,,NHAI,,Pradesh,2022-03,2023-04,2025-04,2026-12,,1146.19,0.0,987.51,97.2,2026-08,FlashReport_August_2026.pdf,105,"{""approval"": ""03/2022"", ""start"": ""(04/2023)"", ""actual"": null, ""original"": ""04/2025"", ""revised"": ""(12/2026)""}","{""original"": ""1,146.19"", ""revised"": ""0.00"", ""expenditure"": ""987.51""}"
618889,"4L of Bhangbar Near Ranital to Kangra Bypass Section of Old NH-88 New NH- 303,503 up to Intersection with NH-154 from Km 175.270 to Km 193.400 Pkg-VB Himachal",,NHAI,,Pradesh,2021-03,2022-12,2024-12,2026-12,,1322.95,0.0,1103.47,97.45,2026-08,FlashReport_August_2026.pdf,105,"{""approval"": ""03/2021"", ""start"": ""(12/2022)"", ""actual"": null, ""original"": ""12/2024"", ""revised"": ""(12/2026)""}","{""original"": ""1,322.95"", ""revised"": ""0.00"", ""expenditure"": ""1,103.47""}"
618890,Himachal,,NHAI,,Pradesh,2022-08,2023-10,2025-10,2026-12,,739.39,0.0,370.02,94.37,2026-08,FlashReport_August_2026.pdf,105,"{""approval"": ""08/2022"", ""start"": ""(10/2023)"", ""actual"": null, ""original"": ""10/2025"", ""revised"": ""(12/2026)""}","{""original"": ""739.39"", ""revised"": ""0.00"", ""expenditure"": ""370.02""}"
618891,4L PS from Kalar Bala Village to Nauni Chowk of NH 205 from Km 41.000 to Km 58.450 Himachal,,NHAI,,Pradesh,2024-01,2025-05,2027-05,2027-09,,1244.43,0.0,145.82,31.46,2026-08,FlashReport_August_2026.pdf,105,"{""approval"": ""01/2024"", ""start"": ""(05/2025)"", ""actual"": null, ""original"": ""05/2027"", ""revised"": ""(09/2027)""}","{""original"": ""1,244.43"", ""revised"": ""0.00"", ""expenditure"": ""145.82""}"
618892,"4 Lane with Paved Shoulder from Dareota Village to Kalar Bala NH 205, Design Chainage -Km 33185 to Km 41000, Design Length-7.815 Km Package-IIB Himachal",,NHAI,,Pradesh,2025-06,2026-06,2028-06,2028-06,,992.85,0.0,5.28,0.68,2026-08,FlashReport_August_2026.pdf,105,"{""approval"": ""06/2025"", ""start"": ""(06/2026)"", ""actual"": null, ""original"": ""06/2028"", ""revised"": ""(06/2028)""}","{""original"": ""992.85"", ""revised"": ""0.00"", ""expenditure"": ""5.28""}"
618921,4L of Kathlighat to Shakral Village from Km 128.835 to Km 146.300 of NH- 5 Shimla Bypass - Pkg I Himachal,,NHAI,,Pradesh,2022-03,2023-04,2026-04,2027-07,,1703.48,0.0,1211.34,64.2,2026-08,FlashReport_August_2026.pdf,105,"{""approval"": ""03/2022"", ""start"": ""(04/2023)"", ""actual"": null, ""original"": ""04/2026"", ""revised"": ""(07/2027)""}","{""original"": ""1,703.48"", ""revised"": ""0.00"", ""expenditure"": ""1,211.34""}"
618922,4L of Shakral Village to Dhalli Section from Km 146.300 to Km 156.560 Shimla Bypass - Pkg II and Shimla connectivity from Km 0.000 to Km 0.725 of NH-5 Himachal,,NHAI,,Pradesh,2022-04,2024-03,2027-03,2027-12,,1956.26,0.0,1537.77,59.88,2026-08,FlashReport_August_2026.pdf,105,"{""approval"": ""04/2022"", ""start"": ""(03/2024)"", ""actual"": null, ""original"": ""03/2027"", ""revised"": ""(12/2027)""}","{""original"": ""1,956.26"", ""revised"": ""0.00"", ""expenditure"": ""1,537.77""}"
619003,Himachal,,NHAI,,Pradesh,2018-03,2018-11,2021-05,2026-11,,881.74,0.0,1348.35,90.11,2026-08,FlashReport_August_2026.pdf,105,"{""approval"": ""03/2018"", ""start"": ""(11/2018)"", ""actual"": null, ""original"": ""05/2021"", ""revised"": ""(11/2026)""}","{""original"": ""881.74"", ""revised"": ""0.00"", ""expenditure"": ""1,348.35""}"
619153,4L of HP/Punjab Border - Mo from km. 11.00 to km. 42.00 of Old NH-20 New NH-154 Package-IA Himachal,,NHAI,,Pradesh,2021-03,2022-05,2024-05,2026-12,,1002.11,0.0,837.74,68.65,2026-08,FlashReport_August_2026.pdf,105,"{""approval"": ""03/2021"", ""start"": ""(05/2022)"", ""actual"": null, ""original"": ""05/2024"", ""revised"": ""(12/2026)""}","{""original"": ""1,002.11"", ""revised"": ""0.00"", ""expenditure"": ""837.74""}"
618038,Construction of Shopian Bypass on NH-444 taking off from existing chainage Km 36500 and re-joining at km 47588 of existing Chainage New Design Ch. From km 28000 to km 36925 as 2- lane with paved shoulder in the UT of Jammu & Kashmir on EPC mode.,,MoRTH,,Jammu and Kashmir,2024-03,2026-01,2028-01,,,547.47,0.0,194.18,5.0,2026-08,FlashReport_August_2026.pdf,105,"{""approval"": ""03/2024"", ""start"": ""(01/2026)"", ""actual"": null, ""original"": ""01/2028"", ""revised"": ""(-)""}","{""original"": ""547.47"", ""revised"": ""0.00"", ""expenditure"": ""194.18""}"
618201,"Widening and strengthening to 2 lane with paved shoulder from existing Ch. Km 56720 to Km 100820 and Design Ch. From Km 62600 to Km 106360 Total Length43.760 Km on SRINAGAR -BARAMULA URINH-01 in the UT of Jammu & Kashmir under project BEACON, Border Roads Organization BRO on EPC mode.",,MoRTH,,Jammu and Kashmir,2023-09,2024-11,2026-11,2027-06,,702.1,0.0,188.08,52.95,2026-08,FlashReport_August_2026.pdf,105,"{""approval"": ""09/2023"", ""start"": ""(11/2024)"", ""actual"": null, ""original"": ""11/2026"", ""revised"": ""(06/2027)""}","{""original"": ""702.10"", ""revised"": ""0.00"", ""expenditure"": ""188.08""}"
618202,Construction of 2 lane with paved shoulders Baramulla Bypass Greenfield bypass from existing Ch. Km 47020 to Km 56720 and Design Ch. From 48500 to 62600 Total length 14.100 km on road Srinagar Baramulla Uri NH-01 in the UT of Jammu & Kashmir under Project.Package-III,,MoRTH,,Jammu and Kashmir,2023-03,2024-09,2026-09,2027-07,,992.43,0.0,502.59,48.8,2026-08,FlashReport_August_2026.pdf,105,"{""approval"": ""03/2023"", ""start"": ""(09/2024)"", ""actual"": null, ""original"": ""09/2026"", ""revised"": ""(07/2027)""}","{""original"": ""992.43"", ""revised"": ""0.00"", ""expenditure"": ""502.59""}"
618203,"Construction of 4 lane with paved shoulder Pattan bypass Greenfield bypass from existing Ch. Km 24320 to Km 33760 and Design Ch. from Km 24400 to Km 35300, total length 10.900 km on road SrinagarBaramulla Uri NH-01 in the UT of Jammu & Kashmir under Project BEACON, Border Roads Organization BRO on EPC mode. Package-II",,MoRTH,,Jammu and Kashmir,2023-03,2024-08,2026-07,2027-02,,980.21,0.0,538.31,62.5,2026-08,FlashReport_August_2026.pdf,105,"{""approval"": ""03/2023"", ""start"": ""(08/2024)"", ""actual"": null, ""original"": ""07/2026"", ""revised"": ""(02/2027)""}","{""original"": ""980.21"", ""revised"": ""0.00"", ""expenditure"": ""538.31""}"
618204,Construction of realignment between Pandrass- Pashkyun Total length 27.10 km on road Zozila-Kargil -Leh NH-1 to 2 lane specifications i.e. Drass alignment 9.30 km Kharboo realignment 6.30 km & Kargil alignment 11.50 km under project Vijayak BRO in the UT of Ladakh on EPC Mode,,MoRTH,,Jammu and Kashmir,2021-11,2023-06,2025-06,2027-07,,426.15,0.0,118.68,54.89,2026-08,FlashReport_August_2026.pdf,106,"{""approval"": ""11/2021"", ""start"": ""(06/2023)"", ""actual"": null, ""original"": ""06/2025"", ""revised"": ""(07/2027)""}","{""original"": ""426.15"", ""revised"": ""0.00"", ""expenditure"": ""118.68""}"
618205,"Construction of 4 lane with paved shoulder from Existing Ch. 14200 to 24320 Design Ch. 14200 to 24400, Ch. 33760 to 42780 Design Ch. 35300 to 44294 & Ch. 43440 to 47020 Design Ch. 44958 to 48500 Delina Flyover including construction of flyover length 1.704 km of total length 22.736 kms in AOR of 760 BRTF on road SRINAGAR BARAMULA URI NH-01 in the UT of Jammu & Kashmir under project BEACON, Border Roads Organization BRO Package-IJob No NH-1-J&K-2022-23-110",,MoRTH,,Jammu and Kashmir,2022-06,2023-08,2025-08,2026-12,,823.46,0.0,547.5,87.6,2026-08,FlashReport_August_2026.pdf,106,"{""approval"": ""06/2022"", ""start"": ""(08/2023)"", ""actual"": null, ""original"": ""08/2025"", ""revised"": ""(12/2026)""}","{""original"": ""823.46"", ""revised"": ""0.00"", ""expenditure"": ""547.50""}"
618206,Widening and Strengthening of Rafiabad-Kupwara-Chowkibal-Tangdhar-Chamkot NH- 701 road from design Ch. From 0000 to 51000 to two lanes with paved shoulders under Project Beacon in the UT of Jammu & Kashmir on EPC mode Package-I.,,MoRTH,,Jammu and Kashmir,2024-03,2024-11,2027-05,,,1404.94,0.0,530.41,49.55,2026-08,FlashReport_August_2026.pdf,106,"{""approval"": ""03/2024"", ""start"": ""(11/2024)"", ""actual"": null, ""original"": ""05/2027"", ""revised"": ""(-)""}","{""original"": ""1,404.94"", ""revised"": ""0.00"", ""expenditure"": ""530.41""}"
618221,Rehabilitation and upgradation to 2 lane with paved shoulder from existing chainage Km 166.100 to Km 192.98 design chainage Km 146.700 to Km 162.800 including construction of Bhimber Gali Tunnel Total Length of Tunnel 1.100 Km under 31 BRTF on Akhnoor-Poonch Roads on EPC mode NH-144A Package-VII,,MoRTH,,Jammu and Kashmir,2021-09,2024-07,2026-07,2027-07,,734.64,0.0,243.21,60.0,2026-08,FlashReport_August_2026.pdf,106,"{""approval"": ""09/2021"", ""start"": ""(07/2024)"", ""actual"": null, ""original"": ""07/2026"", ""revised"": ""(07/2027)""}","{""original"": ""734.64"", ""revised"": ""0.00"", ""expenditure"": ""243.21""}"
618222,Widening and Strengthening up gradation to 2 lane with paved shoulder from existing chainage Km 192.98 to Km 229.820 design chainage Km 162.800 to Km 198.18 under 31 BRTF on Akhnoor-Poonch Road NH-144A in the UT of Jammu and Kashmir under Project Sampark Border Roads Organisation BRO on EPC Mode Package-VIII Job No NH-144A-J&K-2022-2023-111,,MoRTH,,Jammu and Kashmir,2022-10,2024-01,2026-01,2027-03,,562.45,0.0,158.68,71.27,2026-08,FlashReport_August_2026.pdf,106,"{""approval"": ""10/2022"", ""start"": ""(01/2024)"", ""actual"": null, ""original"": ""01/2026"", ""revised"": ""(03/2027)""}","{""original"": ""562.45"", ""revised"": ""0.00"", ""expenditure"": ""158.68""}"
618223,Rehabilitation and up-gradation to 2 lane with paved shoulder from existing chainage km 64535 to km 85385 Design chainage km 55800 to km 74350 under 13 TF on Akhnoor-Poonch road NH-144A under Project Sampark BRO in the UT of Jammu & Kashmir on EPC mode Package-III Job no NH-144A-J&K-2019-20-79,,MoRTH,,Jammu and Kashmir,2020-03,2021-09,2023-09,2026-12,,152.93,0.0,137.09,90.06,2026-08,FlashReport_August_2026.pdf,106,"{""approval"": ""03/2020"", ""start"": ""(09/2021)"", ""actual"": null, ""original"": ""09/2023"", ""revised"": ""(12/2026)""}","{""original"": ""152.93"", ""revised"": ""0.00"", ""expenditure"": ""137.09""}"
618224,Rehabilitation and up-gradation to 2 lane with paved shoulder from existing chainage km 49150 to km 64535 Design chainage km 46.450 to km 55.800 including construction of Sungal Tunnel Total length of Tunnel 2.79 km under 13 TF on Akhnoor-Poonch road NH-144A under Project Sampark BRO in the UT of Jammu & Kashmir on EPC mode Package-II Job no NH-144A-J&K-2019-20-78,,MoRTH,,Jammu and Kashmir,2020-03,2021-08,2024-08,2026-09,,796.97,0.0,575.21,99.0,2026-08,FlashReport_August_2026.pdf,106,"{""approval"": ""03/2020"", ""start"": ""(08/2021)"", ""actual"": null, ""original"": ""08/2024"", ""revised"": ""(09/2026)""}","{""original"": ""796.97"", ""revised"": ""0.00"", ""expenditure"": ""575.21""}"
618225,Rehabilitation and up-gradation to 2 lane with paved shoulder from existing chainage km 134950 to km 166100 Design chainage km 116980 to km 146700 under 31 TF on Akhnoor-Poonch road NH-144A in the UT of Jammu & Kashmir under Project Sampark BRO on EPC mode Package-VI Job no NH-144A-J&K-2021-22-106,,MoRTH,,Jammu and Kashmir,2021-07,2022-07,2024-07,2026-12,,395.25,0.0,283.64,89.2,2026-08,FlashReport_August_2026.pdf,106,"{""approval"": ""07/2021"", ""start"": ""(07/2022)"", ""actual"": null, ""original"": ""07/2024"", ""revised"": ""(12/2026)""}","{""original"": ""395.25"", ""revised"": ""0.00"", ""expenditure"": ""283.64""}"
618226,Rehabilitation and upgradation to 2 lane with paved shoulder from existing chainage Km 30.053 to Km 49.150 design chainage Km 30.000 to Km 46.450 including Kandi Tunnel under 31 BRTF on Akhnoor-Poonch Road NH-144A Under Project Sampark in the UT of Jammu & Kashmir EPC modePackage-I Job no NH-144A-J&K-2020-21-83.,,MoRTH,,Jammu and Kashmir,2020-07,2022-11,2024-11,2026-12,,272.49,0.0,200.42,95.27,2026-08,FlashReport_August_2026.pdf,106,"{""approval"": ""07/2020"", ""start"": ""(11/2022)"", ""actual"": null, ""original"": ""11/2024"", ""revised"": ""(12/2026)""}","{""original"": ""272.49"", ""revised"": ""0.00"", ""expenditure"": ""200.42""}"
618394,Up-gradation to 2-lane with Paved Shoulder from Km 12.850 to Km20.300 of 7.450Km length on Goha-Khellani section and a link road to Goha village of 2.016 km on NH- 244 in UT of Jammu and Kashmir on EPC Mode Pkg-1,,NHIDCL,,Jammu and Kashmir,2020-07,2020-10,2022-04,2026-10,,228.39,0.0,183.3,94.26,2026-08,FlashReport_August_2026.pdf,106,"{""approval"": ""07/2020"", ""start"": ""(10/2020)"", ""actual"": null, ""original"": ""04/2022"", ""revised"": ""(10/2026)""}","{""original"": ""228.39"", ""revised"": ""0.00"", ""expenditure"": ""183.30""}"
618395,"Construction & Upgradation to 2-lane with paved shoulder from Design Ch. Km 51700 at Premnagar km 66315 to Km 66535 New Thatri at Start of Km 83rd, Tunnel Km 82665 of 14.835 Km design length on Chenani-Sudhmahadev-Goha Khellani- Kishtwar-Vailoo Donipawa-Ashajipora section of NH-244 in the UT of J&K on EPC Mode under NHO-Gen Pkg - 2",,NHIDCL,,Jammu and Kashmir,2021-03,2021-08,2023-02,2027-06,,512.43,0.0,164.66,53.49,2026-08,FlashReport_August_2026.pdf,106,"{""approval"": ""03/2021"", ""start"": ""(08/2021)"", ""actual"": null, ""original"": ""02/2023"", ""revised"": ""(06/2027)""}","{""original"": ""512.43"", ""revised"": ""0.00"", ""expenditure"": ""164.66""}"
618397,Widening and Up-gradation to 2-Lane with Paved Shoulder of configuration and geometric improvement from Km 0.000 to Km 16.990 on Chenani Sudhmahadev section of NH-244 in UT of Jammu and Kashmir to be executed on EPC basis,,NHIDCL,,Jammu and Kashmir,2018-03,2018-11,2020-11,2025-12,,255.9,0.0,240.59,94.06,2026-08,FlashReport_August_2026.pdf,106,"{""approval"": ""03/2018"", ""start"": ""(11/2018)"", ""actual"": null, ""original"": ""11/2020"", ""revised"": ""(12/2025)""}","{""original"": ""255.90"", ""revised"": ""0.00"", ""expenditure"": ""240.59""}"
618398,Up-gradation to 2-lane with Paved Shoulder from Km 20.300 to Km 29.030 of 8.730 Km length on Goha-Khellani section on NH-244 in UT of Jammu and Kashmir on EPC Mode Package II,,NHIDCL,,Jammu and Kashmir,2020-07,2020-10,2022-04,2026-06,,210.79,0.0,190.26,96.95,2026-08,FlashReport_August_2026.pdf,106,"{""approval"": ""07/2020"", ""start"": ""(10/2020)"", ""actual"": null, ""original"": ""04/2022"", ""revised"": ""(06/2026)""}","{""original"": ""210.79"", ""revised"": ""0.00"", ""expenditure"": ""190.26""}"
618399,Construction of Kishtwar bypass with 2 lane with paved shoulder from Design Km. 80.675 Dulhasti to km 95.550 Bandarkoot of 14.88 km & a link road to Kishtwar town from 0000 to 1.871 of length1.871 Km on Khellani - Kishtwar - Chattroo section in UT of Jammu and Kashmir on EPC Mode Pkg-4,,NHIDCL,,Jammu and Kashmir,2021-03,2021-08,2023-08,2027-12,,859.67,0.0,363.24,50.64,2026-08,FlashReport_August_2026.pdf,107,"{""approval"": ""03/2021"", ""start"": ""(08/2021)"", ""actual"": null, ""original"": ""08/2023"", ""revised"": ""(12/2027)""}","{""original"": ""859.67"", ""revised"": ""0.00"", ""expenditure"": ""363.24""}"
618400,Construction & Upgradation to 2-lane with paved shoulder from Design Km 67.805 at the end of Km 83rd Tunnel near Dhrabshalla Ex. Km 83905 to Km 80.675 start of Kishtwar Bypass - Dulhasti Ex. Km 970751 of 12.870 Km length on chenani- Sudhmahadev-Goha Khellani-Kishtwar-vailoo-Donipawa-Ashajipora seition of NH-244 in the UT of J&K on EPC Mode under NHO-Gen Pkg-3,,NHIDCL,,Jammu and Kashmir,2021-03,2021-07,2022-12,2025-08,,398.51,0.0,120.09,98.55,2026-08,FlashReport_August_2026.pdf,107,"{""approval"": ""03/2021"", ""start"": ""(07/2021)"", ""actual"": null, ""original"": ""12/2022"", ""revised"": ""(08/2025)""}","{""original"": ""398.51"", ""revised"": ""0.00"", ""expenditure"": ""120.09""}"
618406,Up-gradation to 4-lane with Paved Shoulder of Jammu-Akhnoor road section of NH- 144A from Ganesh Vihar Km 6.000 to Khati Chowk Km 26.350 in UT of Jammu and Kashmir on EPC basis Pkg-3A,,NHIDCL,,Jammu and Kashmir,2018-03,2019-07,2021-07,2026-11,,322.49,0.0,410.94,93.15,2026-08,FlashReport_August_2026.pdf,107,"{""approval"": ""03/2018"", ""start"": ""(07/2019)"", ""actual"": null, ""original"": ""07/2021"", ""revised"": ""(11/2026)""}","{""original"": ""322.49"", ""revised"": ""0.00"", ""expenditure"": ""410.94""}"
618407,Jammu-Akhnoor Road Pkg-I,,NHIDCL,,Jammu and Kashmir,2018-03,2023-01,2025-01,2026-10,,245.3,0.0,115.31,75.29,2026-08,FlashReport_August_2026.pdf,107,"{""approval"": ""03/2018"", ""start"": ""(01/2023)"", ""actual"": null, ""original"": ""01/2025"", ""revised"": ""(10/2026)""}","{""original"": ""245.30"", ""revised"": ""0.00"", ""expenditure"": ""115.31""}"
618494,Delhi-Amritsar-Katra Expressway Phase-II Pkg-XV [Junction with Hiranagar Road near village Gurha Baildaran to Junction with Jammu Ring Road NH-244A near Jakh village from Km 468100 to Km 503250],,NHAI,,Jammu and Kashmir,2021-10,2022-09,2024-09,2026-12,,2714.95,0.0,1848.0,90.01,2026-08,FlashReport_August_2026.pdf,107,"{""approval"": ""10/2021"", ""start"": ""(09/2022)"", ""actual"": null, ""original"": ""09/2024"", ""revised"": ""(12/2026)""}","{""original"": ""2,714.95"", ""revised"": ""0.00"", ""expenditure"": ""1,848.00""}"
618495,4/6L Access Control Expressway from Design Chainage Km 515.000 to 528.300 Kunjwani to Sidhra Section of NH-44 and from Design Chainage Km 550.900 to Km 566.520 Domel to Katra Section Phase II-Package XVII,,NHAI,,Jammu and Kashmir,2022-06,2023-06,2025-06,2027-11,,2894.74,0.0,1017.24,66.74,2026-08,FlashReport_August_2026.pdf,107,"{""approval"": ""06/2022"", ""start"": ""(06/2023)"", ""actual"": null, ""original"": ""06/2025"", ""revised"": ""(11/2027)""}","{""original"": ""2,894.74"", ""revised"": ""0.00"", ""expenditure"": ""1,017.24""}"
618496,Delhi-Amritsar-Katra Expressway Phase-II Pkg-XVI Existing Jakh Vijaypur-Kunjwani section of NH-44 including spur Connectivity to Jammu Airport NH-144A [Km 503500 to km 514500],,NHAI,,Jammu and Kashmir,2021-09,2022-09,2024-09,2026-09,,1821.72,0.0,1242.7,94.14,2026-08,FlashReport_August_2026.pdf,107,"{""approval"": ""09/2021"", ""start"": ""(09/2022)"", ""actual"": null, ""original"": ""09/2024"", ""revised"": ""(09/2026)""}","{""original"": ""1,821.72"", ""revised"": ""0.00"", ""expenditure"": ""1,242.70""}"
618497,Delhi Amritsar Katra Expressway Phase-II Pkg XVIII Development and Upgradation of Four lane Access Control Expressway from Design Chainage KM 530.00 to KM 545.300 Sidhra to Domel Section of NH-44,,NHAI,,Jammu and Kashmir,2022-12,2023-11,2025-11,2027-06,,1025.73,0.0,670.32,70.17,2026-08,FlashReport_August_2026.pdf,107,"{""approval"": ""12/2022"", ""start"": ""(11/2023)"", ""actual"": null, ""original"": ""11/2025"", ""revised"": ""(06/2027)""}","{""original"": ""1,025.73"", ""revised"": ""0.00"", ""expenditure"": ""670.32""}"
618541,4L Ring road/bypass around Srinagar city from km 0.000 to km 42.100 Phase-I,,NHAI,,Jammu and Kashmir,2021-03,2021-08,2024-02,2026-10,,2919.96,0.0,1873.52,89.0,2026-08,FlashReport_August_2026.pdf,107,"{""approval"": ""03/2021"", ""start"": ""(08/2021)"", ""actual"": null, ""original"": ""02/2024"", ""revised"": ""(10/2026)""}","{""original"": ""2,919.96"", ""revised"": ""0.00"", ""expenditure"": ""1,873.52""}"
618542,4L of existing Wayul Ganderbal Pandach Soura section of old NH-1 as a part of Srinagar Ring Road Phase IIA,,NHAI,,Jammu and Kashmir,2024-12,2026-05,2028-05,2028-05,,827.98,0.0,265.2,0.02,2026-08,FlashReport_August_2026.pdf,107,"{""approval"": ""12/2024"", ""start"": ""(05/2026)"", ""actual"": null, ""original"": ""05/2028"", ""revised"": ""(05/2028)""}","{""original"": ""827.98"", ""revised"": ""0.00"", ""expenditure"": ""265.20""}"
618543,4L of twin tube tunnel configuration including approaches from Marog to Digdol from Km.154.210 to Km.158.650 North Bound and from Km.155.940 to Km.160.260 South Bound of Ramban to Banihal Pkg-I of Old NH-1A New NH-44,,NHAI,,Jammu and Kashmir,2021-07,2022-08,2025-08,2027-12,,1912.17,0.0,425.31,30.5,2026-08,FlashReport_August_2026.pdf,107,"{""approval"": ""07/2021"", ""start"": ""(08/2022)"", ""actual"": null, ""original"": ""08/2025"", ""revised"": ""(12/2027)""}","{""original"": ""1,912.17"", ""revised"": ""0.00"", ""expenditure"": ""425.31""}"
618544,"4L twin tube tunnel including approaches from Digdol to Khuni Nallah North Bound connecting with existing major bridge on NB and South Bound connecting with Tunnel T4 ,Single tube tunnel of Ramban to Banihal Pkg-II of Old NH-1A New NH-44",,NHAI,,Jammu and Kashmir,2021-07,2022-02,2024-06,2026-09,,1401.87,0.0,1071.33,87.1,2026-08,FlashReport_August_2026.pdf,107,"{""approval"": ""07/2021"", ""start"": ""(02/2022)"", ""actual"": null, ""original"": ""06/2024"", ""revised"": ""(09/2026)""}","{""original"": ""1,401.87"", ""revised"": ""0.00"", ""expenditure"": ""1,071.33""}"
618545,"4L of Km.165.092 to Km.171.855 North Bound and from Km.166.895 to Km.173.638 South Bound, excl. certain reaches of North Bound and South Bound of Ramban to Banihal Pkg-III of Old NH-1A New NH-44",,NHAI,,Jammu and Kashmir,2021-07,2022-02,2024-08,2027-06,,614.48,0.0,312.38,42.8,2026-08,FlashReport_August_2026.pdf,107,"{""approval"": ""07/2021"", ""start"": ""(02/2022)"", ""actual"": null, ""original"": ""08/2024"", ""revised"": ""(06/2027)""}","{""original"": ""614.48"", ""revised"": ""0.00"", ""expenditure"": ""312.38""}"
618547,2L NH-1 from km 8.660 to km 33.775 Sumbal to Wayul to 4L dual carriageway NH standard as part of Srinagar Ring Road PhaseII [Design Ch. 41.907 to Ch. 66.609],,NHAI,,Jammu and Kashmir,2022-11,2023-12,2026-06,2027-03,,961.0,0.0,484.85,55.02,2026-08,FlashReport_August_2026.pdf,107,"{""approval"": ""11/2022"", ""start"": ""(12/2023)"", ""actual"": null, ""original"": ""06/2026"", ""revised"": ""(03/2027)""}","{""original"": ""961.00"", ""revised"": ""0.00"", ""expenditure"": ""484.85""}"
618549,Construction of twin tube tunnels on Jammu Kashmir Ring Road NH-244A Between Design Ch. 50600 to 51700 and design Ch. 53535 to 55700 on EPC mode under residual NHDP component of Bharatmala Pariyojna,,NHAI,,Jammu and Kashmir,2022-11,2023-06,2025-06,2026-12,,242.65,0.0,678.54,83.87,2026-08,FlashReport_August_2026.pdf,107,"{""approval"": ""11/2022"", ""start"": ""(06/2023)"", ""actual"": null, ""original"": ""06/2025"", ""revised"": ""(12/2026)""}","{""original"": ""242.65"", ""revised"": ""0.00"", ""expenditure"": ""678.54""}"
618550,Corridor Efficiency Improvement including removal of black spots in Lakhanpur - Samba section of NH-44 from Chainage Km. 16.300 to Km. 74.100,,NHAI,,Jammu and Kashmir,2022-06,2022-12,2024-06,2026-12,,855.74,0.0,204.92,74.63,2026-08,FlashReport_August_2026.pdf,107,"{""approval"": ""06/2022"", ""start"": ""(12/2022)"", ""actual"": null, ""original"": ""06/2024"", ""revised"": ""(12/2026)""}","{""original"": ""855.74"", ""revised"": ""0.00"", ""expenditure"": ""204.92""}"
618967,Upgradation and Strengthening of Chenani to Nashri Section via Patnitop of NH244 from Km 0.000 to Km 39.100,,NHAI,,Jammu and Kashmir,2024-03,2024-08,2026-08,2027-03,,295.06,0.0,210.02,64.88,2026-08,FlashReport_August_2026.pdf,108,"{""approval"": ""03/2024"", ""start"": ""(08/2024)"", ""actual"": null, ""original"": ""08/2026"", ""revised"": ""(03/2027)""}","{""original"": ""295.06"", ""revised"": ""0.00"", ""expenditure"": ""210.02""}"
619038,Construction/upgradation to 2-lane with paved shoulder from Design Km 95.55 Bandarkoot to Km. 111.06 Chattroo of 15.52 Km length on Khellani-Kishtwar-Chattroo section on NH-244 in UT of Jammu and Kashmir on EPC Mode Pkg-5,,NHIDCL,,Jammu and Kashmir,2021-03,2021-08,2023-02,2026-03,,497.09,0.0,270.82,99.97,2026-08,FlashReport_August_2026.pdf,108,"{""approval"": ""03/2021"", ""start"": ""(08/2021)"", ""actual"": null, ""original"": ""02/2023"", ""revised"": ""(03/2026)""}","{""original"": ""497.09"", ""revised"": ""0.00"", ""expenditure"": ""270.82""}"
618060,Widening and Strengthening of existing paveemnt to two lane with paved shoulders from km 116.00 to km 176.355 of NH-75E in the State of Jharkhand on EPC mode.,,MoRTH,,Jharkhand,2022-01,2023-01,2024-07,2026-10,,315.21,0.0,169.76,90.0,2026-08,FlashReport_August_2026.pdf,108,"{""approval"": ""01/2022"", ""start"": ""(01/2023)"", ""actual"": null, ""original"": ""07/2024"", ""revised"": ""(10/2026)""}","{""original"": ""315.21"", ""revised"": ""0.00"", ""expenditure"": ""169.76""}"
618083,Construction of byepass around Lohardaga town of NH-143A in the Sate of Jharkhand under EPC mode.,,MoRTH,,Jharkhand,2022-02,2024-01,2026-01,2026-09,,458.78,0.0,116.23,5.0,2026-08,FlashReport_August_2026.pdf,108,"{""approval"": ""02/2022"", ""start"": ""(01/2024)"", ""actual"": null, ""original"": ""01/2026"", ""revised"": ""(09/2026)""}","{""original"": ""458.78"", ""revised"": ""0.00"", ""expenditure"": ""116.23""}"
618084,Widening to 2-lane with paved shoulder from km 0.00 to 44.00 Kuru-Ghaghra section of NH-143A including re-construction of culverts and bridges.,,MoRTH,,Jharkhand,2020-02,2021-08,2023-08,2026-10,,153.01,0.0,108.0,95.0,2026-08,FlashReport_August_2026.pdf,108,"{""approval"": ""02/2020"", ""start"": ""(08/2021)"", ""actual"": null, ""original"": ""08/2023"", ""revised"": ""(10/2026)""}","{""original"": ""153.01"", ""revised"": ""0.00"", ""expenditure"": ""108.00""}"
618127,Construction of 2- Lane with paved shoulder from km 56.45 Dharampur More to 93.050 Pakur of NH-333A in the State of Jharkhand on EPC mode,,MoRTH,,Jharkhand,2023-03,2025-11,2027-05,2027-05,,255.73,0.0,32.78,15.0,2026-08,FlashReport_August_2026.pdf,108,"{""approval"": ""03/2023"", ""start"": ""(11/2025)"", ""actual"": null, ""original"": ""05/2027"", ""revised"": ""(05/2027)""}","{""original"": ""255.73"", ""revised"": ""0.00"", ""expenditure"": ""32.78""}"
618242,Widening and Reconstruction to 4-lane/4-lane with service road including structures from Pokharia More at Km 47.600 Ex. Km 50.230 to Govindpur at km 62.949 Ex. Km 65.325 of Nh-419 in the State of Jharkhand on EPC mode.,,MoRTH,,Jharkhand,2022-05,2024-01,2026-01,2027-01,,300.46,0.0,175.68,56.31,2026-08,FlashReport_August_2026.pdf,108,"{""approval"": ""05/2022"", ""start"": ""(01/2024)"", ""actual"": null, ""original"": ""01/2026"", ""revised"": ""(01/2027)""}","{""original"": ""300.46"", ""revised"": ""0.00"", ""expenditure"": ""175.68""}"
618534,Construction of Six lane elevated flyover including reconstruction/rehabilitation of existing pavement from Km 426230 to Km 430500 Length 4.27 Km at Nirsa in the Barwa Adda Panagarh section of NH-19 from Km.398.240 to Km.521.120 including Panagarh Bypass in the State of Jharkhand on EPC Mode.,,NHAI,,Jharkhand,2025-01,2026-02,2028-08,2028-08,,470.75,0.0,1.43,0.0,2026-08,FlashReport_August_2026.pdf,108,"{""approval"": ""01/2025"", ""start"": ""(02/2026)"", ""actual"": null, ""original"": ""08/2028"", ""revised"": ""(08/2028)""}","{""original"": ""470.75"", ""revised"": ""0.00"", ""expenditure"": ""1.43""}"
618535,Construction of Six lane elevated flyover including reconstruction/rehabilitation of existing pavement from Km 406100 to Km 411150 Length 5.05 Km at Gobindpur area in the Barwa Adda Panagarh section of NH-19 from Km.398.240 to Km.521.120 including Panagarh Bypass in the State of Jharkhand on EPC Mode.,,NHAI,,Jharkhand,2025-01,2025-09,2028-03,2028-03,,687.77,0.0,80.51,19.91,2026-08,FlashReport_August_2026.pdf,108,"{""approval"": ""01/2025"", ""start"": ""(09/2025)"", ""actual"": null, ""original"": ""03/2028"", ""revised"": ""(03/2028)""}","{""original"": ""687.77"", ""revised"": ""0.00"", ""expenditure"": ""80.51""}"
618641,4 Lane of CG/JH Border-Gumla from km 0.000 to km 32.370 of NH-43 in the State of Jhrkhand,,NHAI,,Jharkhand,2024-08,2026-02,2028-02,2028-02,,1325.8,0.0,341.47,9.76,2026-08,FlashReport_August_2026.pdf,108,"{""approval"": ""08/2024"", ""start"": ""(02/2026)"", ""actual"": null, ""original"": ""02/2028"", ""revised"": ""(02/2028)""}","{""original"": ""1,325.80"", ""revised"": ""0.00"", ""expenditure"": ""341.47""}"
618642,4L of Palma to Gumla from km. 26.00 to km. 89.170 of NH-23,,NHAI,,Jharkhand,2020-03,2022-04,2024-03,2026-10,,1882.93,0.0,1372.27,99.9,2026-08,FlashReport_August_2026.pdf,108,"{""approval"": ""03/2020"", ""start"": ""(04/2022)"", ""actual"": null, ""original"": ""03/2024"", ""revised"": ""(10/2026)""}","{""original"": ""1,882.93"", ""revised"": ""0.00"", ""expenditure"": ""1,372.27""}"
618644,4L of Ormanjhi-Gola section from Km 81.450 to Km 53.600 of NH- 320BPKG-II,,NHAI,,Jharkhand,2022-02,2023-06,2025-06,2026-12,,1214.93,0.0,995.16,86.57,2026-08,FlashReport_August_2026.pdf,108,"{""approval"": ""02/2022"", ""start"": ""(06/2023)"", ""actual"": null, ""original"": ""06/2025"", ""revised"": ""(12/2026)""}","{""original"": ""1,214.93"", ""revised"": ""0.00"", ""expenditure"": ""995.16""}"
618645,4L of Gola-BokaroJaina More section from Km 53.600 to Km 21.110 of NH-320PKG-1,,NHAI,,Jharkhand,2022-02,2023-06,2025-06,2026-10,,1007.97,0.0,627.94,78.1,2026-08,FlashReport_August_2026.pdf,108,"{""approval"": ""02/2022"", ""start"": ""(06/2023)"", ""actual"": null, ""original"": ""06/2025"", ""revised"": ""(10/2026)""}","{""original"": ""1,007.97"", ""revised"": ""0.00"", ""expenditure"": ""627.94""}"
618729,6 Lane Greenfield Varanasi- Ranchi- Kolkata Highway from Donoreshan village to junction with NH-20 in Bongabar village from km 288.600 to km 325.500 Pkg -11,,NHAI,,Jharkhand,2023-03,2026-07,2028-07,2028-07,,1856.12,0.0,284.44,0.0,2026-08,FlashReport_August_2026.pdf,108,"{""approval"": ""03/2023"", ""start"": ""(07/2026)"", ""actual"": null, ""original"": ""07/2028"", ""revised"": ""(07/2028)""}","{""original"": ""1,856.12"", ""revised"": ""0.00"", ""expenditure"": ""284.44""}"
618730,6 Lane Greenfield Varanasi- Ranchi- Kolkata Highway from Deoria village to Donoreshan village from km 253.000 to km 288.600 Pkg -10,,NHAI,,Jharkhand,2023-03,2026-05,2028-05,2028-05,,1546.27,0.0,223.12,5.65,2026-08,FlashReport_August_2026.pdf,108,"{""approval"": ""03/2023"", ""start"": ""(05/2026)"", ""actual"": null, ""original"": ""05/2028"", ""revised"": ""(05/2028)""}","{""original"": ""1,546.27"", ""revised"": ""0.00"", ""expenditure"": ""223.12""}"
618731,6 Lane Greenfield Varanasi- Ranchi- Kolkata Highway from Chatra to junction with NH- 100 in Deoria village from km 222.000 to km 253.000 Pkg -9,,NHAI,,Jharkhand,2023-03,2026-07,2028-07,2028-07,,1418.16,0.0,148.74,0.0,2026-08,FlashReport_August_2026.pdf,108,"{""approval"": ""03/2023"", ""start"": ""(07/2026)"", ""actual"": null, ""original"": ""07/2028"", ""revised"": ""(07/2028)""}","{""original"": ""1,418.16"", ""revised"": ""0.00"", ""expenditure"": ""148.74""}"
618733,6L Greenfield Varanasi- Ranchi- Kolkata Highway from junction with NH-20 in Bongabar village to junction with NH-30 in Lepo village from km 325.500 to km 358.500 Pkg -12,,NHAI,,Jharkhand,2023-03,2026-07,2028-07,2028-07,,1525.52,0.0,253.03,0.1,2026-08,FlashReport_August_2026.pdf,108,"{""approval"": ""03/2023"", ""start"": ""(07/2026)"", ""actual"": null, ""original"": ""07/2028"", ""revised"": ""(07/2028)""}","{""original"": ""1,525.52"", ""revised"": ""0.00"", ""expenditure"": ""253.03""}"
618736,4L Elevated corridor of Kalimandir-Dimna Chowk-Baliguma Jamshedpur Section of NH-33 New NH-18 from km 241940 to km 251961 Length 10.021 km,,NHAI,,Jharkhand,2024-03,2024-09,2027-03,2027-03,,936.26,0.0,346.55,49.5,2026-08,FlashReport_August_2026.pdf,108,"{""approval"": ""03/2024"", ""start"": ""(09/2024)"", ""actual"": null, ""original"": ""03/2027"", ""revised"": ""(03/2027)""}","{""original"": ""936.26"", ""revised"": ""0.00"", ""expenditure"": ""346.55""}"
618737,Grade separated Interchanges at Km. 113.730 junction with Ranchi Hazaribagh Road & Km. 139.225 junction with Ranchi Jamshedpur road on 4L Ranchi Bypass of NH-33,,NHAI,,Jharkhand,2025-01,2025-12,2027-12,2027-12,,303.53,0.0,6.01,0.0,2026-08,FlashReport_August_2026.pdf,109,"{""approval"": ""01/2025"", ""start"": ""(12/2025)"", ""actual"": null, ""original"": ""12/2027"", ""revised"": ""(12/2027)""}","{""original"": ""303.53"", ""revised"": ""0.00"", ""expenditure"": ""6.01""}"
618830,4L from Km 147.450 Bhogu to Km 196.870 Sankha on NH-75 Sec-III,,NHAI,,Jharkhand,2022-10,2023-11,2025-11,2027-03,,1517.87,0.0,1131.66,76.95,2026-08,FlashReport_August_2026.pdf,109,"{""approval"": ""10/2022"", ""start"": ""(11/2023)"", ""actual"": null, ""original"": ""11/2025"", ""revised"": ""(03/2027)""}","{""original"": ""1,517.87"", ""revised"": ""0.00"", ""expenditure"": ""1,131.66""}"
618831,4L from Km 95.400 Udaipura to Km 147.450 Bhogu on NH-75 Sec-II,,NHAI,,Jharkhand,2023-03,2024-10,2026-10,2027-03,,1436.8,0.0,419.79,29.2,2026-08,FlashReport_August_2026.pdf,109,"{""approval"": ""03/2023"", ""start"": ""(10/2024)"", ""actual"": null, ""original"": ""10/2026"", ""revised"": ""(03/2027)""}","{""original"": ""1,436.80"", ""revised"": ""0.00"", ""expenditure"": ""419.79""}"
618832,4L from Km 55.00 Kuru to Km 95.400 Udaipura on NH-75 Sec-I,,NHAI,,Jharkhand,2024-02,2026-01,2028-01,2028-01,,1274.82,0.0,253.66,11.1,2026-08,FlashReport_August_2026.pdf,109,"{""approval"": ""02/2024"", ""start"": ""(01/2026)"", ""actual"": null, ""original"": ""01/2028"", ""revised"": ""(01/2028)""}","{""original"": ""1,274.82"", ""revised"": ""0.00"", ""expenditure"": ""253.66""}"
618863,Barhi-Koderma Section of NH31 km 0.00 - km 27.5,,NHAI,,Jharkhand,2017-02,2019-11,2024-08,2026-09,,662.44,0.0,828.1,98.5,2026-08,FlashReport_August_2026.pdf,109,"{""approval"": ""02/2017"", ""start"": ""(11/2019)"", ""actual"": null, ""original"": ""08/2024"", ""revised"": ""(09/2026)""}","{""original"": ""662.44"", ""revised"": ""0.00"", ""expenditure"": ""828.10""}"
618947,4L of NH-80 from km 215.00 to km 260.00 Mirza Chauki to Farkka Pkg-I,,NHAI,,Jharkhand,2018-03,2021-12,2023-07,2026-10,,1504.8,0.0,1038.78,91.83,2026-08,FlashReport_August_2026.pdf,109,"{""approval"": ""03/2018"", ""start"": ""(12/2021)"", ""actual"": null, ""original"": ""07/2023"", ""revised"": ""(10/2026)""}","{""original"": ""1,504.80"", ""revised"": ""0.00"", ""expenditure"": ""1,038.78""}"
618949,4L of Basukinath- Deoghar Section of NH-114A,,NHAI,,Jharkhand,2022-09,2023-12,2025-12,2026-09,,1444.94,0.0,781.51,90.53,2026-08,FlashReport_August_2026.pdf,109,"{""approval"": ""09/2022"", ""start"": ""(12/2023)"", ""actual"": null, ""original"": ""12/2025"", ""revised"": ""(09/2026)""}","{""original"": ""1,444.94"", ""revised"": ""0.00"", ""expenditure"": ""781.51""}"
618950,Construction of Bypass to NH-114A Connecting NH-333 and NH-133 Deoghar Bypass from design km 0.000 to design Km 49.000,,NHAI,,Jharkhand,2024-11,2026-01,2028-01,2028-01,,1565.47,0.0,106.35,12.0,2026-08,FlashReport_August_2026.pdf,109,"{""approval"": ""11/2024"", ""start"": ""(01/2026)"", ""actual"": null, ""original"": ""01/2028"", ""revised"": ""(01/2028)""}","{""original"": ""1,565.47"", ""revised"": ""0.00"", ""expenditure"": ""106.35""}"
619005,Construction of bypass around Chatra Town on NH-22 old NH-99 in the state of Jharkhand under EPC Mode,,MoRTH,,Jharkhand,2023-03,2026-01,2028-01,2028-01,,235.42,0.0,44.83,14.0,2026-08,FlashReport_August_2026.pdf,109,"{""approval"": ""03/2023"", ""start"": ""(01/2026)"", ""actual"": null, ""original"": ""01/2028"", ""revised"": ""(01/2028)""}","{""original"": ""235.42"", ""revised"": ""0.00"", ""expenditure"": ""44.83""}"
617935,"Construction of Elevated corridor from Km. 135.650 to 136.300 on 63, from Km. 249 to Km. 250.050 on old NH-4 and from Km. 192.910 to Km. 193.350 on NH-218 from decongestion of traffic in Ranichennamma circle in Hubli city in the state of Karnataka on EPC basis",,MoRTH,,Karnataka,2020-08,2021-06,2024-06,2026-11,,298.0,0.0,262.05,65.0,2026-08,FlashReport_August_2026.pdf,109,"{""approval"": ""08/2020"", ""start"": ""(06/2021)"", ""actual"": null, ""original"": ""06/2024"", ""revised"": ""(11/2026)""}","{""original"": ""298.00"", ""revised"": ""0.00"", ""expenditure"": ""262.05""}"
617950,Construction of Srinivasapura Bypass from existing Km 453.890 Design Ch. 0000 to existing Km 461.450 Design Ch 10080 on NH-69 in the State of Karnataka Under NH O in EPC mode under Annual Plan 2022-23 NH-69-KNT-2022-23-966 dated 22.11.2022,,MoRTH,,Karnataka,2022-11,2025-07,2027-01,2027-01,,204.42,0.0,55.06,25.0,2026-08,FlashReport_August_2026.pdf,109,"{""approval"": ""11/2022"", ""start"": ""(07/2025)"", ""actual"": null, ""original"": ""01/2027"", ""revised"": ""(01/2027)""}","{""original"": ""204.42"", ""revised"": ""0.00"", ""expenditure"": ""55.06""}"
617951,Construction of Chintamani Bypass from Design Ch.0000 Existing Ch.428880 to Design Ch.15400 Existing Ch.444010 on NH-69 in the State of Karnataka in EPC Mode under NHO Annual Plan 2022-23. NH-69-KNT-2022-23-989 dated 24.03.2023,,MoRTH,,Karnataka,2023-03,2026-01,2027-07,2027-07,,314.55,0.0,65.75,15.0,2026-08,FlashReport_August_2026.pdf,109,"{""approval"": ""03/2023"", ""start"": ""(01/2026)"", ""actual"": null, ""original"": ""07/2027"", ""revised"": ""(07/2027)""}","{""original"": ""314.55"", ""revised"": ""0.00"", ""expenditure"": ""65.75""}"
617955,Widening to two lane with paved Shoulders from Km 40.00 to Km 75.00 Existing chainages of Mangalore - Tumkur section of NH-73 in the State of Karnataka on EPC Mode under Annual Plan 2021-22 Job No NH-73-KNT-2021-22-945,,MoRTH,,Karnataka,2022-03,2023-03,2025-03,2026-12,,718.52,0.0,522.66,86.0,2026-08,FlashReport_August_2026.pdf,109,"{""approval"": ""03/2022"", ""start"": ""(03/2023)"", ""actual"": null, ""original"": ""03/2025"", ""revised"": ""(12/2026)""}","{""original"": ""718.52"", ""revised"": ""0.00"", ""expenditure"": ""522.66""}"
617989,Construction of Major Bridge at Km.180.865 across river Krishna on NH 167 Hagari Jadcherla section,,MoRTH,,Karnataka,2019-03,2019-05,2021-11,2027-04,,157.32,0.0,16713.2,69.0,2026-08,FlashReport_August_2026.pdf,109,"{""approval"": ""03/2019"", ""start"": ""(05/2019)"", ""actual"": null, ""original"": ""11/2021"", ""revised"": ""(04/2027)""}","{""original"": ""157.32"", ""revised"": ""0.00"", ""expenditure"": ""16,713.20""}"
617997,Widening of existing 2 lane to 4 lane with paved shoulder from Designed km 25.15 to km 56.70 Except Km 52.70 to 53.50 of NH-169 Nellisara Camp to Thirthahalli of NH- 169 on Shimoga-Mangalore section in the state of Karnataka on EPC mode under Annual plan 2022-23 NH-169-KNT-2022-23-978 dated 08.03.2023,,MoRTH,,Karnataka,2023-03,2026-02,2028-02,2028-02,,538.71,0.0,90.45,6.0,2026-08,FlashReport_August_2026.pdf,109,"{""approval"": ""03/2023"", ""start"": ""(02/2026)"", ""actual"": null, ""original"": ""02/2028"", ""revised"": ""(02/2028)""}","{""original"": ""538.71"", ""revised"": ""0.00"", ""expenditure"": ""90.45""}"
617998,Widening to existing 2 lane with paved Shoulder to 4 Lane with paved shoulder from design Km 153.00 to 168.27 Mala Gate to Karkala of NH -169 on Shimoga - Mangalore section in the state of Karnataka on EPC mode under Annula Plan 2021-22 Job No. NH-169-KNT-2021-22-949,,MoRTH,,Karnataka,2022-03,2023-02,2025-02,2026-11,,177.94,0.0,135.57,83.0,2026-08,FlashReport_August_2026.pdf,109,"{""approval"": ""03/2022"", ""start"": ""(02/2023)"", ""actual"": null, ""original"": ""02/2025"", ""revised"": ""(11/2026)""}","{""original"": ""177.94"", ""revised"": ""0.00"", ""expenditure"": ""135.57""}"
617999,Widening to 2LPS from Km 67 to Km 115 on Kadur-Hosadurga section NH 173 in the state of Karnataka NH-173-KNT-2022-23-980 dated 13.03.2023,,MoRTH,,Karnataka,2023-03,2024-10,2026-05,2027-04,,471.62,0.0,230.91,74.79,2026-08,FlashReport_August_2026.pdf,109,"{""approval"": ""03/2023"", ""start"": ""(10/2024)"", ""actual"": null, ""original"": ""05/2026"", ""revised"": ""(04/2027)""}","{""original"": ""471.62"", ""revised"": ""0.00"", ""expenditure"": ""230.91""}"
618027,Widening to 2LPS from Km 71.00 to 104.00 Existing chainages Sarjapur to Pattadkallu on Bhanapur to Gaddanakeri section NH-367 in the State of Karnataka under NHO on EPC mode under Annual Plan 2022-23 NH-367-KNT-2022-23-972 dated 08.02.2023,,MoRTH,,Karnataka,2023-02,2024-03,2026-03,2026-12,,445.62,0.0,255.52,90.0,2026-08,FlashReport_August_2026.pdf,110,"{""approval"": ""02/2023"", ""start"": ""(03/2024)"", ""actual"": null, ""original"": ""03/2026"", ""revised"": ""(12/2026)""}","{""original"": ""445.62"", ""revised"": ""0.00"", ""expenditure"": ""255.52""}"
618028,"Construction of Bypass at Kuknoor, Yelburga, Gajendragada of Bhanapur Gaddanakeri section of NH-367 in the State of Karnataka under NHO on EPC mode under Annual Plan 2022-23. NH-367-KNT-2022-23-973 dated 08.02.2023",,MoRTH,,Karnataka,2023-02,2025-06,2027-06,2027-06,,333.96,0.0,147.67,36.0,2026-08,FlashReport_August_2026.pdf,110,"{""approval"": ""02/2023"", ""start"": ""(06/2025)"", ""actual"": null, ""original"": ""06/2027"", ""revised"": ""(06/2027)""}","{""original"": ""333.96"", ""revised"": ""0.00"", ""expenditure"": ""147.67""}"
618029,Widening to 4 lane from Km. 133.00 to 158.04 design Chainage Km. 130.88 to 155.145 Shirur Cross to Gaddankeri of NH-367 in the State of Karnataka on EPC mode. Job No. NH-367-KNT-2021-22-930,,MoRTH,,Karnataka,2022-01,2023-01,2025-01,2027-03,,350.69,0.0,253.15,83.33,2026-08,FlashReport_August_2026.pdf,110,"{""approval"": ""01/2022"", ""start"": ""(01/2023)"", ""actual"": null, ""original"": ""01/2025"", ""revised"": ""(03/2027)""}","{""original"": ""350.69"", ""revised"": ""0.00"", ""expenditure"": ""253.15""}"
618031,Balance work of Construction of Two/Four lane with paved shoulder from Km 422.000 to 523.600 Chitradurga to Shivamogga of NH-13 in the state of Kanataka on EPC mode.,,MoRTH,,Karnataka,2021-01,2021-12,2025-12,2026-08,,516.96,0.0,386.5,98.0,2026-08,FlashReport_August_2026.pdf,110,"{""approval"": ""01/2021"", ""start"": ""(12/2021)"", ""actual"": null, ""original"": ""12/2025"", ""revised"": ""(08/2026)""}","{""original"": ""516.96"", ""revised"": ""0.00"", ""expenditure"": ""386.50""}"
618086,"Widening to Two Lane with Paved Shoulders from KB Cross to Chunchanahalli ie., Design Ch. 485240 Km Existing Km 494.000 to Design Ch. 523393 Km Existing km 533.152 & From Design Ch. 530393 Existing Km 540.175 to Design Ch. 534476 Existing Km 544.200 at Nelligere of NH-150A on EPC mode under Annual Plan 2022-23 NH-150A-KNT-2022-23-977 dated 08.03.2023",,MoRTH,,Karnataka,2023-03,2025-07,2027-01,2027-01,,617.28,0.0,135.24,48.6,2026-08,FlashReport_August_2026.pdf,110,"{""approval"": ""03/2023"", ""start"": ""(07/2025)"", ""actual"": null, ""original"": ""01/2027"", ""revised"": ""(01/2027)""}","{""original"": ""617.28"", ""revised"": ""0.00"", ""expenditure"": ""135.24""}"
618087,Widening to intermediate/two lane to 2 lane with paved shoulder from Existing chanages Km 112.750 to 142.00 Liingasur to Mudabal cross & from Km. 147.070 to Km. 149.070 Maski city limit of Jewargi Chamrajnagar setion of NH-150A in the state of Karnataka on EPC mode. Job No. NH-150A-KNT-2021-22-951,,MoRTH,,Karnataka,2022-03,2023-01,2024-07,2026-09,,255.88,0.0,201.76,98.0,2026-08,FlashReport_August_2026.pdf,110,"{""approval"": ""03/2022"", ""start"": ""(01/2023)"", ""actual"": null, ""original"": ""07/2024"", ""revised"": ""(09/2026)""}","{""original"": ""255.88"", ""revised"": ""0.00"", ""expenditure"": ""201.76""}"
618095,Widening to Two Lane with Paved Shoulders from Km 0.00 Design Chainage 0.00 to Km 23.338 Design Chainage 23310 of NH-166E MH/KNT Border- Kanamadi- Bijjargi- Tikota section in the state of Karnataka in EPC Mode under Annual plan 2022-23 NH- 166E-KNT-2022-23-974,,MoRTH,,Karnataka,2023-02,2024-09,2026-03,2027-03,,196.05,0.0,82.41,75.0,2026-08,FlashReport_August_2026.pdf,110,"{""approval"": ""02/2023"", ""start"": ""(09/2024)"", ""actual"": null, ""original"": ""03/2026"", ""revised"": ""(03/2027)""}","{""original"": ""196.05"", ""revised"": ""0.00"", ""expenditure"": ""82.41""}"
618109,Widening to 4 lane from Km 51.60 to 76.20 Hebri to Parkala and from Km 85.20 to 88.90 Karavali junction to Malpe of Thirthahalli-Udupi-Malpe Section of NH-169A in the State of Karnataka on EPC Mode under Annual plan 2021-22 Job No. NH-169A- KNT-2021-22-927,,MoRTH,,Karnataka,2022-01,2022-12,2024-12,2026-11,,355.72,0.0,269.8,88.33,2026-08,FlashReport_August_2026.pdf,110,"{""approval"": ""01/2022"", ""start"": ""(12/2022)"", ""actual"": null, ""original"": ""12/2024"", ""revised"": ""(11/2026)""}","{""original"": ""355.72"", ""revised"": ""0.00"", ""expenditure"": ""269.80""}"
618147,Widening to 2 Lane with Paved Shoulders from design Km 103.200 Existing Km 103.200 to design Km 116.700 Existing Km 118.470 on AP/KNT Border to Sira Section of NH-544E in the State of Karnatakaon EPC mode under Annual plan 2022- 23,,MoRTH,,Karnataka,2023-01,2024-03,2025-09,2026-12,,166.58,0.0,85.43,75.0,2026-08,FlashReport_August_2026.pdf,110,"{""approval"": ""01/2023"", ""start"": ""(03/2024)"", ""actual"": null, ""original"": ""09/2025"", ""revised"": ""(12/2026)""}","{""original"": ""166.58"", ""revised"": ""0.00"", ""expenditure"": ""85.43""}"
618148,Widening to 4LPS of NH-548B from Km 80.000 Near Murgundi to Km 140.200 Near Chikkodi excluding length from Km 118.450 to Km 128.450 in the State of Karnataka under NH O on EPC Mode under Annual Plan 2022-23 - Package 1 NH-548B-KNT- 2022-23-979 dated 09.03.2023,,MoRTH,,Karnataka,2023-03,2026-04,2028-04,2028-04,,785.79,0.0,128.84,6.0,2026-08,FlashReport_August_2026.pdf,110,"{""approval"": ""03/2023"", ""start"": ""(04/2026)"", ""actual"": null, ""original"": ""04/2028"", ""revised"": ""(04/2028)""}","{""original"": ""785.79"", ""revised"": ""0.00"", ""expenditure"": ""128.84""}"
618149,Widening to two lane with paved shoulders from Km 0.00 to 102.310 Design Chainage of NH-548B Murrum-Maharashtra Border in the State of Karnataka,,MoRTH,,Karnataka,2023-02,2025-01,2027-01,2027-01,,957.09,0.0,400.01,63.1,2026-08,FlashReport_August_2026.pdf,110,"{""approval"": ""02/2023"", ""start"": ""(01/2025)"", ""actual"": null, ""original"": ""01/2027"", ""revised"": ""(01/2027)""}","{""original"": ""957.09"", ""revised"": ""0.00"", ""expenditure"": ""400.01""}"
618151,Widening to 4LPS of NH-548B from Km 118.450 Near Shirguppi to Km 128.450 Near Ankali in the State of Karnataka under NH O on EPC Mode Under Annual Plan 2022- 23 NH-548B-KNT-2022-23-982,,MoRTH,,Karnataka,2023-03,2026-05,2029-05,,,1084.29,0.0,100.04,0.0,2026-08,FlashReport_August_2026.pdf,110,"{""approval"": ""03/2023"", ""start"": ""(05/2026)"", ""actual"": null, ""original"": ""05/2029"", ""revised"": ""(-)""}","{""original"": ""1,084.29"", ""revised"": ""0.00"", ""expenditure"": ""100.04""}"
618184,Construction of 2 Lane with paved shoulder from km 55.6 to km 90.7 existing chainages of NH-766C complete Realignment of 13.76 km with 2 major Bridges across Sharavathi Backwaters on EPC mode under Annual Plan 2022-23 in the state of Karnataka NH-766C-KNT-2022-23 dated 14.10.2022,,MoRTH,,Karnataka,2023-01,2024-02,2026-02,2027-12,,313.56,0.0,185.3,65.0,2026-08,FlashReport_August_2026.pdf,110,"{""approval"": ""01/2023"", ""start"": ""(02/2024)"", ""actual"": null, ""original"": ""02/2026"", ""revised"": ""(12/2027)""}","{""original"": ""313.56"", ""revised"": ""0.00"", ""expenditure"": ""185.30""}"
618185,Widening to 2LPS from Km 0.000 to 37.850 Except Ex. Km 24.45 to 27.20 of NH-766c Byndoor-Ranebennur Section in the state of Karnataka on EPC Mode under Annual Plan 2022-23 NH-766C-KNT-2022-23-969 dated 30.12.2022,,MoRTH,,Karnataka,2022-12,2025-08,2027-08,2027-08,,394.95,0.0,36.96,12.0,2026-08,FlashReport_August_2026.pdf,110,"{""approval"": ""12/2022"", ""start"": ""(08/2025)"", ""actual"": null, ""original"": ""08/2027"", ""revised"": ""(08/2027)""}","{""original"": ""394.95"", ""revised"": ""0.00"", ""expenditure"": ""36.96""}"
618189,Widening to two lane with paved shoulder of NH-73New spur road Ujire - Dharmasthala - Periyashanthi in the State of Karnataka under NHO on HAM Mode Job No. NH-73Spur-KNT-2023-24-996,,MoRTH,,Karnataka,2024-01,2025-11,2027-11,2027-11,,613.65,0.0,64.4,27.5,2026-08,FlashReport_August_2026.pdf,111,"{""approval"": ""01/2024"", ""start"": ""(11/2025)"", ""actual"": null, ""original"": ""11/2027"", ""revised"": ""(11/2027)""}","{""original"": ""613.65"", ""revised"": ""0.00"", ""expenditure"": ""64.40""}"
618517,4/6L of Bangalore - Pune Section of bypass connecting Dharwad - Hubli from km. 403.80 to km. 433.20,,NHAI,,Karnataka,2021-12,2023-03,2025-09,2027-05,,1135.39,0.0,744.44,83.8,2026-08,FlashReport_August_2026.pdf,111,"{""approval"": ""12/2021"", ""start"": ""(03/2023)"", ""actual"": null, ""original"": ""09/2025"", ""revised"": ""(05/2027)""}","{""original"": ""1,135.39"", ""revised"": ""0.00"", ""expenditure"": ""744.44""}"
618518,Davanagere - Haveri of NH-48 Old NH-4 from km. 260.00 to km. 338.923,,NHAI,,Karnataka,2017-01,2018-01,2020-07,2026-12,,1454.67,0.0,1273.62,98.87,2026-08,FlashReport_August_2026.pdf,111,"{""approval"": ""01/2017"", ""start"": ""(01/2018)"", ""actual"": null, ""original"": ""07/2020"", ""revised"": ""(12/2026)""}","{""original"": ""1,454.67"", ""revised"": ""0.00"", ""expenditure"": ""1,273.62""}"
618520,4L of km 0.00 to km 42.00 of Dobbaspet to Doddaballapura Bypass section of NH-648 old NH-207] [Bangalore Ring Road Pkg 1],,NHAI,,Karnataka,2020-08,2021-04,2023-04,2026-09,,1438.74,0.0,1285.16,99.2,2026-08,FlashReport_August_2026.pdf,111,"{""approval"": ""08/2020"", ""start"": ""(04/2021)"", ""actual"": null, ""original"": ""04/2023"", ""revised"": ""(09/2026)""}","{""original"": ""1,438.74"", ""revised"": ""0.00"", ""expenditure"": ""1,285.16""}"
618630,6L of MH/KN Border Nimbal Village to KN/TS Border Singnodi Village from Km. 26.000 to Km. 97.000 in Gulbarga of NH-150C Pkg-II,,NHAI,,Karnataka,2022-02,2022-12,2025-06,2026-12,,2355.56,0.0,1017.39,81.35,2026-08,FlashReport_August_2026.pdf,111,"{""approval"": ""02/2022"", ""start"": ""(12/2022)"", ""actual"": null, ""original"": ""06/2025"", ""revised"": ""(12/2026)""}","{""original"": ""2,355.56"", ""revised"": ""0.00"", ""expenditure"": ""1,017.39""}"
618649,4 Lane with PS from Des. Ch 228.500 to Des. Ch. 273.400 of Belgaum-Hungund- Raichur Section of NH 748 A Package-6,,NHAI,,Karnataka,2023-03,2024-11,2026-11,2027-06,,1246.15,0.0,412.78,56.93,2026-08,FlashReport_August_2026.pdf,111,"{""approval"": ""03/2023"", ""start"": ""(11/2024)"", ""actual"": null, ""original"": ""11/2026"", ""revised"": ""(06/2027)""}","{""original"": ""1,246.15"", ""revised"": ""0.00"", ""expenditure"": ""412.78""}"
618650,4 Lane with PS from Des. Ch 89.900 to Des. Ch. 136.100 of Belgaum-Hungund- Raichur Section of NH-748A Package-3,,NHAI,,Karnataka,2024-01,2025-04,2027-04,2028-03,,1363.9,0.0,316.73,24.5,2026-08,FlashReport_August_2026.pdf,111,"{""approval"": ""01/2024"", ""start"": ""(04/2025)"", ""actual"": null, ""original"": ""04/2027"", ""revised"": ""(03/2028)""}","{""original"": ""1,363.90"", ""revised"": ""0.00"", ""expenditure"": ""316.73""}"
618651,4 Lane with PS from Des. Ch 43.800 to Des. Ch. 89.900 of Belgaum-Hungund- Raichur Section of NH-748A Package-2,,NHAI,,Karnataka,2024-02,2025-03,2027-02,2027-07,,1427.88,0.0,606.24,58.7,2026-08,FlashReport_August_2026.pdf,111,"{""approval"": ""02/2024"", ""start"": ""(03/2025)"", ""actual"": null, ""original"": ""02/2027"", ""revised"": ""(07/2027)""}","{""original"": ""1,427.88"", ""revised"": ""0.00"", ""expenditure"": ""606.24""}"
618697,4LPS Access Controlled Highway of Bellary Bypass Balance work from Ch. 254750 to Ch. 266837 and construction of 4LPS from Ch. 277.690 to Ch. 278.690 at D. Hirehal Village Balance work of NH 150A of Bellary Byrapura Section,,NHAI,,Karnataka,2024-02,2024-08,2026-07,2027-11,,626.01,0.0,126.0,38.97,2026-08,FlashReport_August_2026.pdf,111,"{""approval"": ""02/2024"", ""start"": ""(08/2024)"", ""actual"": null, ""original"": ""07/2026"", ""revised"": ""(11/2027)""}","{""original"": ""626.01"", ""revised"": ""0.00"", ""expenditure"": ""126.00""}"
618702,4L of Addahole Near Gundya to Bantwal Cross section Pkg-02 from Design Km 270.270 to Design km 318.55 including flyover at Kalladka Town including approaches from Km. 311.57 to Km. 313.67 of NH-75 Old NH-48,,NHAI,,Karnataka,2020-12,2021-11,2023-11,2027-04,,1660.19,0.0,1452.45,94.21,2026-08,FlashReport_August_2026.pdf,111,"{""approval"": ""12/2020"", ""start"": ""(11/2021)"", ""actual"": null, ""original"": ""11/2023"", ""revised"": ""(04/2027)""}","{""original"": ""1,660.19"", ""revised"": ""0.00"", ""expenditure"": ""1,452.45""}"
618706,Bangalore-Nidagatta Pkg. I,,NHAI,,Karnataka,2018-02,2019-05,2021-11,2026-09,,3496.01,0.0,4315.2,99.19,2026-08,FlashReport_August_2026.pdf,111,"{""approval"": ""02/2018"", ""start"": ""(05/2019)"", ""actual"": null, ""original"": ""11/2021"", ""revised"": ""(09/2026)""}","{""original"": ""3,496.01"", ""revised"": ""0.00"", ""expenditure"": ""4,315.20""}"
618707,Additional works under BM1 to ensure road safety under 6L of Bengaluru Mysuru Access control with close toll from Km.17.300 to Km.136.300 of NH-275,,NHAI,,Karnataka,2024-11,2026-01,2028-01,2028-05,,738.37,0.0,32.83,12.67,2026-08,FlashReport_August_2026.pdf,111,"{""approval"": ""11/2024"", ""start"": ""(01/2026)"", ""actual"": null, ""original"": ""01/2028"", ""revised"": ""(05/2028)""}","{""original"": ""738.37"", ""revised"": ""0.00"", ""expenditure"": ""32.83""}"
618709,4L of Left-Over Works of Hospet-Bellary -Karnataka/AP border from Km.280.080 Dec.Ch. to Km.375450Des.Ch. of NH-63 New-67,,NHAI,,Karnataka,2023-03,2023-05,2025-05,2028-04,,1340.15,0.0,948.93,92.51,2026-08,FlashReport_August_2026.pdf,111,"{""approval"": ""03/2023"", ""start"": ""(05/2023)"", ""actual"": null, ""original"": ""05/2025"", ""revised"": ""(04/2028)""}","{""original"": ""1,340.15"", ""revised"": ""0.00"", ""expenditure"": ""948.93""}"
618799,Belakeri Port to Kumta - Sirsi road from km 0.00 - km 4.265 of Belekeri Port Road Link Rd. and km 4.965 - km 60.00 of SH-69,,NHAI,,Karnataka,2018-03,2020-12,2022-12,2026-11,,440.16,0.0,476.34,95.23,2026-08,FlashReport_August_2026.pdf,111,"{""approval"": ""03/2018"", ""start"": ""(12/2020)"", ""actual"": null, ""original"": ""12/2022"", ""revised"": ""(11/2026)""}","{""original"": ""440.16"", ""revised"": ""0.00"", ""expenditure"": ""476.34""}"
618870,4L PS from near Hemmige Village Periyapatna - Hassan Road Jn. to near Hunsur - KR Nagar Jn section from Km. 144.900 to Km. 169.000 of NH-275 Pkg. III,,NHAI,,Karnataka,2023-02,2025-04,2027-04,2028-02,,883.62,0.0,447.2,27.8,2026-08,FlashReport_August_2026.pdf,111,"{""approval"": ""02/2023"", ""start"": ""(04/2025)"", ""actual"": null, ""original"": ""04/2027"", ""revised"": ""(02/2028)""}","{""original"": ""883.62"", ""revised"": ""0.00"", ""expenditure"": ""447.20""}"
618871,4L PS from Near Guddehosur to Start of Kushalnagara Bypass to near Hemmige Village Periyapatna - Hassan Road Jn from Km. 122.200 to Km. 144.900 of NH-275 Pkg. II,,NHAI,,Karnataka,2023-02,2025-12,2027-12,2028-05,,909.86,0.0,328.35,14.53,2026-08,FlashReport_August_2026.pdf,111,"{""approval"": ""02/2023"", ""start"": ""(12/2025)"", ""actual"": null, ""original"": ""12/2027"", ""revised"": ""(05/2028)""}","{""original"": ""909.86"", ""revised"": ""0.00"", ""expenditure"": ""328.35""}"
618872,4L PS from near Hunsur - KR Nagar Junction to near Yalachahalli village KR Nagara - Yelawala Road Junction fcrom Km 169.000 to Km 195.550 of NH-275 Pkg-IV,,NHAI,,Karnataka,2023-02,2025-04,2027-04,2028-04,,1062.76,0.0,286.32,19.58,2026-08,FlashReport_August_2026.pdf,111,"{""approval"": ""02/2023"", ""start"": ""(04/2025)"", ""actual"": null, ""original"": ""04/2027"", ""revised"": ""(04/2028)""}","{""original"": ""1,062.76"", ""revised"": ""0.00"", ""expenditure"": ""286.32""}"
618873,4L PS from near Yalachahalli village KR Nagara - Yelawala Road junction to Srirangapatna Bypass Near Paschima Vahini from km 195.550 to Km 214.535 of NH- 275 Pkg-V,,NHAI,,Karnataka,2023-01,2025-04,2027-04,2028-04,,1272.71,0.0,466.92,17.36,2026-08,FlashReport_August_2026.pdf,111,"{""approval"": ""01/2023"", ""start"": ""(04/2025)"", ""actual"": null, ""original"": ""04/2027"", ""revised"": ""(04/2028)""}","{""original"": ""1,272.71"", ""revised"": ""0.00"", ""expenditure"": ""466.92""}"
618887,4L of Bettadahalli- Shivamogga section from Km.170.415 to km. 226.750 of NH-206 Tumkur- Shivamogga Pkg-IV,,NHAI,,Karnataka,2019-01,2021-10,2023-10,2027-03,,2082.98,0.0,1645.31,84.2,2026-08,FlashReport_August_2026.pdf,112,"{""approval"": ""01/2019"", ""start"": ""(10/2021)"", ""actual"": null, ""original"": ""10/2023"", ""revised"": ""(03/2027)""}","{""original"": ""2,082.98"", ""revised"": ""0.00"", ""expenditure"": ""1,645.31""}"
618896,4L of Sannur to Bikarnakatte section from Km 691.350 to Km 736.362 of NH-169 Karkala - Mangalore Package-III,,NHAI,,Karnataka,2021-03,2022-10,2024-10,2027-04,,1386.41,0.0,1257.12,76.1,2026-08,FlashReport_August_2026.pdf,112,"{""approval"": ""03/2021"", ""start"": ""(10/2022)"", ""actual"": null, ""original"": ""10/2024"", ""revised"": ""(04/2027)""}","{""original"": ""1,386.41"", ""revised"": ""0.00"", ""expenditure"": ""1,257.12""}"
619065,4L Expressway from Km 26.400 to km 53.500 of Malur to Bangarpet section of Bangalore-Chennai Expressway Phase-I Package-II,,NHAI,,Karnataka,2020-12,2021-09,2023-09,2026-09,,1745.0,0.0,1103.62,99.8,2026-08,FlashReport_August_2026.pdf,112,"{""approval"": ""12/2020"", ""start"": ""(09/2021)"", ""actual"": null, ""original"": ""09/2023"", ""revised"": ""(09/2026)""}","{""original"": ""1,745.00"", ""revised"": ""0.00"", ""expenditure"": ""1,103.62""}"
619071,Tumkur - Nelamangala 6L,,NHAI,,Karnataka,2021-03,2022-08,2025-08,2027-03,,2032.15,0.0,1094.39,61.36,2026-08,FlashReport_August_2026.pdf,112,"{""approval"": ""03/2021"", ""start"": ""(08/2022)"", ""actual"": null, ""original"": ""08/2025"", ""revised"": ""(03/2027)""}","{""original"": ""2,032.15"", ""revised"": ""0.00"", ""expenditure"": ""1,094.39""}"
619072,Bangalore/TN border to Hoskote,,NHAI,,Karnataka,2022-02,2023-02,2025-02,2026-11,,1181.68,0.0,1154.93,94.89,2026-08,FlashReport_August_2026.pdf,112,"{""approval"": ""02/2022"", ""start"": ""(02/2023)"", ""actual"": null, ""original"": ""02/2025"", ""revised"": ""(11/2026)""}","{""original"": ""1,181.68"", ""revised"": ""0.00"", ""expenditure"": ""1,154.93""}"
619073,4L of 42.000 to km 80.00 of Dodaballapur Bypass to Hoskote section of NH-648 Old NH-207 [Bangalore Ring Road Pkg 2],,NHAI,,Karnataka,2020-02,2021-02,2023-02,2026-09,,1317.74,0.0,1360.42,99.2,2026-08,FlashReport_August_2026.pdf,112,"{""approval"": ""02/2020"", ""start"": ""(02/2021)"", ""actual"": null, ""original"": ""02/2023"", ""revised"": ""(09/2026)""}","{""original"": ""1,317.74"", ""revised"": ""0.00"", ""expenditure"": ""1,360.42""}"
619096,Goa / Karnataka Km.93.700 to Kundapur Km.283.30,,NHAI,,Karnataka,2012-07,2014-03,2016-08,2026-12,,1644.92,0.0,1849.54,97.94,2026-08,FlashReport_August_2026.pdf,112,"{""approval"": ""07/2012"", ""start"": ""(03/2014)"", ""actual"": null, ""original"": ""08/2016"", ""revised"": ""(12/2026)""}","{""original"": ""1,644.92"", ""revised"": ""0.00"", ""expenditure"": ""1,849.54""}"
619106,4 Lane with PS from Des. Ch 182.300 to Des. Ch. 228.500 of Belgaum-Hungund- Raichur Section of NH 748 A Package-5,,NHAI,,Karnataka,2023-03,2024-11,2026-11,2027-08,,1141.88,0.0,270.91,40.63,2026-08,FlashReport_August_2026.pdf,112,"{""approval"": ""03/2023"", ""start"": ""(11/2024)"", ""actual"": null, ""original"": ""11/2026"", ""revised"": ""(08/2027)""}","{""original"": ""1,141.88"", ""revised"": ""0.00"", ""expenditure"": ""270.91""}"
619107,4 Lane with PS from Des. Ch 136.100 to Des. Ch. 182.300 of Belgaum-Hungund- Raichur Section of NH-748A Package-4,,NHAI,,Karnataka,2024-02,2025-09,2027-09,2028-04,,1311.41,0.0,244.01,15.0,2026-08,FlashReport_August_2026.pdf,112,"{""approval"": ""02/2024"", ""start"": ""(09/2025)"", ""actual"": null, ""original"": ""09/2027"", ""revised"": ""(04/2028)""}","{""original"": ""1,311.41"", ""revised"": ""0.00"", ""expenditure"": ""244.01""}"
619108,4 Lane with PS from Des. Ch 0.000 to Des. Ch. 43.800 of Belgaum-Hungund-Raichur Section of NH-748A Package-1,,NHAI,,Karnataka,2024-02,2025-06,2027-06,2027-11,,1452.43,0.0,509.43,40.21,2026-08,FlashReport_August_2026.pdf,112,"{""approval"": ""02/2024"", ""start"": ""(06/2025)"", ""actual"": null, ""original"": ""06/2027"", ""revised"": ""(11/2027)""}","{""original"": ""1,452.43"", ""revised"": ""0.00"", ""expenditure"": ""509.43""}"
619117,Hassan km 184.912 to Maranahally km 230.060 of NH - 75 in Karnataka,,NHAI,,Karnataka,2015-12,2017-03,2019-03,2026-09,,1021.57,0.0,1073.87,97.8,2026-08,FlashReport_August_2026.pdf,112,"{""approval"": ""12/2015"", ""start"": ""(03/2017)"", ""actual"": null, ""original"": ""03/2019"", ""revised"": ""(09/2026)""}","{""original"": ""1,021.57"", ""revised"": ""0.00"", ""expenditure"": ""1,073.87""}"
619120,Nidagatta-Mysore Pkg II,,NHAI,,Karnataka,2018-02,2019-12,2022-06,2026-09,,2919.8,0.0,3717.48,99.19,2026-08,FlashReport_August_2026.pdf,112,"{""approval"": ""02/2018"", ""start"": ""(12/2019)"", ""actual"": null, ""original"": ""06/2022"", ""revised"": ""(09/2026)""}","{""original"": ""2,919.80"", ""revised"": ""0.00"", ""expenditure"": ""3,717.48""}"
619138,Yekkambi-Haveri,,NHAI,,Karnataka,2021-09,2022-03,2024-03,2028-03,,294.62,0.0,94.93,24.7,2026-08,FlashReport_August_2026.pdf,112,"{""approval"": ""09/2021"", ""start"": ""(03/2022)"", ""actual"": null, ""original"": ""03/2024"", ""revised"": ""(03/2028)""}","{""original"": ""294.62"", ""revised"": ""0.00"", ""expenditure"": ""94.93""}"
619150,BRT Tiger Reserve Boundary Km.287.500 to Bangalore Section Km.458.420 of NH- 209 in Karnataka,,NHAI,,Karnataka,2016-04,2017-08,2019-08,2026-09,,2082.69,0.0,2243.04,99.7,2026-08,FlashReport_August_2026.pdf,112,"{""approval"": ""04/2016"", ""start"": ""(08/2017)"", ""actual"": null, ""original"": ""08/2019"", ""revised"": ""(09/2026)""}","{""original"": ""2,082.69"", ""revised"": ""0.00"", ""expenditure"": ""2,243.04""}"
619164,Belgaum-Khanapur Pkg I Km 0.000-Km 30.800 of NH-4A,,NHAI,,Karnataka,2018-03,2019-03,2021-09,2027-03,,1214.3,0.0,917.83,75.72,2026-08,FlashReport_August_2026.pdf,112,"{""approval"": ""03/2018"", ""start"": ""(03/2019)"", ""actual"": null, ""original"": ""09/2021"", ""revised"": ""(03/2027)""}","{""original"": ""1,214.30"", ""revised"": ""0.00"", ""expenditure"": ""917.83""}"
619211,6L of MH/KN Border Nimbal Village to KN/TS Border Singnodi Village from Km. 97.000 to Km. 162.500 in Yadgir of NH-150C Pkg-III,,NHAI,,Karnataka,2022-03,2023-04,2025-10,2027-03,,2104.7,0.0,1003.62,73.9,2026-08,FlashReport_August_2026.pdf,112,"{""approval"": ""03/2022"", ""start"": ""(04/2023)"", ""actual"": null, ""original"": ""10/2025"", ""revised"": ""(03/2027)""}","{""original"": ""2,104.70"", ""revised"": ""0.00"", ""expenditure"": ""1,003.62""}"
619214,4L of Channarayapatna Bypass and Hassan Bypass with structures in Devihalli - Hassan section,,NHAI,,Karnataka,2020-04,2021-01,2023-01,2027-02,,688.0,0.0,617.61,82.34,2026-08,FlashReport_August_2026.pdf,112,"{""approval"": ""04/2020"", ""start"": ""(01/2021)"", ""actual"": null, ""original"": ""01/2023"", ""revised"": ""(02/2027)""}","{""original"": ""688.00"", ""revised"": ""0.00"", ""expenditure"": ""617.61""}"
619218,4L Tumkur-Shimoga Pkg-I from Mallasandra to Karadi village of NH-206 from Km. 12.300 to Km. 65.195,,NHAI,,Karnataka,2018-02,2019-10,2021-10,2026-09,,1364.14,0.0,1336.55,100.0,2026-08,FlashReport_August_2026.pdf,112,"{""approval"": ""02/2018"", ""start"": ""(10/2019)"", ""actual"": null, ""original"": ""10/2021"", ""revised"": ""(09/2026)""}","{""original"": ""1,364.14"", ""revised"": ""0.00"", ""expenditure"": ""1,336.55""}"
619219,4L of Tumkur-Shimoga Pkg-II from Km 65.195 Karadi to Km 121.900 Banawara of NH-206,,NHAI,,Karnataka,2018-02,2019-10,2021-10,2026-12,,1505.85,0.0,1299.97,99.98,2026-08,FlashReport_August_2026.pdf,112,"{""approval"": ""02/2018"", ""start"": ""(10/2019)"", ""actual"": null, ""original"": ""10/2021"", ""revised"": ""(12/2026)""}","{""original"": ""1,505.85"", ""revised"": ""0.00"", ""expenditure"": ""1,299.97""}"
619220,Tumkur-Shimoga Pkg-III from Km 121.900 Banawara to Km 170.415 Bettadahalli of Old NH-206,,NHAI,,Karnataka,2018-02,2021-03,2023-03,2026-12,,1444.5,0.0,876.08,98.0,2026-08,FlashReport_August_2026.pdf,112,"{""approval"": ""02/2018"", ""start"": ""(03/2021)"", ""actual"": null, ""original"": ""03/2023"", ""revised"": ""(12/2026)""}","{""original"": ""1,444.50"", ""revised"": ""0.00"", ""expenditure"": ""876.08""}"
618070,Widening to 2 Lanes with paved shoulders from Km.87/000 to 133/720 Nattukal to Thanau Jn. in Palakkad of NH-966 Old NH-213 on EPC mode Basis under NHO Annual Plan 2016-17 in the state of Kerala,,MoRTH,,Kerala,2017-02,2017-08,2019-08,2026-06,,294.28,0.0,0.0,98.0,2026-08,FlashReport_August_2026.pdf,113,"{""approval"": ""02/2017"", ""start"": ""(08/2017)"", ""actual"": null, ""original"": ""08/2019"", ""revised"": ""(06/2026)""}","{""original"": ""294.28"", ""revised"": ""0.00"", ""expenditure"": ""0.00""}"
618595,6L of Chengala - Neeleshwaram from km. 56.200 to km. 93.468,,NHAI,,Kerala,2020-06,2021-10,2024-04,2027-03,,1746.45,0.0,1455.92,90.82,2026-08,FlashReport_August_2026.pdf,113,"{""approval"": ""06/2020"", ""start"": ""(10/2021)"", ""actual"": null, ""original"": ""04/2024"", ""revised"": ""(03/2027)""}","{""original"": ""1,746.45"", ""revised"": ""0.00"", ""expenditure"": ""1,455.92""}"
618596,6L of Taliparamba to Muzhappilangad from Km 134.650 to Km 170.6 of NH-66,,NHAI,,Kerala,2020-08,2021-11,2024-05,2028-01,,2714.6,0.0,2020.57,83.7,2026-08,FlashReport_August_2026.pdf,113,"{""approval"": ""08/2020"", ""start"": ""(11/2021)"", ""actual"": null, ""original"": ""05/2024"", ""revised"": ""(01/2028)""}","{""original"": ""2,714.60"", ""revised"": ""0.00"", ""expenditure"": ""2,020.57""}"
618597,6L of Azhiyur-Vengalam from km. 189.200 to km. 230.400 of NH-66,,NHAI,,Kerala,2020-10,2021-10,2024-07,2028-03,,3205.77,0.0,2428.32,60.07,2026-08,FlashReport_August_2026.pdf,113,"{""approval"": ""10/2020"", ""start"": ""(10/2021)"", ""actual"": null, ""original"": ""07/2024"", ""revised"": ""(03/2028)""}","{""original"": ""3,205.77"", ""revised"": ""0.00"", ""expenditure"": ""2,428.32""}"
618598,6L Minor Bridge Paloli Palam at km. 203.160 & Major Bridge Morad at km. 204.895 and allied works,,NHAI,,Kerala,2020-03,2020-12,2022-06,2026-09,,210.0,0.0,190.47,100.0,2026-08,FlashReport_August_2026.pdf,113,"{""approval"": ""03/2020"", ""start"": ""(12/2020)"", ""actual"": null, ""original"": ""06/2022"", ""revised"": ""(09/2026)""}","{""original"": ""210.00"", ""revised"": ""0.00"", ""expenditure"": ""190.47""}"
618599,6L of Ramanatukkara Junction to start of Valanchery bypass section of NH-66,,NHAI,,Kerala,2021-01,2022-01,2024-07,2026-09,,4919.46,0.0,3764.41,100.0,2026-08,FlashReport_August_2026.pdf,113,"{""approval"": ""01/2021"", ""start"": ""(01/2022)"", ""actual"": null, ""original"": ""07/2024"", ""revised"": ""(09/2026)""}","{""original"": ""4,919.46"", ""revised"": ""0.00"", ""expenditure"": ""3,764.41""}"
618600,6L of Valanchery bypass to Kappirikkad of NH 66 from km. 298500 to km 335850,,NHAI,,Kerala,2021-02,2022-01,2024-07,2026-09,,4023.94,0.0,2593.06,100.0,2026-08,FlashReport_August_2026.pdf,113,"{""approval"": ""02/2021"", ""start"": ""(01/2022)"", ""actual"": null, ""original"": ""07/2024"", ""revised"": ""(09/2026)""}","{""original"": ""4,023.94"", ""revised"": ""0.00"", ""expenditure"": ""2,593.06""}"
618601,6L of Kappirikkad to Thalikulam section from km 335.85 to km 369.015 of NH - 66 old NH-17,,NHAI,,Kerala,2021-06,2022-09,2025-01,2027-06,,4225.59,0.0,3345.37,95.27,2026-08,FlashReport_August_2026.pdf,113,"{""approval"": ""06/2021"", ""start"": ""(09/2022)"", ""actual"": null, ""original"": ""01/2025"", ""revised"": ""(06/2027)""}","{""original"": ""4,225.59"", ""revised"": ""0.00"", ""expenditure"": ""3,345.37""}"
618602,6L of Thalikulam to Kodugallur section from km 369.015 to km 397.850 of NH - 66 old NH-17,,NHAI,,Kerala,2021-06,2022-09,2025-02,2027-06,,4302.06,0.0,3320.63,95.05,2026-08,FlashReport_August_2026.pdf,113,"{""approval"": ""06/2021"", ""start"": ""(09/2022)"", ""actual"": null, ""original"": ""02/2025"", ""revised"": ""(06/2027)""}","{""original"": ""4,302.06"", ""revised"": ""0.00"", ""expenditure"": ""3,320.63""}"
618603,6L of Kodugallur to Edapppally section from km 397.750 to km 423.780 of NH - 66 old NH-17,,NHAI,,Kerala,2021-11,2022-10,2025-04,2027-05,,3465.82,0.0,2178.79,71.11,2026-08,FlashReport_August_2026.pdf,113,"{""approval"": ""11/2021"", ""start"": ""(10/2022)"", ""actual"": null, ""original"": ""04/2025"", ""revised"": ""(05/2027)""}","{""original"": ""3,465.82"", ""revised"": ""0.00"", ""expenditure"": ""2,178.79""}"
618604,Aroor-Thuravoor Thekku,,NHAI,,Kerala,2022-08,2023-02,2026-01,2026-12,,2429.52,0.0,1802.77,91.63,2026-08,FlashReport_August_2026.pdf,113,"{""approval"": ""08/2022"", ""start"": ""(02/2023)"", ""actual"": null, ""original"": ""01/2026"", ""revised"": ""(12/2026)""}","{""original"": ""2,429.52"", ""revised"": ""0.00"", ""expenditure"": ""1,802.77""}"
618605,Thuravoor Thekku-Paravoor,,NHAI,,Kerala,2021-09,2022-03,2024-09,2027-05,,2878.97,0.0,2533.61,81.49,2026-08,FlashReport_August_2026.pdf,113,"{""approval"": ""09/2021"", ""start"": ""(03/2022)"", ""actual"": null, ""original"": ""09/2024"", ""revised"": ""(05/2027)""}","{""original"": ""2,878.97"", ""revised"": ""0.00"", ""expenditure"": ""2,533.61""}"
618606,Paravoor-Kottankulangara,,NHAI,,Kerala,2021-12,2022-08,2025-02,2027-03,,3273.61,0.0,2863.51,71.2,2026-08,FlashReport_August_2026.pdf,113,"{""approval"": ""12/2021"", ""start"": ""(08/2022)"", ""actual"": null, ""original"": ""02/2025"", ""revised"": ""(03/2027)""}","{""original"": ""3,273.61"", ""revised"": ""0.00"", ""expenditure"": ""2,863.51""}"
618607,Kottankulangara- Start of Kollam Bypass,,NHAI,,Kerala,2021-06,2022-04,2024-10,2027-03,,2842.14,0.0,2373.22,73.89,2026-08,FlashReport_August_2026.pdf,113,"{""approval"": ""06/2021"", ""start"": ""(04/2022)"", ""actual"": null, ""original"": ""10/2024"", ""revised"": ""(03/2027)""}","{""original"": ""2,842.14"", ""revised"": ""0.00"", ""expenditure"": ""2,373.22""}"
618708,Widening/Development of Existing NH-85 from Km 0.000 to Km 124.636 section to 2L/LPS section in the state of Kerala on EPC Mode under Bharatmala Pariyojana,,NHAI,,Kerala,2022-09,2023-06,2025-06,2027-03,,1187.47,0.0,807.31,81.98,2026-08,FlashReport_August_2026.pdf,113,"{""approval"": ""09/2022"", ""start"": ""(06/2023)"", ""actual"": null, ""original"": ""06/2025"", ""revised"": ""(03/2027)""}","{""original"": ""1,187.47"", ""revised"": ""0.00"", ""expenditure"": ""807.31""}"
619098,Kozhikode Bypass Calicut Bypass Vengalam Jn. to Ramanattukara Jn.,,NHAI,,Kerala,2018-02,2021-02,2023-02,2026-09,,1424.77,0.0,1066.67,98.75,2026-08,FlashReport_August_2026.pdf,113,"{""approval"": ""02/2018"", ""start"": ""(02/2021)"", ""actual"": null, ""original"": ""02/2023"", ""revised"": ""(09/2026)""}","{""original"": ""1,424.77"", ""revised"": ""0.00"", ""expenditure"": ""1,066.67""}"
619206,6L of Perole Nileshwar town to Taliparamba from Km 94.248 to Km 134.650 of NH-66,,NHAI,,Kerala,2020-06,2021-10,2024-01,2027-03,,3041.65,0.0,2526.57,86.65,2026-08,FlashReport_August_2026.pdf,113,"{""approval"": ""06/2020"", ""start"": ""(10/2021)"", ""actual"": null, ""original"": ""01/2024"", ""revised"": ""(03/2027)""}","{""original"": ""3,041.65"", ""revised"": ""0.00"", ""expenditure"": ""2,526.57""}"
619207,Start of Kollam Bypass - Kadambattukonam,,NHAI,,Kerala,2021-06,2022-10,2025-03,2027-06,,2641.37,0.0,1990.79,81.8,2026-08,FlashReport_August_2026.pdf,113,"{""approval"": ""06/2021"", ""start"": ""(10/2022)"", ""actual"": null, ""original"": ""03/2025"", ""revised"": ""(06/2027)""}","{""original"": ""2,641.37"", ""revised"": ""0.00"", ""expenditure"": ""1,990.79""}"
619208,Kadambattukonam-Kazhakuttom,,NHAI,,Kerala,2021-12,2022-07,2025-01,2027-05,,3635.64,0.0,2124.38,44.34,2026-08,FlashReport_August_2026.pdf,113,"{""approval"": ""12/2021"", ""start"": ""(07/2022)"", ""actual"": null, ""original"": ""01/2025"", ""revised"": ""(05/2027)""}","{""original"": ""3,635.64"", ""revised"": ""0.00"", ""expenditure"": ""2,124.38""}"
618408,Kargil Zanskar Road,,NHIDCL,,Ladakh,2021-03,2021-07,2023-01,2026-09,,398.37,0.0,344.61,98.09,2026-08,FlashReport_August_2026.pdf,113,"{""approval"": ""03/2021"", ""start"": ""(07/2021)"", ""actual"": null, ""original"": ""01/2023"", ""revised"": ""(09/2026)""}","{""original"": ""398.37"", ""revised"": ""0.00"", ""expenditure"": ""344.61""}"
618409,Widening & Up-gradation to 2 lane with Paved shoulder of NH-301 Kargil- Zanskar Road from Design km 57.000 Ex. Km. 57.905 to Km 87.000 Ex. Km. 88.2491 of 30.000 Km length Pkg-lll,,NHIDCL,,Ladakh,2021-03,2021-07,2023-01,2026-09,,381.01,0.0,316.16,95.09,2026-08,FlashReport_August_2026.pdf,113,"{""approval"": ""03/2021"", ""start"": ""(07/2021)"", ""actual"": null, ""original"": ""01/2023"", ""revised"": ""(09/2026)""}","{""original"": ""381.01"", ""revised"": ""0.00"", ""expenditure"": ""316.16""}"
618410,Widening & Up-gradation to 2 lane with paved shoulder of NH-301 Kargil- Zanskar Road from Design Km .30.040 Ex. Km. 30.000 to Design Km 57.000 Ex. Km. 57.905 of 26.960 Km length Pkg-II,,NHIDCL,,Ladakh,2021-03,2021-07,2023-01,2026-10,,404.89,0.0,377.66,89.87,2026-08,FlashReport_August_2026.pdf,114,"{""approval"": ""03/2021"", ""start"": ""(07/2021)"", ""actual"": null, ""original"": ""01/2023"", ""revised"": ""(10/2026)""}","{""original"": ""404.89"", ""revised"": ""0.00"", ""expenditure"": ""377.66""}"
617909,Construction of Rewa Bypass to 4-lane with paved shoulder along with service road from Ratahara Chowk to Chorhata Chowk Road section of NH-30 from km 00.000 to 19.200 in the State of Madhya Pradesh on Hybrid Annuity Mode HAM.,,MoRTH,,Madhya Pradesh,2024-03,2025-02,2027-02,2027-02,,648.05,0.0,119.26,67.0,2026-08,FlashReport_August_2026.pdf,114,"{""approval"": ""03/2024"", ""start"": ""(02/2025)"", ""actual"": null, ""original"": ""02/2027"", ""revised"": ""(02/2027)""}","{""original"": ""648.05"", ""revised"": ""0.00"", ""expenditure"": ""119.26""}"
617911,Rehabilitation and upgradation Umaria to Shahdol section of NH-78 from Existing Km. 68/4 to Km. 142/2 to 2LPS including construction of Birshinghpur and Shahdol Bypass on EPC mode under NHDP-IVA,,MoRTH,,Madhya Pradesh,2015-03,2015-08,2017-07,2026-09,,511.83,0.0,504.85,94.5,2026-08,FlashReport_August_2026.pdf,114,"{""approval"": ""03/2015"", ""start"": ""(08/2015)"", ""actual"": null, ""original"": ""07/2017"", ""revised"": ""(09/2026)""}","{""original"": ""511.83"", ""revised"": ""0.00"", ""expenditure"": ""504.85""}"
617914,Upgradation and reconstruction of Shahpura-Dindori Section of NH 45 from Km 103.700 Design to Km 164.580 Design including 3 bypasses Total length 60.88km to Two lane with paved shoulder configuration along with One time improvement in 03 nos of bypassed built-up areas in a total length of 12.341 km in the State of Madhya Pradesh on EPC mode,,MoRTH,,Madhya Pradesh,2022-03,2024-01,2025-12,2027-06,,241.23,0.0,129.86,41.25,2026-08,FlashReport_August_2026.pdf,114,"{""approval"": ""03/2022"", ""start"": ""(01/2024)"", ""actual"": null, ""original"": ""12/2025"", ""revised"": ""(06/2027)""}","{""original"": ""241.23"", ""revised"": ""0.00"", ""expenditure"": ""129.86""}"
618019,Upgradation & widening of Jharkheda- Berasia - Dholkhedi from design km 0000 to km 87900 Design length 87.90km of NH-346 including 3 nos. bypasses of 13.10 Km in the State of Madhya Pradesh under EPC mode.,,MoRTH,,Madhya Pradesh,2022-03,2023-05,2025-05,2026-09,,365.21,0.0,304.07,91.0,2026-08,FlashReport_August_2026.pdf,114,"{""approval"": ""03/2022"", ""start"": ""(05/2023)"", ""actual"": null, ""original"": ""05/2025"", ""revised"": ""(09/2026)""}","{""original"": ""365.21"", ""revised"": ""0.00"", ""expenditure"": ""304.07""}"
618020,"Rehabilitation & Upgradation of KurwaiMungaoliChanderi Road section of NH-346, from Design Chainge 0.000 to 81.300 Km Total length 83.1 km to Two lane with paved shoulder configuration along with One time improvement in 07 nos of bypassed built- up areas in a total length of 22.615 km in the state of Madhya Pradesh on EPC mode.",,MoRTH,,Madhya Pradesh,2022-03,2023-02,2025-02,2026-12,,386.49,0.0,242.83,67.57,2026-08,FlashReport_August_2026.pdf,114,"{""approval"": ""03/2022"", ""start"": ""(02/2023)"", ""actual"": null, ""original"": ""02/2025"", ""revised"": ""(12/2026)""}","{""original"": ""386.49"", ""revised"": ""0.00"", ""expenditure"": ""242.83""}"
618021,Up-gradation of Pichhore- Dinara section of NH-346 from Km 292.750 to 334.550 to two lane with paved shoulders in the state of Madhya Pradesh on EPC mode,,MoRTH,,Madhya Pradesh,2024-02,2025-12,2027-06,2027-06,,425.97,0.0,90.26,38.02,2026-08,FlashReport_August_2026.pdf,114,"{""approval"": ""02/2024"", ""start"": ""(12/2025)"", ""actual"": null, ""original"": ""06/2027"", ""revised"": ""(06/2027)""}","{""original"": ""425.97"", ""revised"": ""0.00"", ""expenditure"": ""90.26""}"
618035,Rehabilitation & Upgradation of existing intermediate lane to two Lane with paved shoulder from km. 0.600 Gulganj bypass on NH-34 to km. 43.00 Barna River length 42.400 km. on Gulganj-Amanganj-Pawai-Katni NH43 Extn. in the state of Madhya Pradesh on EPCmode.,,MoRTH,,Madhya Pradesh,2023-03,2024-11,2026-05,2026-12,,275.4,0.0,131.31,60.14,2026-08,FlashReport_August_2026.pdf,114,"{""approval"": ""03/2023"", ""start"": ""(11/2024)"", ""actual"": null, ""original"": ""05/2026"", ""revised"": ""(12/2026)""}","{""original"": ""275.40"", ""revised"": ""0.00"", ""expenditure"": ""131.31""}"
618036,Upgradation and reconstruction of existing intermediate lane to two Lane with paved shoulder configuration from km. 43.00 Barna River to km. 77.00 ken river length 34.00 km. on Gulganj-Amanganj-Pawai-Katni NH43 Extn. along with One time improvement in 01 no. of bypassed built-up area in a total length of 1.585 km in the state of Madhya Pradesh on EPCmode.,,MoRTH,,Madhya Pradesh,2023-03,2024-11,2026-11,2027-03,,315.55,0.0,119.05,43.0,2026-08,FlashReport_August_2026.pdf,114,"{""approval"": ""03/2023"", ""start"": ""(11/2024)"", ""actual"": null, ""original"": ""11/2026"", ""revised"": ""(03/2027)""}","{""original"": ""315.55"", ""revised"": ""0.00"", ""expenditure"": ""119.05""}"
618043,Upgradation and reconstruction of Dindori - Mandla Section of NH 543 from Km 77100 Design to Km 170580 Design Total length 93.48km to Two lane with paved shoulder configuration along with One time improvement in 04 nos of bypassed built-up areas in a total length of 7.23 km in the state of Madhya Pradesh on EPC mode,,MoRTH,,Madhya Pradesh,2022-03,2024-01,2026-07,2026-09,,492.12,0.0,309.82,88.0,2026-08,FlashReport_August_2026.pdf,114,"{""approval"": ""03/2022"", ""start"": ""(01/2024)"", ""actual"": null, ""original"": ""07/2026"", ""revised"": ""(09/2026)""}","{""original"": ""492.12"", ""revised"": ""0.00"", ""expenditure"": ""309.82""}"
618044,Upgradation of Shahdol- Sagartola Section of NH 543 from km 0000 to km 69400 to 2 lane with paved shoulders under Hybrid Annuity Mode HAM in the State of Madhya Pradesh,,MoRTH,,Madhya Pradesh,2024-02,2026-03,2028-03,2028-03,,851.4,0.0,49.32,12.06,2026-08,FlashReport_August_2026.pdf,114,"{""approval"": ""02/2024"", ""start"": ""(03/2026)"", ""actual"": null, ""original"": ""03/2028"", ""revised"": ""(03/2028)""}","{""original"": ""851.40"", ""revised"": ""0.00"", ""expenditure"": ""49.32""}"
618068,"Construction of Kaithi-Padaria Kala bypass, Patna-Tamoli bypass, Jaso bypass and Nagod bypass total length 15.44 Km to 2-lane with paved shoulders flexible pavement on NH-943 in the State of Madhya Pradesh on EPC Mode.",,MoRTH,,Madhya Pradesh,2022-03,2023-10,2025-10,2026-12,,158.36,0.0,63.03,62.8,2026-08,FlashReport_August_2026.pdf,114,"{""approval"": ""03/2022"", ""start"": ""(10/2023)"", ""actual"": null, ""original"": ""10/2025"", ""revised"": ""(12/2026)""}","{""original"": ""158.36"", ""revised"": ""0.00"", ""expenditure"": ""63.03""}"
618085,Upgradation of Nasrullagani-Rehti-Budhni Scction to 2-lane with paved shoulder from Km 0150 to Km 50500 of NH-146B in the state of Madhya Pradesh on EPC mode.,,MoRTH,,Madhya Pradesh,2021-12,2023-04,2024-10,2026-10,,305.12,0.0,237.68,92.33,2026-08,FlashReport_August_2026.pdf,114,"{""approval"": ""12/2021"", ""start"": ""(04/2023)"", ""actual"": null, ""original"": ""10/2024"", ""revised"": ""(10/2026)""}","{""original"": ""305.12"", ""revised"": ""0.00"", ""expenditure"": ""237.68""}"
618129,"Construction of Kasrawad bypass, Selani bypass, Khargone bypass & Bistan bypass Total length. 31.950 km Section of NH-347 C to Two lane with paved shoulder configuration in the State of Madhya Pradesh on EPC mode.",,MoRTH,,Madhya Pradesh,2023-03,2024-12,2026-12,2026-12,,467.93,0.0,269.61,99.15,2026-08,FlashReport_August_2026.pdf,114,"{""approval"": ""03/2023"", ""start"": ""(12/2024)"", ""actual"": null, ""original"": ""12/2026"", ""revised"": ""(12/2026)""}","{""original"": ""467.93"", ""revised"": ""0.00"", ""expenditure"": ""269.61""}"
618156,"Construction of Morena bypass, Ambah bypass & Porsa bypass Totat length 27.16 km Section of NH-552 Ext. to TWo lane with paved shoulder configuration in the state of Madhya Pradesh on EPC mode",,MoRTH,,Madhya Pradesh,2023-02,2024-10,2026-10,2026-10,,492.66,0.0,314.26,75.0,2026-08,FlashReport_August_2026.pdf,114,"{""approval"": ""02/2023"", ""start"": ""(10/2024)"", ""actual"": null, ""original"": ""10/2026"", ""revised"": ""(10/2026)""}","{""original"": ""492.66"", ""revised"": ""0.00"", ""expenditure"": ""314.26""}"
618157,Construction of Ater realignment & Bhind bypass Total length. 21.50 km Section of NH-552Extn. to Two lane with paved shoulder configuration in the State of Madhya Pradesh on EPC mode.,,MoRTH,,Madhya Pradesh,2023-03,2024-12,2026-06,2026-12,,348.06,0.0,103.82,69.95,2026-08,FlashReport_August_2026.pdf,115,"{""approval"": ""03/2023"", ""start"": ""(12/2024)"", ""actual"": null, ""original"": ""06/2026"", ""revised"": ""(12/2026)""}","{""original"": ""348.06"", ""revised"": ""0.00"", ""expenditure"": ""103.82""}"
618158,"Upgradation of Goras to Shyampur Road section of NH-552 Ext., from Design Chainge 48.400 to 111.800 Km Total length 63.40 km to two lane with paved shoulder configuration along with One time improvement of 8.91 km in the state of Madhya Pradesh on EPC mode",,MoRTH,,Madhya Pradesh,2023-03,2024-12,2026-12,2026-12,,416.96,0.0,56.68,16.84,2026-08,FlashReport_August_2026.pdf,115,"{""approval"": ""03/2023"", ""start"": ""(12/2024)"", ""actual"": null, ""original"": ""12/2026"", ""revised"": ""(12/2026)""}","{""original"": ""416.96"", ""revised"": ""0.00"", ""expenditure"": ""56.68""}"
618170,Construction of Two lane with paved shoulder configuration of Shujalpur Bypass section of NH-752C from km 33100 Design to km. 42570 Design total design length 10.470 km in the State of Madhya Pradesh on EPC mode.,,MoRTH,,Madhya Pradesh,2023-03,2024-03,2025-09,2026-12,,214.07,0.0,69.76,46.76,2026-08,FlashReport_August_2026.pdf,115,"{""approval"": ""03/2023"", ""start"": ""(03/2024)"", ""actual"": null, ""original"": ""09/2025"", ""revised"": ""(12/2026)""}","{""original"": ""214.07"", ""revised"": ""0.00"", ""expenditure"": ""69.76""}"
618171,"Work of Upgradation of Jirapur-Pachore Road including Pachore, Jirapur, Chhapiheda & Khujner Bypasses from 0000 to 58790 Design Length 58.79 Km section of NH-752C to 2LPS in the State of Madhya Pradesh under EPC mode",,MoRTH,,Madhya Pradesh,2022-03,2024-01,2026-01,2026-12,,352.69,0.0,167.59,57.26,2026-08,FlashReport_August_2026.pdf,115,"{""approval"": ""03/2022"", ""start"": ""(01/2024)"", ""actual"": null, ""original"": ""01/2026"", ""revised"": ""(12/2026)""}","{""original"": ""352.69"", ""revised"": ""0.00"", ""expenditure"": ""167.59""}"
618619,Bypass on Western side of Gwalior City,,NHAI,,Madhya Pradesh,2025-03,2026-01,2028-01,2028-01,,998.95,0.0,227.59,0.0,2026-08,FlashReport_August_2026.pdf,115,"{""approval"": ""03/2025"", ""start"": ""(01/2026)"", ""actual"": null, ""original"": ""01/2028"", ""revised"": ""(01/2028)""}","{""original"": ""998.95"", ""revised"": ""0.00"", ""expenditure"": ""227.59""}"
618620,"Additional works 2VUPs, MR-10 junction flyover and underpass in Six lane Indore- Dewas section of NH-52 in the state of Madhya Pradesh on EPC Mode",,NHAI,,Madhya Pradesh,2022-08,2023-01,2024-07,2027-03,,207.77,0.0,155.24,90.18,2026-08,FlashReport_August_2026.pdf,115,"{""approval"": ""08/2022"", ""start"": ""(01/2023)"", ""actual"": null, ""original"": ""07/2024"", ""revised"": ""(03/2027)""}","{""original"": ""207.77"", ""revised"": ""0.00"", ""expenditure"": ""155.24""}"
618621,Indore - Edlabad Pkg-II [Tejajinagar to Balwara],,NHAI,,Madhya Pradesh,2022-03,2023-01,2025-01,2026-12,,1162.8,0.0,824.5,87.8,2026-08,FlashReport_August_2026.pdf,115,"{""approval"": ""03/2022"", ""start"": ""(01/2023)"", ""actual"": null, ""original"": ""01/2025"", ""revised"": ""(12/2026)""}","{""original"": ""1,162.80"", ""revised"": ""0.00"", ""expenditure"": ""824.50""}"
618622,4L of Indore - Boregaon Pkg-III [Balwara to Dhangaon] from km. 42.260 to km. 82.660 of NH347BG & 753L,,NHAI,,Madhya Pradesh,2021-01,2022-04,2024-04,2026-10,,1001.69,0.0,835.16,92.5,2026-08,FlashReport_August_2026.pdf,115,"{""approval"": ""01/2021"", ""start"": ""(04/2022)"", ""actual"": null, ""original"": ""04/2024"", ""revised"": ""(10/2026)""}","{""original"": ""1,001.69"", ""revised"": ""0.00"", ""expenditure"": ""835.16""}"
618623,4L Boregaon Buzurg to Shahpur Pkg I of Boregaon Buzurg to Muktainagar of NH 753L,,NHAI,,Madhya Pradesh,2022-11,2024-02,2026-01,2026-10,,1504.37,0.0,556.92,92.5,2026-08,FlashReport_August_2026.pdf,115,"{""approval"": ""11/2022"", ""start"": ""(02/2024)"", ""actual"": null, ""original"": ""01/2026"", ""revised"": ""(10/2026)""}","{""original"": ""1,504.37"", ""revised"": ""0.00"", ""expenditure"": ""556.92""}"
618654,4L Greenfield Rudhi to Deshgaon Pkg V of Betul-Khandwa/Deshgaon,,NHAI,,Madhya Pradesh,2022-11,2023-10,2025-10,2027-03,,521.21,0.0,216.6,63.79,2026-08,FlashReport_August_2026.pdf,115,"{""approval"": ""11/2022"", ""start"": ""(10/2023)"", ""actual"": null, ""original"": ""10/2025"", ""revised"": ""(03/2027)""}","{""original"": ""521.21"", ""revised"": ""0.00"", ""expenditure"": ""216.60""}"
618655,2L PS of Roshni to Ashapur Section of NH-347B from Design KM Ch. 89.900 to 114.000 KM Package III of Betul Khandwa,,NHAI,,Madhya Pradesh,2024-03,2024-08,2026-08,2026-09,,200.99,0.0,132.61,100.0,2026-08,FlashReport_August_2026.pdf,115,"{""approval"": ""03/2024"", ""start"": ""(08/2024)"", ""actual"": null, ""original"": ""08/2026"", ""revised"": ""(09/2026)""}","{""original"": ""200.99"", ""revised"": ""0.00"", ""expenditure"": ""132.61""}"
618661,4L from km 0.000 to 42.040 Bhopal Ratnaigiri Tiraha to Vidisha Morikodi,,NHAI,,Madhya Pradesh,2024-10,2025-11,2027-11,2027-11,,1032.3,0.0,194.11,20.23,2026-08,FlashReport_August_2026.pdf,115,"{""approval"": ""10/2024"", ""start"": ""(11/2025)"", ""actual"": null, ""original"": ""11/2027"", ""revised"": ""(11/2027)""}","{""original"": ""1,032.30"", ""revised"": ""0.00"", ""expenditure"": ""194.11""}"
618662,4L Vidisha Gyaraspur section of NH-146 from Design Chainage km 59475 existing chainage km 81240 to Design Chainage km 88361 existing chainage km 110.315,,NHAI,,Madhya Pradesh,2024-10,2026-03,2028-03,2028-03,,980.2,0.0,113.19,12.25,2026-08,FlashReport_August_2026.pdf,115,"{""approval"": ""10/2024"", ""start"": ""(03/2026)"", ""actual"": null, ""original"": ""03/2028"", ""revised"": ""(03/2028)""}","{""original"": ""980.20"", ""revised"": ""0.00"", ""expenditure"": ""113.19""}"
618663,i 4L Vidisha to Hinotiya from km 0.000 to Km 27.000 Vidisha Mehulwa-Talbehat Pkg- I Section of NH- 346 and ii 4L Vidisha to Morikori from Km 39.000 to 59.476 section of NH-146,,NHAI,,Madhya Pradesh,2022-09,2023-12,2025-12,2026-12,,1003.87,0.0,434.21,90.04,2026-08,FlashReport_August_2026.pdf,115,"{""approval"": ""09/2022"", ""start"": ""(12/2023)"", ""actual"": null, ""original"": ""12/2025"", ""revised"": ""(12/2026)""}","{""original"": ""1,003.87"", ""revised"": ""0.00"", ""expenditure"": ""434.21""}"
618664,Berkhedi to Godpehra on NH-44 Sagar link road,,NHAI,,Madhya Pradesh,2022-02,2022-11,2024-11,2026-12,,524.84,0.0,391.54,93.05,2026-08,FlashReport_August_2026.pdf,115,"{""approval"": ""02/2022"", ""start"": ""(11/2022)"", ""actual"": null, ""original"": ""11/2024"", ""revised"": ""(12/2026)""}","{""original"": ""524.84"", ""revised"": ""0.00"", ""expenditure"": ""391.54""}"
618666,4- Laning of Mohari to Satai Ghat section NH-934 from Km 50300 to Km 89875 Total length 39.575 km Package-2 in the State of Madhya Pradesh on EPC Mode,,NHAI,,Madhya Pradesh,2022-08,2024-08,2026-08,2026-09,,710.92,0.0,533.05,99.91,2026-08,FlashReport_August_2026.pdf,115,"{""approval"": ""08/2022"", ""start"": ""(08/2024)"", ""actual"": null, ""original"": ""08/2026"", ""revised"": ""(09/2026)""}","{""original"": ""710.92"", ""revised"": ""0.00"", ""expenditure"": ""533.05""}"
618667,4L of near Satai Ghat to Chowka section of NH-34 from D. Ch. 89.875 to D. Ch. 145.000 Package-3,,NHAI,,Madhya Pradesh,2024-10,2025-10,2027-10,2027-10,,1005.59,0.0,224.7,38.26,2026-08,FlashReport_August_2026.pdf,115,"{""approval"": ""10/2024"", ""start"": ""(10/2025)"", ""actual"": null, ""original"": ""10/2027"", ""revised"": ""(10/2027)""}","{""original"": ""1,005.59"", ""revised"": ""0.00"", ""expenditure"": ""224.70""}"
618671,4-lanning of Rahatgarh to Berkhedi section of NH-146 from Design Ch 124470 to Ch. 134.549,,NHAI,,Madhya Pradesh,2025-03,2025-12,2027-12,2027-12,,618.33,0.0,53.19,14.6,2026-08,FlashReport_August_2026.pdf,115,"{""approval"": ""03/2025"", ""start"": ""(12/2025)"", ""actual"": null, ""original"": ""12/2027"", ""revised"": ""(12/2027)""}","{""original"": ""618.33"", ""revised"": ""0.00"", ""expenditure"": ""53.19""}"
618672,4-lanning of Gyaraspur to Rahatgarh section of NH-146 from Design Ch. 88361 to Ch 124470 in the state of MP on HAM mode,,NHAI,,Madhya Pradesh,2024-10,2025-11,2027-11,2027-11,,903.44,0.0,191.87,35.25,2026-08,FlashReport_August_2026.pdf,116,"{""approval"": ""10/2024"", ""start"": ""(11/2025)"", ""actual"": null, ""original"": ""11/2027"", ""revised"": ""(11/2027)""}","{""original"": ""903.44"", ""revised"": ""0.00"", ""expenditure"": ""191.87""}"
618684,Outer Ring Road of Jabalpur Town from Manegaon to NH-45 Pkg-2,,NHAI,,Madhya Pradesh,2022-11,2024-03,2026-03,2027-03,,917.26,0.0,529.01,78.75,2026-08,FlashReport_August_2026.pdf,116,"{""approval"": ""11/2022"", ""start"": ""(03/2024)"", ""actual"": null, ""original"": ""03/2026"", ""revised"": ""(03/2027)""}","{""original"": ""917.26"", ""revised"": ""0.00"", ""expenditure"": ""529.01""}"
618685,Outer Ring Road of Jabalpur Town from NH45 to Kushner Pkg-3,,NHAI,,Madhya Pradesh,2022-09,2024-03,2026-03,2026-12,,911.24,0.0,552.62,79.8,2026-08,FlashReport_August_2026.pdf,116,"{""approval"": ""09/2022"", ""start"": ""(03/2024)"", ""actual"": null, ""original"": ""03/2026"", ""revised"": ""(12/2026)""}","{""original"": ""911.24"", ""revised"": ""0.00"", ""expenditure"": ""552.62""}"
618686,Outer Ring Road of Jabalpur Town from Kushner to Amjhar Road including Airport Connectivity Pkg-IV,,NHAI,,Madhya Pradesh,2022-08,2024-03,2026-03,2027-03,,612.94,0.0,369.68,79.63,2026-08,FlashReport_August_2026.pdf,116,"{""approval"": ""08/2022"", ""start"": ""(03/2024)"", ""actual"": null, ""original"": ""03/2026"", ""revised"": ""(03/2027)""}","{""original"": ""612.94"", ""revised"": ""0.00"", ""expenditure"": ""369.68""}"
618687,Outer Ring Road of Jabalpur Town from Barela to Manegaon Pkg-1,,NHAI,,Madhya Pradesh,2022-09,2023-03,2025-03,2027-03,,652.33,0.0,501.21,89.72,2026-08,FlashReport_August_2026.pdf,116,"{""approval"": ""09/2022"", ""start"": ""(03/2023)"", ""actual"": null, ""original"": ""03/2025"", ""revised"": ""(03/2027)""}","{""original"": ""652.33"", ""revised"": ""0.00"", ""expenditure"": ""501.21""}"
618688,Outer Ring Road of Jabalpur Town from Amjhar Road including Airport Connectivity to barela Pkg-V,,NHAI,,Madhya Pradesh,2024-10,2025-10,2027-10,2027-10,,794.7,0.0,105.49,32.38,2026-08,FlashReport_August_2026.pdf,116,"{""approval"": ""10/2024"", ""start"": ""(10/2025)"", ""actual"": null, ""original"": ""10/2027"", ""revised"": ""(10/2027)""}","{""original"": ""794.70"", ""revised"": ""0.00"", ""expenditure"": ""105.49""}"
618694,Indore - Harda Pkg-I [Indore to Raghav Garh from km. 0.25 to km. 26.903],,NHAI,,Madhya Pradesh,2022-01,2022-11,2024-10,2026-09,,1011.29,0.0,710.89,96.09,2026-08,FlashReport_August_2026.pdf,116,"{""approval"": ""01/2022"", ""start"": ""(11/2022)"", ""actual"": null, ""original"": ""10/2024"", ""revised"": ""(09/2026)""}","{""original"": ""1,011.29"", ""revised"": ""0.00"", ""expenditure"": ""710.89""}"
618735,4L of Chandesara to Khedakhajuriya from Km. 0.000 to - 750 & Km 0.000 to km 41.400 of NH-148NG Pkg-I,,NHAI,,Madhya Pradesh,2021-12,2022-09,2024-05,2027-03,,909.84,0.0,587.82,99.0,2026-08,FlashReport_August_2026.pdf,116,"{""approval"": ""12/2021"", ""start"": ""(09/2022)"", ""actual"": null, ""original"": ""05/2024"", ""revised"": ""(03/2027)""}","{""original"": ""909.84"", ""revised"": ""0.00"", ""expenditure"": ""587.82""}"
618751,2L PS of Hinotiya-Mehulwa section of NH-346 from Km. 27.000 to Km 75.700 Vidisha Mehulwa-Talbehat Pkg-II Section of NH- 346,,NHAI,,Madhya Pradesh,2022-10,2023-09,2025-09,2027-03,,581.65,0.0,274.61,69.04,2026-08,FlashReport_August_2026.pdf,116,"{""approval"": ""10/2022"", ""start"": ""(09/2023)"", ""actual"": null, ""original"": ""09/2025"", ""revised"": ""(03/2027)""}","{""original"": ""581.65"", ""revised"": ""0.00"", ""expenditure"": ""274.61""}"
618762,Itarsi Km. 63.000 to Betul Km. 137.000 of NH-69 in Madhya Pradesh,,NHAI,,Madhya Pradesh,2017-08,2018-02,2020-02,2026-12,,950.27,0.0,666.78,100.0,2026-08,FlashReport_August_2026.pdf,116,"{""approval"": ""08/2017"", ""start"": ""(02/2018)"", ""actual"": null, ""original"": ""02/2020"", ""revised"": ""(12/2026)""}","{""original"": ""950.27"", ""revised"": ""0.00"", ""expenditure"": ""666.78""}"
618784,Balance works of 4 lane divided carriageway of Missing Link section of NH-39 Rewa Bypass from junction with NH 30 near Bela to Junction with MPRDC ring road near Silpara on SH 9 design length 13.100 km on EPC Mode under Bharatmala Pariyojana in the State of Madhya Pradesh,,NHAI,,Madhya Pradesh,2023-08,2024-04,2026-04,2027-01,,355.36,0.0,264.26,84.44,2026-08,FlashReport_August_2026.pdf,116,"{""approval"": ""08/2023"", ""start"": ""(04/2024)"", ""actual"": null, ""original"": ""04/2026"", ""revised"": ""(01/2027)""}","{""original"": ""355.36"", ""revised"": ""0.00"", ""expenditure"": ""264.26""}"
618932,Construction of 6 lane Indore western bypass from km 0000 to Km 34000 Pkg -l in the State of Madhya Pradesh on Hybrid Annuity Mode under NHO,,NHAI,,Madhya Pradesh,2024-02,2026-01,2027-12,2027-12,,1534.7,0.0,721.68,27.6,2026-08,FlashReport_August_2026.pdf,116,"{""approval"": ""02/2024"", ""start"": ""(01/2026)"", ""actual"": null, ""original"": ""12/2027"", ""revised"": ""(12/2027)""}","{""original"": ""1,534.70"", ""revised"": ""0.00"", ""expenditure"": ""721.68""}"
618933,Construction of 6 lane Indore western bypass from km 34000 to Km 64000 Pkg-II in the state of Madhya Pradesh on Hybrid Annuity Mode under NHO,,NHAI,,Madhya Pradesh,2024-03,2026-02,2028-02,2028-02,,1430.56,0.0,881.78,17.5,2026-08,FlashReport_August_2026.pdf,116,"{""approval"": ""03/2024"", ""start"": ""(02/2026)"", ""actual"": null, ""original"": ""02/2028"", ""revised"": ""(02/2028)""}","{""original"": ""1,430.56"", ""revised"": ""0.00"", ""expenditure"": ""881.78""}"
618962,4L of Budhni to Shahganj Bypass End Package-III of NH-146B from Km. 73.750 to Km. 102.000,,NHAI,,Madhya Pradesh,2024-03,2025-08,2027-08,2027-08,,1102.97,0.0,196.81,28.95,2026-08,FlashReport_August_2026.pdf,116,"{""approval"": ""03/2024"", ""start"": ""(08/2025)"", ""actual"": null, ""original"": ""08/2027"", ""revised"": ""(08/2027)""}","{""original"": ""1,102.97"", ""revised"": ""0.00"", ""expenditure"": ""196.81""}"
618963,Construction work of 4-laning of Shahganj bypass end to Badi Package-IV of NH-146B from design km 102.000 to design km 142.357 Design length 40.357 km,,NHAI,,Madhya Pradesh,2024-02,2025-03,2027-03,2027-03,,784.14,0.0,347.21,53.6,2026-08,FlashReport_August_2026.pdf,116,"{""approval"": ""02/2024"", ""start"": ""(03/2025)"", ""actual"": null, ""original"": ""03/2027"", ""revised"": ""(03/2027)""}","{""original"": ""784.14"", ""revised"": ""0.00"", ""expenditure"": ""347.21""}"
618964,4 Laning of Sandalpur to Nasrullaganj Pkg-1 section of NH-146B Length 43.2 Km.,,NHAI,,Madhya Pradesh,2025-03,2026-01,2028-01,2028-01,,1425.98,0.0,198.59,11.57,2026-08,FlashReport_August_2026.pdf,116,"{""approval"": ""03/2025"", ""start"": ""(01/2026)"", ""actual"": null, ""original"": ""01/2028"", ""revised"": ""(01/2028)""}","{""original"": ""1,425.98"", ""revised"": ""0.00"", ""expenditure"": ""198.59""}"
618966,Six laning with both sides Service Road of Ayodhya Bypass from Design Km 0000 near Ashram Tiraha on NH-46 to Km 16439 end at Ratnagiri Tiraha on Nh-146,,NHAI,,Madhya Pradesh,2024-02,2025-08,2027-08,2027-08,,1123.17,0.0,177.29,21.61,2026-08,FlashReport_August_2026.pdf,116,"{""approval"": ""02/2024"", ""start"": ""(08/2025)"", ""actual"": null, ""original"": ""08/2027"", ""revised"": ""(08/2027)""}","{""original"": ""1,123.17"", ""revised"": ""0.00"", ""expenditure"": ""177.29""}"
619007,Upgradation of Sarvardewla to Pal MP/MH Border Road section of NH-347 C from Design Chainge km 81.600 to 137.400 Total length 55.80 km to two lane with paved shoulder configuration along with One time improvement of 1 .95 km in the State of Madhya Pradesh on EPC mode.,,MoRTH,,Madhya Pradesh,2023-03,2026-01,2028-01,2028-01,,461.23,0.0,22.2,3.1,2026-08,FlashReport_August_2026.pdf,116,"{""approval"": ""03/2023"", ""start"": ""(01/2026)"", ""actual"": null, ""original"": ""01/2028"", ""revised"": ""(01/2028)""}","{""original"": ""461.23"", ""revised"": ""0.00"", ""expenditure"": ""22.20""}"
619100,Dhangaon - Borgaon section km 81.000 to km 139.000 [Indore - Edlabad Pkg IV],,NHAI,,Madhya Pradesh,2020-01,2021-08,2023-08,2026-10,,866.0,0.0,746.6,99.8,2026-08,FlashReport_August_2026.pdf,116,"{""approval"": ""01/2020"", ""start"": ""(08/2021)"", ""actual"": null, ""original"": ""08/2023"", ""revised"": ""(10/2026)""}","{""original"": ""866.00"", ""revised"": ""0.00"", ""expenditure"": ""746.60""}"
619114,Indore - Harda Pkg-II [Raghavgarh to Nanasa from km. 29.30 to km. 92.30],,NHAI,,Madhya Pradesh,2023-01,2024-03,2026-03,2027-06,,1081.51,0.0,370.33,40.25,2026-08,FlashReport_August_2026.pdf,117,"{""approval"": ""01/2023"", ""start"": ""(03/2024)"", ""actual"": null, ""original"": ""03/2026"", ""revised"": ""(06/2027)""}","{""original"": ""1,081.51"", ""revised"": ""0.00"", ""expenditure"": ""370.33""}"
619304,Balance work for rehabilitation and upgradation of Sidhi -Singrauli Road from Km 82/400 to Km 187/99 Design Length 105.59 Km of NH-39 Old NH-75E to four lane with paved shoulder in the State of Madhya Pradesh on Item Rate Mode.,,NHAI,,Madhya Pradesh,2026-01,2026-05,2028-05,2028-05,,568.32,0.0,4.09,0.0,2026-08,FlashReport_August_2026.pdf,117,"{""approval"": ""01/2026"", ""start"": ""(05/2026)"", ""actual"": null, ""original"": ""05/2028"", ""revised"": ""(05/2028)""}","{""original"": ""568.32"", ""revised"": ""0.00"", ""expenditure"": ""4.09""}"
617912,Construction of 6 lane flyover from Khapari ROB to Mihan Interchange design chainage km 8760 to 11450 L- 2.69 km and upgradation of existing 4L PS road to 6LPS with service road by flexible pavement design chainage km 11450 to 14500 L- 3.05 [total project length 5.74 km] in section of Nagpur - Hyderabad NH-44 Old NH-7 in Nagpur district in the state of Maharashtra on HAM mode.,,MoRTH,,Maharashtra,2024-03,2025-10,2027-10,2027-10,,619.55,0.0,22.85,12.21,2026-08,FlashReport_August_2026.pdf,117,"{""approval"": ""03/2024"", ""start"": ""(10/2025)"", ""actual"": null, ""original"": ""10/2027"", ""revised"": ""(10/2027)""}","{""original"": ""619.55"", ""revised"": ""0.00"", ""expenditure"": ""22.85""}"
617932,Construction of New Four Lane Bypass to Parbhani City Parwa to Asola Km 463/265 to Km 481/180 Design Ch. 19220 to Ch. 34434 Length-15.214 Km section of NH-61 on EPC mode in the State of Maharashtra.,,MoRTH,,Maharashtra,2022-03,2023-07,2024-10,2026-10,,496.64,0.0,216.62,73.0,2026-08,FlashReport_August_2026.pdf,117,"{""approval"": ""03/2022"", ""start"": ""(07/2023)"", ""actual"": null, ""original"": ""10/2024"", ""revised"": ""(10/2026)""}","{""original"": ""496.64"", ""revised"": ""0.00"", ""expenditure"": ""216.62""}"
617934,Nasratpur to Barasgaon section of NH-61 2L / 4L PS from Km.514/00 to 558/200,,MoRTH,,Maharashtra,2017-07,2017-09,2019-09,2026-08,,406.54,0.0,528.24,95.84,2026-08,FlashReport_August_2026.pdf,117,"{""approval"": ""07/2017"", ""start"": ""(09/2017)"", ""actual"": null, ""original"": ""09/2019"", ""revised"": ""(08/2026)""}","{""original"": ""406.54"", ""revised"": ""0.00"", ""expenditure"": ""528.24""}"
617937,Udgir Raavi Degloor Aadampur phata to Sagroli fata,,MoRTH,,Maharashtra,2024-11,2026-04,2028-04,,,809.77,0.0,42.26,20.0,2026-08,FlashReport_August_2026.pdf,117,"{""approval"": ""11/2024"", ""start"": ""(04/2026)"", ""actual"": null, ""original"": ""04/2028"", ""revised"": ""(-)""}","{""original"": ""809.77"", ""revised"": ""0.00"", ""expenditure"": ""42.26""}"
617938,Rehabilitation And Upgradation to four lane with paved shoulder configuration from km 24350 to km 61875 Jawale - Borgaon Kale of NH-63 in the State of Maharashtra on EPC mode under Annual Plan 2024-25 Total length - 37.525 Km.,,MoRTH,,Maharashtra,2024-12,2025-09,2027-03,2027-03,,574.18,0.0,28.75,20.0,2026-08,FlashReport_August_2026.pdf,117,"{""approval"": ""12/2024"", ""start"": ""(09/2025)"", ""actual"": null, ""original"": ""03/2027"", ""revised"": ""(03/2027)""}","{""original"": ""574.18"", ""revised"": ""0.00"", ""expenditure"": ""28.75""}"
617945,Balance work of NH-66 from design Km 84/00 to Km 87/100 Indapur Bypass and Km 91/600 to Km 99/100 Mangaon Bypass to four lane with paved shoulder in State of Maharashtra under NHO on EPC Mode.,,MoRTH,,Maharashtra,2025-03,2025-10,2027-04,2027-04,,354.21,0.0,156.44,70.34,2026-08,FlashReport_August_2026.pdf,117,"{""approval"": ""03/2025"", ""start"": ""(10/2025)"", ""actual"": null, ""original"": ""04/2027"", ""revised"": ""(04/2027)""}","{""original"": ""354.21"", ""revised"": ""0.00"", ""expenditure"": ""156.44""}"
617946,Kashedi to Parshuram Ghat section of NH-66 from Km 161/600 - Km 205/400 - 4L PS,,MoRTH,,Maharashtra,2016-03,2018-02,2020-02,2025-12,,1142.62,0.0,1241.63,97.5,2026-08,FlashReport_August_2026.pdf,117,"{""approval"": ""03/2016"", ""start"": ""(02/2018)"", ""actual"": null, ""original"": ""02/2020"", ""revised"": ""(12/2025)""}","{""original"": ""1,142.62"", ""revised"": ""0.00"", ""expenditure"": ""1,241.63""}"
617947,Arawali Kante section of NH-17New NH-66 4L PS from Km.241/300 to 281/300,,MoRTH,,Maharashtra,2016-03,2017-11,2019-11,2026-03,,1006.99,0.0,773.14,80.06,2026-08,FlashReport_August_2026.pdf,117,"{""approval"": ""03/2016"", ""start"": ""(11/2017)"", ""actual"": null, ""original"": ""11/2019"", ""revised"": ""(03/2026)""}","{""original"": ""1,006.99"", ""revised"": ""0.00"", ""expenditure"": ""773.14""}"
617948,Kante - Wakad section of NH-66 4L PS from Km.281/300 to 332/200,,MoRTH,,Maharashtra,2016-03,2017-11,2019-11,2025-11,,1117.75,0.0,1315.34,90.14,2026-08,FlashReport_August_2026.pdf,117,"{""approval"": ""03/2016"", ""start"": ""(11/2017)"", ""actual"": null, ""original"": ""11/2019"", ""revised"": ""(11/2025)""}","{""original"": ""1,117.75"", ""revised"": ""0.00"", ""expenditure"": ""1,315.34""}"
617965,Kopargaon to Savali Vihir section,,MoRTH,,Maharashtra,2022-06,2023-01,2024-07,2026-09,,195.38,0.0,105.16,93.5,2026-08,FlashReport_August_2026.pdf,117,"{""approval"": ""06/2022"", ""start"": ""(01/2023)"", ""actual"": null, ""original"": ""07/2024"", ""revised"": ""(09/2026)""}","{""original"": ""195.38"", ""revised"": ""0.00"", ""expenditure"": ""105.16""}"
617978,"Rehabilitation, upgradation & widening of existing highway to 2L/4LPS Rigid Pavement of NH 160 section- Phaltan to Mhaishal near Karnataka Border including Tasgaon Bypass, from existing chainage Km 301/430 to Km 458/415 in the State of Maharashtra- Package-II & Package III combined- starting from existing chainage Km 341/300 to Km 394/130 and design chainage Km 340/250 at Dahiwadi Village to Km 392/950 ending at Vita Village in the State of Maharashtra on EPC Mode.",,MoRTH,,Maharashtra,2024-03,2025-05,2027-05,2027-05,,631.76,0.0,303.71,88.3,2026-08,FlashReport_August_2026.pdf,117,"{""approval"": ""03/2024"", ""start"": ""(05/2025)"", ""actual"": null, ""original"": ""05/2027"", ""revised"": ""(05/2027)""}","{""original"": ""631.76"", ""revised"": ""0.00"", ""expenditure"": ""303.71""}"
617979,"Rehabilitation, upgradation & widening of existing highway to 2L/4LPS Rigid Pavement of NH 160 section- Phaltan to Mhaisal near Karnataka Border including Tasgaon Bypass, from existing chainage Km 301/430 to Km 458/415 in the State of Maharashtra. Package-I starting from existing chainage Km 301/430 at Phaltan Village Junction of Phaltan Baramati Road Design Chainage -301/430km & ending at existing chainage Km 341/300 Dahiwadi Village Bus Stop Design chainage Km 340466km in the S",,MoRTH,,Maharashtra,2024-03,2025-05,2027-05,2027-05,,533.76,0.0,217.44,77.07,2026-08,FlashReport_August_2026.pdf,117,"{""approval"": ""03/2024"", ""start"": ""(05/2025)"", ""actual"": null, ""original"": ""05/2027"", ""revised"": ""(05/2027)""}","{""original"": ""533.76"", ""revised"": ""0.00"", ""expenditure"": ""217.44""}"
618042,"Rehabilitation/ Upgradation of existing Highway to four lane standards in Kurkheda town from km.413257 to km 410775, Two lane in Shankarpur Gurnuli km 42400 to km 43100 section and Reconstruction of Major Bridge at Ch. 448558 Bhuti Nallah and Ch. 411695 Sati River bridge, Minor Bridge at Ch. 411477 and Ch. 405800 Lendhari Bridge of NH 543 Bhamhapuri-wadsa-kurkheda-korchi-Deori-Amgaon road on EPC mode in the State of Maharashtra",,MoRTH,,Maharashtra,2022-03,2023-11,2025-05,2026-12,,163.86,0.0,62.18,50.25,2026-08,FlashReport_August_2026.pdf,117,"{""approval"": ""03/2022"", ""start"": ""(11/2023)"", ""actual"": null, ""original"": ""05/2025"", ""revised"": ""(12/2026)""}","{""original"": ""163.86"", ""revised"": ""0.00"", ""expenditure"": ""62.18""}"
618047,"Widening, Reconstruction & Up-gradation to 2 lane with Paved Shoulder/Four Lane configuration for the work of Ahmednagar to Sabalkhed & Ashti to Chinchpur Section of NH-561 from Design km 2915 to km 37728 & Design km 55100 to km 70000 in the State of Maharashtra on EPC mode. Length 49.713 km",,MoRTH,,Maharashtra,2024-03,2025-05,2027-05,2027-05,,657.16,0.0,383.14,93.93,2026-08,FlashReport_August_2026.pdf,117,"{""approval"": ""03/2024"", ""start"": ""(05/2025)"", ""actual"": null, ""original"": ""05/2027"", ""revised"": ""(05/2027)""}","{""original"": ""657.16"", ""revised"": ""0.00"", ""expenditure"": ""383.14""}"
618049,Up-gradation to 2/4 lane with paved shoulder configuration of NH-652 from Tuljapur Naldurg-Akkalkot road Chainage from Km. 00.000 to km 30.982 in the State of Maharashtra on EPC mode.,,MoRTH,,Maharashtra,2024-03,2025-01,2026-07,2026-09,,183.41,0.0,85.7,98.0,2026-08,FlashReport_August_2026.pdf,118,"{""approval"": ""03/2024"", ""start"": ""(01/2025)"", ""actual"": null, ""original"": ""07/2026"", ""revised"": ""(09/2026)""}","{""original"": ""183.41"", ""revised"": ""0.00"", ""expenditure"": ""85.70""}"
618059,Construction of four-lane Concrete Road from Police Headquarter Gondia City to Rawanwadi Village Birsi Airport Junction from design km 0.000 to km 15.781 existing km 39/720 of NH-753 to existing Km 8/400 of NH 543 on sections from Kohmara- Goregaon- Police HeadquarterKaranja - Collector Office Square - Balaghat T Point- Rawanwadi- Rajegaon of NH-753 and NH-543 in Gondia District in the state of Maharashtra. Total Length of the project 15.781 Km.,,MoRTH,,Maharashtra,2023-02,2024-02,2025-08,2026-10,,328.11,0.0,111.48,34.15,2026-08,FlashReport_August_2026.pdf,118,"{""approval"": ""02/2023"", ""start"": ""(02/2024)"", ""actual"": null, ""original"": ""08/2025"", ""revised"": ""(10/2026)""}","{""original"": ""328.11"", ""revised"": ""0.00"", ""expenditure"": ""111.48""}"
618061,"Strengthening, Widening & Up-gradation of newly declared NH-761 from NH- 61Junction-BelheAlkutiDevibhoyareNighojShirur, from Design chainage Km 0.000 to Km 37.970 from Single/Intermediate/2L to 2LPS in the State of Maharashtra on EPC Mode Length 37.970 Km",,MoRTH,,Maharashtra,2024-03,2025-03,2026-09,2026-09,,386.16,0.0,114.55,62.5,2026-08,FlashReport_August_2026.pdf,118,"{""approval"": ""03/2024"", ""start"": ""(03/2025)"", ""actual"": null, ""original"": ""09/2026"", ""revised"": ""(09/2026)""}","{""original"": ""386.16"", ""revised"": ""0.00"", ""expenditure"": ""114.55""}"
618065,"Rehabilitation/Upgradation of existing Highway to 2LPS/4 lane of Dhawali to Rajoli from Design Km.149476 to 163476 existing Km.150000 to 164000, Pandhasala to Mohadongri from design Km.170476 to 181476 existing Km.171000 to 182000, Ambeshivni Fata to Bodli from design Km.183476 to 185476 existing Km.184000 to 186000 and Made Tukum to Gadchiroli from design Km.188476 to 189476 existing Km.188000 to 18900 having length 28 km of NH-930 of Dhawali to Gadchroli road in the",,MoRTH,,Maharashtra,2022-03,2024-03,2025-09,2027-03,,316.44,0.0,84.06,37.2,2026-08,FlashReport_August_2026.pdf,118,"{""approval"": ""03/2022"", ""start"": ""(03/2024)"", ""actual"": null, ""original"": ""09/2025"", ""revised"": ""(03/2027)""}","{""original"": ""316.44"", ""revised"": ""0.00"", ""expenditure"": ""84.06""}"
618088,Nandurshingote to Kolhar,,MoRTH,,Maharashtra,2024-09,2025-06,2026-12,2026-12,,325.79,0.0,263.09,45.0,2026-08,FlashReport_August_2026.pdf,118,"{""approval"": ""09/2024"", ""start"": ""(06/2025)"", ""actual"": null, ""original"": ""12/2026"", ""revised"": ""(12/2026)""}","{""original"": ""325.79"", ""revised"": ""0.00"", ""expenditure"": ""263.09""}"
618089,Rehabilitation & Up-gradation of Mudkhed to Nanded section from Km. 372000 to Km 388400 of NH 161A i.e. Nanded-Bhokar-Himayatnagar-Kinwat-Mahur-Arani Road Design chainage from Km 372000 Mudkhed to Km 387650 Nanded of NH 161A Length 15.65 Km to 2/4Lane with paved shoulders configuration in the State of Maharashtra on EPC mode.,,MoRTH,,Maharashtra,2022-03,2023-04,2025-04,2026-10,,206.54,0.0,7.77,65.14,2026-08,FlashReport_August_2026.pdf,118,"{""approval"": ""03/2022"", ""start"": ""(04/2023)"", ""actual"": null, ""original"": ""04/2025"", ""revised"": ""(10/2026)""}","{""original"": ""206.54"", ""revised"": ""0.00"", ""expenditure"": ""7.77""}"
618094,Pen to Khopoli 2LPS,,MoRTH,,Maharashtra,2018-03,2018-06,2019-12,2025-12,,369.39,0.0,212.04,86.3,2026-08,FlashReport_August_2026.pdf,118,"{""approval"": ""03/2018"", ""start"": ""(06/2018)"", ""actual"": null, ""original"": ""12/2019"", ""revised"": ""(12/2025)""}","{""original"": ""369.39"", ""revised"": ""0.00"", ""expenditure"": ""212.04""}"
618096,Rehabilitation and Up-gradation to 2 lane road with paved shoulders configuration for the balance work of 13 km length on Helwak-Patan-Karad section Km. 85000 to 133 417 of NH-166E in the state of Maharashtra on EPC mode.,,MoRTH,,Maharashtra,2024-02,2024-10,2026-04,2027-02,,181.45,0.0,84.97,87.0,2026-08,FlashReport_August_2026.pdf,118,"{""approval"": ""02/2024"", ""start"": ""(10/2024)"", ""actual"": null, ""original"": ""04/2026"", ""revised"": ""(02/2027)""}","{""original"": ""181.45"", ""revised"": ""0.00"", ""expenditure"": ""84.97""}"
618097,Guhagar - Rampur - 2L-PS - km 0/00 Guhagar to 26/230 Rampur and 40/00 Mirjoli to 53/600 Sati on NH-166E,,MoRTH,,Maharashtra,2017-01,2017-06,2019-06,2025-08,,407.2,0.0,274.73,91.89,2026-08,FlashReport_August_2026.pdf,118,"{""approval"": ""01/2017"", ""start"": ""(06/2017)"", ""actual"": null, ""original"": ""06/2019"", ""revised"": ""(08/2025)""}","{""original"": ""407.20"", ""revised"": ""0.00"", ""expenditure"": ""274.73""}"
618098,"Upgradation of exhisting 2 lane flexible pavement to 2 lane paved shoulders rigid pavement from design chainage Km 66.00 to Design Km 82.440 Start of Kolhapur Municipal corporation near Phulewadi to kale, design length 16.440 Km section on Talere Gaganbawada-Kolhapur road NH 166G in the state of Maharashtra on EPC mode",,MoRTH,,Maharashtra,2021-03,2022-11,2024-05,2026-08,,167.97,0.0,102.29,93.75,2026-08,FlashReport_August_2026.pdf,118,"{""approval"": ""03/2021"", ""start"": ""(11/2022)"", ""actual"": null, ""original"": ""05/2024"", ""revised"": ""(08/2026)""}","{""original"": ""167.97"", ""revised"": ""0.00"", ""expenditure"": ""102.29""}"
618133,Strengthening and Widening of road Sakoli- Wadsa-Armori-Gadchiroli-Ashti- Allapalli - Sironcha National highway NH 353C in Km 262/00 to 321/00 including 16 minor Bridges and 2 Major Bridge Total length 59 Km section from repanpalli to sironcha in Gadchiroli Dist in the State of Maharashtra.,,MoRTH,,Maharashtra,2021-03,2022-06,2024-05,2027-03,,280.57,0.0,210.92,67.39,2026-08,FlashReport_August_2026.pdf,118,"{""approval"": ""03/2021"", ""start"": ""(06/2022)"", ""actual"": null, ""original"": ""05/2024"", ""revised"": ""(03/2027)""}","{""original"": ""280.57"", ""revised"": ""0.00"", ""expenditure"": ""210.92""}"
618134,Rehabilitation /Upgradation from Lagam to Alapalli section Desing Km. 199/400 to km 227/400 Length 28.0 Km to 2 lane with Paved Shoulders/ 4 lane configuration section of NH-353 C Sakoli-Wadsa-Armori-Gadchiroli-Ashti-Alapalli Sironcha in Gadchiroli District on EPC mode in the state of Maharashtra.,,MoRTH,,Maharashtra,2023-02,2024-09,2026-09,2026-09,,459.39,0.0,220.61,85.05,2026-08,FlashReport_August_2026.pdf,118,"{""approval"": ""02/2023"", ""start"": ""(09/2024)"", ""actual"": null, ""original"": ""09/2026"", ""revised"": ""(09/2026)""}","{""original"": ""459.39"", ""revised"": ""0.00"", ""expenditure"": ""220.61""}"
618137,Rehabilitation and Up-gradation of Jarud - Sirsala section of NH-361F km 59500 to km11500 to Two lane with paved shoulder/ Four Lane in the state of Maharashtra on EPC mode Length 55.5 Km.,,MoRTH,,Maharashtra,2024-03,2025-05,2027-05,2027-05,,540.35,0.0,217.2,72.1,2026-08,FlashReport_August_2026.pdf,118,"{""approval"": ""03/2024"", ""start"": ""(05/2025)"", ""actual"": null, ""original"": ""05/2027"", ""revised"": ""(05/2027)""}","{""original"": ""540.35"", ""revised"": ""0.00"", ""expenditure"": ""217.20""}"
618138,"Widening, Reconstruction & Up-gradation to 2 lane with Paved Shoulder/Four Lane configuration for the work of Sautada to Shirapur Section of NH-561 from Design km 86300 to km 125589 in the state of Maharashtra on EPC mode. Design length 39.289 km",,MoRTH,,Maharashtra,2024-03,2025-05,2026-11,2026-11,,349.57,0.0,77.84,62.96,2026-08,FlashReport_August_2026.pdf,118,"{""approval"": ""03/2024"", ""start"": ""(05/2025)"", ""actual"": null, ""original"": ""11/2026"", ""revised"": ""(11/2026)""}","{""original"": ""349.57"", ""revised"": ""0.00"", ""expenditure"": ""77.84""}"
618139,Rehabilitation and Up-gradation of Gangakhed Loha section of NH-361F from Km 169/00 to 210/00 to two lane with paved shoulder/ four lane configuration in the state of Maharashtra on EPC mode Length - 41.00 Km.,,MoRTH,,Maharashtra,2024-03,2025-04,2026-09,2026-09,,355.12,0.0,0.0,43.46,2026-08,FlashReport_August_2026.pdf,119,"{""approval"": ""03/2024"", ""start"": ""(04/2025)"", ""actual"": null, ""original"": ""09/2026"", ""revised"": ""(09/2026)""}","{""original"": ""355.12"", ""revised"": ""0.00"", ""expenditure"": ""0.00""}"
618150,Rehabilitation and Up-gradation of i. Deogaon phata to Digras phata Ch. 0/000 to 15/000 & Selu to Borgavhan Ch 20/900 to 35/800 [Length 29.9km] ii. Injegaon Dhamoni to Pohner Phata Ch.58/200 to Ch. 83/700 [Length25.5 km] and iii. Pohner phata to Pathri Design Ch. 42/700 to 58/200 [Length 15.5 km] sections of NH-548B to Two lane with paved shoulder configuartion in the state of Maharashtra on EPC mode Total project length 70.9 Km.,,MoRTH,,Maharashtra,2024-03,2025-05,2027-05,2027-05,,761.83,0.0,96.78,22.0,2026-08,FlashReport_August_2026.pdf,119,"{""approval"": ""03/2024"", ""start"": ""(05/2025)"", ""actual"": null, ""original"": ""05/2027"", ""revised"": ""(05/2027)""}","{""original"": ""761.83"", ""revised"": ""0.00"", ""expenditure"": ""96.78""}"
618152,Mhaswad to Tembhurni section of NH-548C - 2L PS,,MoRTH,,Maharashtra,2017-01,2017-08,2019-07,2026-08,,488.6,0.0,298.45,96.19,2026-08,FlashReport_August_2026.pdf,119,"{""approval"": ""01/2017"", ""start"": ""(08/2017)"", ""actual"": null, ""original"": ""07/2019"", ""revised"": ""(08/2026)""}","{""original"": ""488.60"", ""revised"": ""0.00"", ""expenditure"": ""298.45""}"
618153,Satara to Mhaswad,,MoRTH,,Maharashtra,2017-01,2017-08,2019-08,2026-08,,653.46,0.0,384.64,98.08,2026-08,FlashReport_August_2026.pdf,119,"{""approval"": ""01/2017"", ""start"": ""(08/2017)"", ""actual"": null, ""original"": ""08/2019"", ""revised"": ""(08/2026)""}","{""original"": ""653.46"", ""revised"": ""0.00"", ""expenditure"": ""384.64""}"
618154,"Rehabilitation & upgradation of Jamkhed to Sautada Section of NH548 D from km 195.375 to km 208.774, Length 13.399 Km to 2L PS /4L configuration with rigid pavement in the state of Maharashtra on EPC mode.",,MoRTH,,Maharashtra,2022-03,2023-01,2024-07,2026-06,,157.62,0.0,0.0,68.93,2026-08,FlashReport_August_2026.pdf,119,"{""approval"": ""03/2022"", ""start"": ""(01/2023)"", ""actual"": null, ""original"": ""07/2024"", ""revised"": ""(06/2026)""}","{""original"": ""157.62"", ""revised"": ""0.00"", ""expenditure"": ""0.00""}"
618155,Development/Widening of Talegaon Chakan Shikrapur Nhavara Section of NH-548D from existing chainage km. 54/000 to 82/300 and Design chainage Km. 54/000 to 82/120 Shikrapur to Nhavara Section to 2LPS/4L Configuration on EPC Mode in the State of Maharashtra.,,MoRTH,,Maharashtra,2024-03,2025-01,2026-07,2027-03,,396.17,0.0,237.74,72.52,2026-08,FlashReport_August_2026.pdf,119,"{""approval"": ""03/2024"", ""start"": ""(01/2025)"", ""actual"": null, ""original"": ""07/2026"", ""revised"": ""(03/2027)""}","{""original"": ""396.17"", ""revised"": ""0.00"", ""expenditure"": ""237.74""}"
618172,Paithan - Shirur section 2LPS Km 0.0 to 55.00,,MoRTH,,Maharashtra,2017-03,2017-06,2019-06,2026-10,,341.8,0.0,253.74,82.0,2026-08,FlashReport_August_2026.pdf,119,"{""approval"": ""03/2017"", ""start"": ""(06/2017)"", ""actual"": null, ""original"": ""06/2019"", ""revised"": ""(10/2026)""}","{""original"": ""341.80"", ""revised"": ""0.00"", ""expenditure"": ""253.74""}"
618173,Shirur-Kharda section from 55937 km to 114486 km to 2LPS/4L,,MoRTH,,Maharashtra,2017-02,2017-06,2019-06,2026-08,,381.77,0.0,262.2,83.93,2026-08,FlashReport_August_2026.pdf,119,"{""approval"": ""02/2017"", ""start"": ""(06/2017)"", ""actual"": null, ""original"": ""06/2019"", ""revised"": ""(08/2026)""}","{""original"": ""381.77"", ""revised"": ""0.00"", ""expenditure"": ""262.20""}"
618174,Rehabilitation and Upgradation to two lane with paved shoulder configuration of NH- 752G from Sakri to Pimpalner Section Design Ch km 0000 to Ch km 21411 in the state of Maharashtra on EPC Mode. Length 21.411 km.,,MoRTH,,Maharashtra,2024-03,2025-04,2026-10,2026-10,,226.58,0.0,142.62,100.0,2026-08,FlashReport_August_2026.pdf,119,"{""approval"": ""03/2024"", ""start"": ""(04/2025)"", ""actual"": null, ""original"": ""10/2026"", ""revised"": ""(10/2026)""}","{""original"": ""226.58"", ""revised"": ""0.00"", ""expenditure"": ""142.62""}"
618176,Rehabilitation and upgradation from ch km 50/200 to 56/800 and km 62/600 to 100/403 of Kolde to Visarwadi Near Junction with NH-6 section of NH 752G total length 44.40 to two-lane with paved shoulder / four lanes in the State of Maharashtra on EPC mode.,,MoRTH,,Maharashtra,2025-03,2026-01,2028-01,,,349.08,0.0,66.84,35.45,2026-08,FlashReport_August_2026.pdf,119,"{""approval"": ""03/2025"", ""start"": ""(01/2026)"", ""actual"": null, ""original"": ""01/2028"", ""revised"": ""(-)""}","{""original"": ""349.08"", ""revised"": ""0.00"", ""expenditure"": ""66.84""}"
618177,Pal Phata Phulambri - Khultabad 2LPS,,MoRTH,,Maharashtra,2018-03,2018-06,2019-12,2026-09,,227.19,0.0,155.88,95.29,2026-08,FlashReport_August_2026.pdf,119,"{""approval"": ""03/2018"", ""start"": ""(06/2018)"", ""actual"": null, ""original"": ""12/2019"", ""revised"": ""(09/2026)""}","{""original"": ""227.19"", ""revised"": ""0.00"", ""expenditure"": ""155.88""}"
618178,Widening and strengthening of Gangakhed to Kingaon section of NH-752K in Km 38/750 to 72/304 Flexible Pavement Length33.554 km to 2-lane configuration on EPC mode in the State of Maharashtra.,,MoRTH,,Maharashtra,2024-02,2024-12,2026-06,2026-10,,162.67,0.0,5.76,91.0,2026-08,FlashReport_August_2026.pdf,119,"{""approval"": ""02/2024"", ""start"": ""(12/2024)"", ""actual"": null, ""original"": ""06/2026"", ""revised"": ""(10/2026)""}","{""original"": ""162.67"", ""revised"": ""0.00"", ""expenditure"": ""5.76""}"
618180,Pune raigarh District Border To Mangaon Ch 69000 to 103775 NH-753F,,MoRTH,,Maharashtra,2018-03,2018-06,2019-12,2026-07,,223.46,0.0,124.0,89.08,2026-08,FlashReport_August_2026.pdf,119,"{""approval"": ""03/2018"", ""start"": ""(06/2018)"", ""actual"": null, ""original"": ""12/2019"", ""revised"": ""(07/2026)""}","{""original"": ""223.46"", ""revised"": ""0.00"", ""expenditure"": ""124.00""}"
618198,Balance work of Rehabilitation and Up-gradation to 2-lane road with paved shoulders configuration for NH- 965DD from Pacharal-Mandangad-Mhapral-Rajewadi Upto Junction of NH-66 Ch-22700 to 75100 Km and Ambadave connector Birth place of Dr. Babasaheb Ambedkar Ch-0000 to 7325 Km length Km 59.725 in the state of Maharashtra on EPC mode. Balance Work,,MoRTH,,Maharashtra,2018-03,2022-01,2024-01,2026-10,,388.93,0.0,249.66,93.07,2026-08,FlashReport_August_2026.pdf,119,"{""approval"": ""03/2018"", ""start"": ""(01/2022)"", ""actual"": null, ""original"": ""01/2024"", ""revised"": ""(10/2026)""}","{""original"": ""388.93"", ""revised"": ""0.00"", ""expenditure"": ""249.66""}"
618199,"Rehabilitation, Upgradation & Widening of existing Highway to Rigid Pavement 2 Lane with Paved Shoulder of NH 965DD from Lonand Shirval-Bhor Mandangad-Pchral Section ShindewadiPhata to Varandah Ghat Dist Border from Km 33/550 to 92/550 in the state of Maharashtra on EPC mode.",,MoRTH,,Maharashtra,2023-02,2024-07,2026-07,2027-02,,723.13,0.0,217.9,53.5,2026-08,FlashReport_August_2026.pdf,119,"{""approval"": ""02/2023"", ""start"": ""(07/2024)"", ""actual"": null, ""original"": ""07/2026"", ""revised"": ""(02/2027)""}","{""original"": ""723.13"", ""revised"": ""0.00"", ""expenditure"": ""217.90""}"
618469,Vadodara Mumbai Expressway Phase II - Pkg XIII [Km. 26.582 to Km. 50.700] Shirsad - Masvan,,NHAI,,Maharashtra,2020-06,2022-02,2024-02,2026-08,,3536.9,0.0,1986.56,98.2,2026-08,FlashReport_August_2026.pdf,119,"{""approval"": ""06/2020"", ""start"": ""(02/2022)"", ""actual"": null, ""original"": ""02/2024"", ""revised"": ""(08/2026)""}","{""original"": ""3,536.90"", ""revised"": ""0.00"", ""expenditure"": ""1,986.56""}"
618470,Vadodara Mumbai Expressway Phase II - Pkg XIV [Km. 3.000 to Km. 20.200 of Spur] Shirsad - Akloli,,NHAI,,Maharashtra,2021-05,2022-11,2024-05,2026-09,,2058.79,0.0,645.91,98.0,2026-08,FlashReport_August_2026.pdf,119,"{""approval"": ""05/2021"", ""start"": ""(11/2022)"", ""actual"": null, ""original"": ""05/2024"", ""revised"": ""(09/2026)""}","{""original"": ""2,058.79"", ""revised"": ""0.00"", ""expenditure"": ""645.91""}"
618471,Vadodara Mumbai Expressway Phase II - Pkg XV [Km. 20.200 to Km. 43.000 of Spur] Akloli - Amne,,NHAI,,Maharashtra,2021-05,2022-11,2024-05,2026-08,,2610.88,0.0,651.95,94.6,2026-08,FlashReport_August_2026.pdf,120,"{""approval"": ""05/2021"", ""start"": ""(11/2022)"", ""actual"": null, ""original"": ""05/2024"", ""revised"": ""(08/2026)""}","{""original"": ""2,610.88"", ""revised"": ""0.00"", ""expenditure"": ""651.95""}"
618472,Vadodara Mumbai Expressway Phase II - Pkg XVI [Km. 43.000 to Km. 69.800 of Spur] Amne - Bhoj,,NHAI,,Maharashtra,2021-06,2022-11,2024-10,2026-08,,4051.8,0.0,952.69,95.5,2026-08,FlashReport_August_2026.pdf,120,"{""approval"": ""06/2021"", ""start"": ""(11/2022)"", ""actual"": null, ""original"": ""10/2024"", ""revised"": ""(08/2026)""}","{""original"": ""4,051.80"", ""revised"": ""0.00"", ""expenditure"": ""952.69""}"
618473,Vadodara Mumbai Expressway Phase II - Pkg XVII [Km. 69.800 to Km. 79.783 of Spur] Bhoj - Morbe,,NHAI,,Maharashtra,2021-09,2023-01,2025-07,2026-08,,2208.68,0.0,931.24,90.73,2026-08,FlashReport_August_2026.pdf,120,"{""approval"": ""09/2021"", ""start"": ""(01/2023)"", ""actual"": null, ""original"": ""07/2025"", ""revised"": ""(08/2026)""}","{""original"": ""2,208.68"", ""revised"": ""0.00"", ""expenditure"": ""931.24""}"
618511,Upgradation & rehabilitation of Service Roads on both sides in urban areas of Pune City on PuneSatara section of NH48,,NHAI,,Maharashtra,2025-01,2025-06,2027-06,2027-06,,604.59,0.0,69.84,24.08,2026-08,FlashReport_August_2026.pdf,120,"{""approval"": ""01/2025"", ""start"": ""(06/2025)"", ""actual"": null, ""original"": ""06/2027"", ""revised"": ""(06/2027)""}","{""original"": ""604.59"", ""revised"": ""0.00"", ""expenditure"": ""69.84""}"
618512,Tunnel at Khambataki Ghat Section and its approaches from existing Km. 771.730 to existing Km. 782.000,,NHAI,,Maharashtra,2017-11,2019-02,2022-02,2026-10,,907.03,0.0,687.05,89.2,2026-08,FlashReport_August_2026.pdf,120,"{""approval"": ""11/2017"", ""start"": ""(02/2019)"", ""actual"": null, ""original"": ""02/2022"", ""revised"": ""(10/2026)""}","{""original"": ""907.03"", ""revised"": ""0.00"", ""expenditure"": ""687.05""}"
618513,6L of Kagal-Satara section from Km 592.500 to Km 658.000 of NH-48 Pkg-I,,NHAI,,Maharashtra,2021-12,2023-01,2025-01,2027-02,,2111.95,0.0,634.62,51.14,2026-08,FlashReport_August_2026.pdf,120,"{""approval"": ""12/2021"", ""start"": ""(01/2023)"", ""actual"": null, ""original"": ""01/2025"", ""revised"": ""(02/2027)""}","{""original"": ""2,111.95"", ""revised"": ""0.00"", ""expenditure"": ""634.62""}"
618514,6L of Kagal-Satara section from Km 658.000 to Km 725.000 of NH-48 Pkg-II,,NHAI,,Maharashtra,2021-12,2022-12,2024-12,2026-12,,2330.71,0.0,206.69,90.12,2026-08,FlashReport_August_2026.pdf,120,"{""approval"": ""12/2021"", ""start"": ""(12/2022)"", ""actual"": null, ""original"": ""12/2024"", ""revised"": ""(12/2026)""}","{""original"": ""2,330.71"", ""revised"": ""0.00"", ""expenditure"": ""206.69""}"
618557,4L of Indora Chowk to Pachpaoli and Agrasen Chowk - Ashoka Chowk,,NHAI,,Maharashtra,2023-03,2023-07,2026-06,2026-09,,1038.84,0.0,699.6,84.0,2026-08,FlashReport_August_2026.pdf,120,"{""approval"": ""03/2023"", ""start"": ""(07/2023)"", ""actual"": null, ""original"": ""06/2026"", ""revised"": ""(09/2026)""}","{""original"": ""1,038.84"", ""revised"": ""0.00"", ""expenditure"": ""699.60""}"
618585,6L of Gonde Km. 439.038 to Pimpri Sado Km. 459.905 section of NH-848 Old NH-3,,NHAI,,Maharashtra,2024-02,2024-10,2027-04,2027-11,,856.93,0.0,160.2,40.5,2026-08,FlashReport_August_2026.pdf,120,"{""approval"": ""02/2024"", ""start"": ""(10/2024)"", ""actual"": null, ""original"": ""04/2027"", ""revised"": ""(11/2027)""}","{""original"": ""856.93"", ""revised"": ""0.00"", ""expenditure"": ""160.20""}"
618586,Improvement and strengthening of existing 2 lane stretch to 2-Lane with PS 1.5m on both sides on Ghoti-Sinnar section of NH-160A using Thin White Topping 200mm thick in the State Of Maharashtra on EPC Mode,,NHAI,,Maharashtra,2025-03,2025-06,2026-06,2026-10,,254.78,0.0,119.17,77.0,2026-08,FlashReport_August_2026.pdf,120,"{""approval"": ""03/2025"", ""start"": ""(06/2025)"", ""actual"": null, ""original"": ""06/2026"", ""revised"": ""(10/2026)""}","{""original"": ""254.78"", ""revised"": ""0.00"", ""expenditure"": ""119.17""}"
618588,4L Mitigation Measure structures on CH/MH Border to Wainganga Bridge Section of NH-6 New NH-53,,NHAI,,Maharashtra,2021-02,2021-11,2023-11,2026-10,,540.24,0.0,464.37,99.79,2026-08,FlashReport_August_2026.pdf,120,"{""approval"": ""02/2021"", ""start"": ""(11/2021)"", ""actual"": null, ""original"": ""11/2023"", ""revised"": ""(10/2026)""}","{""original"": ""540.24"", ""revised"": ""0.00"", ""expenditure"": ""464.37""}"
618594,Balance work of 4L Panvel to Indapur section of NH-66 Old NH- 17 from km 0.000 Panvel to km 42.300 Kasu,,NHAI,,Maharashtra,2022-12,2023-03,2024-10,2026-09,,329.82,0.0,188.13,98.66,2026-08,FlashReport_August_2026.pdf,120,"{""approval"": ""12/2022"", ""start"": ""(03/2023)"", ""actual"": null, ""original"": ""10/2024"", ""revised"": ""(09/2026)""}","{""original"": ""329.82"", ""revised"": ""0.00"", ""expenditure"": ""188.13""}"
618626,Four laning from Dive Ghat Km. 220.900 to Hadapsar Km. 234.150 of Mohol Alandi section Pkg VI of NH-965,,NHAI,,Maharashtra,2023-12,2024-10,2026-10,2027-04,,819.52,0.0,141.56,70.01,2026-08,FlashReport_August_2026.pdf,120,"{""approval"": ""12/2023"", ""start"": ""(10/2024)"", ""actual"": null, ""original"": ""10/2026"", ""revised"": ""(04/2027)""}","{""original"": ""819.52"", ""revised"": ""0.00"", ""expenditure"": ""141.56""}"
618627,Construction of 7 Nos of Standalone safety structures/works at different locations on various NHs,,NHAI,,Maharashtra,2025-01,2025-07,2027-01,2027-01,,168.52,0.0,38.33,33.35,2026-08,FlashReport_August_2026.pdf,120,"{""approval"": ""01/2025"", ""start"": ""(07/2025)"", ""actual"": null, ""original"": ""01/2027"", ""revised"": ""(01/2027)""}","{""original"": ""168.52"", ""revised"": ""0.00"", ""expenditure"": ""38.33""}"
618628,Strengthening of Existing Alignment of Pandharpur Town Part Bypassed Section of NH 965 from KM 36.230 to KM 44.230 from Chh. Shivaji Maharaj Chowk to Wakhari,,NHAI,,Maharashtra,2022-08,2023-11,2025-10,2027-03,,150.21,0.0,80.94,69.25,2026-08,FlashReport_August_2026.pdf,120,"{""approval"": ""08/2022"", ""start"": ""(11/2023)"", ""actual"": null, ""original"": ""10/2025"", ""revised"": ""(03/2027)""}","{""original"": ""150.21"", ""revised"": ""0.00"", ""expenditure"": ""80.94""}"
618653,Loha-Waranga Section of NH-361 from km 187.800 to km 244.369,,NHAI,,Maharashtra,2018-03,2019-03,2021-03,2026-12,,1236.08,0.0,1557.02,96.22,2026-08,FlashReport_August_2026.pdf,120,"{""approval"": ""03/2018"", ""start"": ""(03/2019)"", ""actual"": null, ""original"": ""03/2021"", ""revised"": ""(12/2026)""}","{""original"": ""1,236.08"", ""revised"": ""0.00"", ""expenditure"": ""1,557.02""}"
618693,Bodhre - Dhule,,NHAI,,Maharashtra,2021-02,2022-01,2024-07,2026-10,,1344.78,0.0,838.04,97.69,2026-08,FlashReport_August_2026.pdf,120,"{""approval"": ""02/2021"", ""start"": ""(01/2022)"", ""actual"": null, ""original"": ""07/2024"", ""revised"": ""(10/2026)""}","{""original"": ""1,344.78"", ""revised"": ""0.00"", ""expenditure"": ""838.04""}"
618754,Upgradation of 2L/4L with Paved Shoulder of Shirwal-Lonand Section from KM 159900 To KM 188025 of NH-965DD Section I and 2L With Paved Shoulder of Lonand-Satara Section from KM 51500 To KM 96246 Of NH-965D Section II in Satara District in the State of Maharashtra on EPC Mode under NHO-,,NHAI,,Maharashtra,2025-03,2025-06,2027-06,2027-06,,538.11,0.0,189.06,43.57,2026-08,FlashReport_August_2026.pdf,120,"{""approval"": ""03/2025"", ""start"": ""(06/2025)"", ""actual"": null, ""original"": ""06/2027"", ""revised"": ""(06/2027)""}","{""original"": ""538.11"", ""revised"": ""0.00"", ""expenditure"": ""189.06""}"
618766,Up-gradation to Four Lane with Paved Shoulder configuration of the highway starting from existing km 88.400 Savali Vihir to km 163.400 start of Ahmednagar bypass Design Length 75.000 km section of NH-160 in the State of Maharashtra under Bharatmala Pariyojana on EPC Mode,,NHAI,,Maharashtra,2024-10,2025-04,2027-04,2027-04,,862.0,0.0,327.05,48.55,2026-08,FlashReport_August_2026.pdf,120,"{""approval"": ""10/2024"", ""start"": ""(04/2025)"", ""actual"": null, ""original"": ""04/2027"", ""revised"": ""(04/2027)""}","{""original"": ""862.00"", ""revised"": ""0.00"", ""expenditure"": ""327.05""}"
618836,4L of Ratnagiri - Kolhapur section from km 67.140 to km 112.340 of NH-166 Pkg II,,NHAI,,Maharashtra,2022-02,2023-05,2025-05,2027-01,,1985.38,0.0,1239.81,81.57,2026-08,FlashReport_August_2026.pdf,121,"{""approval"": ""02/2022"", ""start"": ""(05/2023)"", ""actual"": null, ""original"": ""05/2025"", ""revised"": ""(01/2027)""}","{""original"": ""1,985.38"", ""revised"": ""0.00"", ""expenditure"": ""1,239.81""}"
618837,4L of Ratnagiri - Kolhapur section from km 112.340 to km 145.300 of NH-166 PkgIII,,NHAI,,Maharashtra,2022-02,2023-05,2025-05,2027-01,,1939.23,0.0,1092.06,68.95,2026-08,FlashReport_August_2026.pdf,121,"{""approval"": ""02/2022"", ""start"": ""(05/2023)"", ""actual"": null, ""original"": ""05/2025"", ""revised"": ""(01/2027)""}","{""original"": ""1,939.23"", ""revised"": ""0.00"", ""expenditure"": ""1,092.06""}"
618937,4L of Nagpur-Katol Section from Km. 13.00 to Km. 62.900 of NH-353J,,NHAI,,Maharashtra,2021-02,2021-10,2023-10,2027-03,,1166.96,0.0,1181.44,81.54,2026-08,FlashReport_August_2026.pdf,121,"{""approval"": ""02/2021"", ""start"": ""(10/2021)"", ""actual"": null, ""original"": ""10/2023"", ""revised"": ""(03/2027)""}","{""original"": ""1,166.96"", ""revised"": ""0.00"", ""expenditure"": ""1,181.44""}"
618939,Construction of Standalone Flyover cum ROB from Design Ch.66.600 to Design Ch.68.800 in Gadchandur Town on NH-353B,,NHAI,,Maharashtra,2025-02,2025-07,2027-07,2027-07,,191.31,0.0,40.01,40.08,2026-08,FlashReport_August_2026.pdf,121,"{""approval"": ""02/2025"", ""start"": ""(07/2025)"", ""actual"": null, ""original"": ""07/2027"", ""revised"": ""(07/2027)""}","{""original"": ""191.31"", ""revised"": ""0.00"", ""expenditure"": ""40.01""}"
619008,Rehabilitation and Up gradation of Charthana Jintur Section of NH 752 I Km 25100 to 47100 to 2 Lane with Paved Shoulder configuration Flexible Pavement in the state of Maharashtra on EPC mode. Reg- Resubmission of Annual Plan Estimate.,,MoRTH,,Maharashtra,2025-03,2026-01,2027-07,2027-07,,157.69,0.0,61.9,85.0,2026-08,FlashReport_August_2026.pdf,121,"{""approval"": ""03/2025"", ""start"": ""(01/2026)"", ""actual"": null, ""original"": ""07/2027"", ""revised"": ""(07/2027)""}","{""original"": ""157.69"", ""revised"": ""0.00"", ""expenditure"": ""61.90""}"
619042,"Construction of six lane Flyover at Katraj junction at Km, 3/880 of NH 548-DD Vadgaon - Katraj - Kondhwa - Mantarwadi Chowk - Loni Kalbhor - Theur Phata - Lonikand Road in Pune Dist of the State of Maharashtra. On Engineering Procurement and construction EPC Basis mode L.1.326 Km,",,MoRTH,,Maharashtra,2021-02,2022-03,2026-02,2023-02,,163.51,0.0,108.55,89.2,2026-08,FlashReport_August_2026.pdf,121,"{""approval"": ""02/2021"", ""start"": ""(03/2022)"", ""actual"": null, ""original"": ""02/2026"", ""revised"": ""(02/2023)""}","{""original"": ""163.51"", ""revised"": ""0.00"", ""expenditure"": ""108.55""}"
619043,Capacity Augmentation in the stretch of DhulePimpalgaon section of NH60 Km. 261.720 to Km. 380.000 by Construction of Slip/Service Road on either side at various locations total length 30.30 Km LHSRHS and Flyover 2 x 30m at Sawadgaon Phata Km. 310.415,,NHAI,,Maharashtra,2025-12,2026-04,2026-10,2027-10,,341.63,0.0,10.9,5.1,2026-08,FlashReport_August_2026.pdf,121,"{""approval"": ""12/2025"", ""start"": ""(04/2026)"", ""actual"": null, ""original"": ""10/2026"", ""revised"": ""(10/2027)""}","{""original"": ""341.63"", ""revised"": ""0.00"", ""expenditure"": ""10.90""}"
619069,Satara Km 725.000 to Pune Km 865.350 of NH - 4 New NH - 48 in Maharashtra,,NHAI,,Maharashtra,2009-09,2010-10,2022-05,2026-12,,361.72,0.0,387.34,99.05,2026-08,FlashReport_August_2026.pdf,121,"{""approval"": ""09/2009"", ""start"": ""(10/2010)"", ""actual"": null, ""original"": ""05/2022"", ""revised"": ""(12/2026)""}","{""original"": ""361.72"", ""revised"": ""0.00"", ""expenditure"": ""387.34""}"
619095,Balance works of 4L Panvel Indapur section of NH66 old NH17 from km 42.300 kasu to km 84.600 Indapur,,NHAI,,Maharashtra,2022-06,2022-11,2024-05,2026-09,,546.44,0.0,420.99,96.73,2026-08,FlashReport_August_2026.pdf,121,"{""approval"": ""06/2022"", ""start"": ""(11/2022)"", ""actual"": null, ""original"": ""05/2024"", ""revised"": ""(09/2026)""}","{""original"": ""546.44"", ""revised"": ""0.00"", ""expenditure"": ""420.99""}"
619149,4L of Ratnagiri - Kolhapur section of NH-166 from km 0.000 to km 19.769 and km 31.000 to km 67.140 Pkg I,,NHAI,,Maharashtra,2022-02,2022-11,2024-11,2026-11,,1774.03,0.0,1444.74,97.4,2026-08,FlashReport_August_2026.pdf,121,"{""approval"": ""02/2022"", ""start"": ""(11/2022)"", ""actual"": null, ""original"": ""11/2024"", ""revised"": ""(11/2026)""}","{""original"": ""1,774.03"", ""revised"": ""0.00"", ""expenditure"": ""1,444.74""}"
619163,4L of Baramati to Indapur Pkg-II from km. 41.400 to km. 84.550 of NH-965G Saint Tukaram Marg,,NHAI,,Maharashtra,2021-01,2021-09,2023-09,2026-12,,1471.32,0.0,1071.02,86.2,2026-08,FlashReport_August_2026.pdf,121,"{""approval"": ""01/2021"", ""start"": ""(09/2021)"", ""actual"": null, ""original"": ""09/2023"", ""revised"": ""(12/2026)""}","{""original"": ""1,471.32"", ""revised"": ""0.00"", ""expenditure"": ""1,071.02""}"
619198,Vadodara Mumbai Expressway Phase II - Pkg XII [Km. 50.700 to Km. 77.000] Masvan - Ganjad,,NHAI,,Maharashtra,2020-08,2022-03,2024-03,2026-08,,1711.38,0.0,979.42,99.87,2026-08,FlashReport_August_2026.pdf,121,"{""approval"": ""08/2020"", ""start"": ""(03/2022)"", ""actual"": null, ""original"": ""03/2024"", ""revised"": ""(08/2026)""}","{""original"": ""1,711.38"", ""revised"": ""0.00"", ""expenditure"": ""979.42""}"
619203,Vadape to Thane from km 539.202 to km 563.000 section of NH-3 new NH-848,,NHAI,,Maharashtra,2018-03,2019-01,2021-07,2026-10,,1252.92,0.0,491.86,87.0,2026-08,FlashReport_August_2026.pdf,121,"{""approval"": ""03/2018"", ""start"": ""(01/2019)"", ""actual"": null, ""original"": ""07/2021"", ""revised"": ""(10/2026)""}","{""original"": ""1,252.92"", ""revised"": ""0.00"", ""expenditure"": ""491.86""}"
619204,"Capacity Augmentation in the stretch of Pimpri Sado Vadape section of NH848 Km. 460900 to Km. 537000 by Construction of Slip/Service Road on either side at various locations total length 25.140 Km LHSRHS, Flyover 2 x 25m at Borivali Junction Km. 528550 & LVUP 1 x 15m at Sherekarpada Km. 528800",,NHAI,,Maharashtra,2025-12,2026-04,2027-10,2027-10,,372.03,0.0,1.5,1.0,2026-08,FlashReport_August_2026.pdf,121,"{""approval"": ""12/2025"", ""start"": ""(04/2026)"", ""actual"": null, ""original"": ""10/2027"", ""revised"": ""(10/2027)""}","{""original"": ""372.03"", ""revised"": ""0.00"", ""expenditure"": ""1.50""}"
619210,Dharampuri-Lonand from km. 117.00 to 166.40 Pkg-IV on Mohol-Alandi Section,,NHAI,,Maharashtra,2021-01,2021-09,2023-09,2026-09,,1411.71,0.0,1474.29,97.4,2026-08,FlashReport_August_2026.pdf,121,"{""approval"": ""01/2021"", ""start"": ""(09/2021)"", ""actual"": null, ""original"": ""09/2023"", ""revised"": ""(09/2026)""}","{""original"": ""1,411.71"", ""revised"": ""0.00"", ""expenditure"": ""1,474.29""}"
619263,Rehabilitation and upgradation of Wardha Salod Hirapur - Pulgaon Section of NH 347A from km 134/283 to Km 159/075 [Design Chainage Km 0000 to Km 24792] to two Lanes with paved shoulder configuration in the state of Maharashtra on EPC mode.,,MoRTH,,Maharashtra,2025-03,2026-07,2027-12,,,252.95,0.0,0.05,0.0,2026-08,FlashReport_August_2026.pdf,121,"{""approval"": ""03/2025"", ""start"": ""(07/2026)"", ""actual"": null, ""original"": ""12/2027"", ""revised"": ""(-)""}","{""original"": ""252.95"", ""revised"": ""0.00"", ""expenditure"": ""0.05""}"
619298,Construction of 6 Lane Elevated corridor from KM 612582 to KM 617540 including construction of Service Roads in Kolhapur City on NH -48 in the State of Maharashtra on EPC mode under NHO,,NHAI,,Maharashtra,2026-02,2026-06,2029-06,2029-06,,1039.0,0.0,0.06,0.0,2026-08,FlashReport_August_2026.pdf,121,"{""approval"": ""02/2026"", ""start"": ""(06/2026)"", ""actual"": null, ""original"": ""06/2029"", ""revised"": ""(06/2029)""}","{""original"": ""1,039.00"", ""revised"": ""0.00"", ""expenditure"": ""0.06""}"
619299,Construction of a 6-Lane Elevated Corridor from Km 593766 to Km 596620 Including Construction of Service Roads in Kagal City on NH-48 in the State of Maharashtra on EPC Mode.,,NHAI,,Maharashtra,2026-03,2026-06,2028-06,2028-06,,357.99,0.0,0.08,0.0,2026-08,FlashReport_August_2026.pdf,121,"{""approval"": ""03/2026"", ""start"": ""(06/2026)"", ""actual"": null, ""original"": ""06/2028"", ""revised"": ""(06/2028)""}","{""original"": ""357.99"", ""revised"": ""0.00"", ""expenditure"": ""0.08""}"
619300,Construction of Four Lane Nagpur-Katol section of NH-353J including Mitigation Structures from Design Ch. 37000 to Ch. 45990 Tiger Corridor-I Mitigation Structures from Design Ch. 37000 to Ch. 45990 Tiger Corridor-I in the State of Maharashtra on EPC Mode,,NHAI,,Maharashtra,2026-01,2026-06,2027-12,2027-12,,300.68,0.0,0.0,0.0,2026-08,FlashReport_August_2026.pdf,122,"{""approval"": ""01/2026"", ""start"": ""(06/2026)"", ""actual"": null, ""original"": ""12/2027"", ""revised"": ""(12/2027)""}","{""original"": ""300.68"", ""revised"": ""0.00"", ""expenditure"": ""0.00""}"
618298,Widening/Improvement of existing 2-Lane road to 4-Lane Divided Highway from Sekmai to Nilakuthi section of Imphal-Kohima Road Design Chainage from Km 297700 to Km 308729 of NH-39 New NH-02 in state of Manipur on EPC mode Pkg-5B,,NHIDCL,,Manipur,2021-03,2021-07,2023-01,2026-09,,211.7,0.0,272.3,95.48,2026-08,FlashReport_August_2026.pdf,122,"{""approval"": ""03/2021"", ""start"": ""(07/2021)"", ""actual"": null, ""original"": ""01/2023"", ""revised"": ""(09/2026)""}","{""original"": ""211.70"", ""revised"": ""0.00"", ""expenditure"": ""272.30""}"
618299,Improvement/Up-gradation of existing 2-Lane Road to 4-Lane Divided Highway from Daili to Kuraopokpi section of Imphal-Kohima road NH-02 Design Chainage from Km 274610 to Km 287000 in the state of Manipur on EPC mode Pkg-4B,,NHIDCL,,Manipur,2020-09,2024-12,2026-06,2027-01,,268.98,0.0,210.28,58.7,2026-08,FlashReport_August_2026.pdf,122,"{""approval"": ""09/2020"", ""start"": ""(12/2024)"", ""actual"": null, ""original"": ""06/2026"", ""revised"": ""(01/2027)""}","{""original"": ""268.98"", ""revised"": ""0.00"", ""expenditure"": ""210.28""}"
618300,Improvement/Up-gradation of existing 2-Lane Road to 4-Lane Divided Highway from Taphukuki to Daili section of Imphal-Kohima road NH-02 Design Chainage from Km 262175 to Km 274610 in the state of Manipur on EPC mode Pkg-4A,,NHIDCL,,Manipur,2020-09,2020-10,2022-04,2026-12,,379.39,0.0,314.73,91.39,2026-08,FlashReport_August_2026.pdf,122,"{""approval"": ""09/2020"", ""start"": ""(10/2020)"", ""actual"": null, ""original"": ""04/2022"", ""revised"": ""(12/2026)""}","{""original"": ""379.39"", ""revised"": ""0.00"", ""expenditure"": ""314.73""}"
618301,Widening/Improvement of existing 2-lane to 4-Lane Divided Highway from Kuraopokpi to Sekmai section of Imphal-Kohima Road Design Ch. km 287.00 to 297.700 of NH-39 New NH-02 in state of Manipur on EPC mode Pkg-5A,,NHIDCL,,Manipur,2020-09,2025-02,2026-08,2026-12,,228.97,0.0,143.26,48.36,2026-08,FlashReport_August_2026.pdf,122,"{""approval"": ""09/2020"", ""start"": ""(02/2025)"", ""actual"": null, ""original"": ""08/2026"", ""revised"": ""(12/2026)""}","{""original"": ""228.97"", ""revised"": ""0.00"", ""expenditure"": ""143.26""}"
618302,Widening/Improvement to 2-lane with earthen shoulder of Yaingangpokpi - Finch corner road section of NH-202 from Km 16.900 to Km 30.970 of NH-202 in the state of Manipur on EPC mode Package-2,,NHIDCL,,Manipur,2020-03,2020-07,2022-06,2026-10,,256.04,0.0,195.0,98.12,2026-08,FlashReport_August_2026.pdf,122,"{""approval"": ""03/2020"", ""start"": ""(07/2020)"", ""actual"": null, ""original"": ""06/2022"", ""revised"": ""(10/2026)""}","{""original"": ""256.04"", ""revised"": ""0.00"", ""expenditure"": ""195.00""}"
618303,Widening/Improvement to 2-lane with earthen shoulder of Yaingangpokpi - Finch corner road section of NH-202 from Km 0.000 to Km 16.900 of NH-202 in the state of Manipur on EPC mode Package-1,,NHIDCL,,Manipur,2020-03,2020-07,2022-06,2026-10,,222.77,0.0,140.9,88.96,2026-08,FlashReport_August_2026.pdf,122,"{""approval"": ""03/2020"", ""start"": ""(07/2020)"", ""actual"": null, ""original"": ""06/2022"", ""revised"": ""(10/2026)""}","{""original"": ""222.77"", ""revised"": ""0.00"", ""expenditure"": ""140.90""}"
618304,"Widening/Improvement to 2 Lane with earthen shoulder of Jessami to Laynen bridge Nagaland border section of NH-29 of Imphal -Ukhrul - Jessami Economic Corridor from km 0.000 to km 11.009 in the State of Manipur on EPC mode under Bharatmala Pariyojana, under NHO-NE Package-7",,NHIDCL,,Manipur,2023-03,2024-12,2026-06,2027-02,,164.89,0.0,132.28,31.23,2026-08,FlashReport_August_2026.pdf,122,"{""approval"": ""03/2023"", ""start"": ""(12/2024)"", ""actual"": null, ""original"": ""06/2026"", ""revised"": ""(02/2027)""}","{""original"": ""164.89"", ""revised"": ""0.00"", ""expenditure"": ""132.28""}"
618305,Widening/Improvement to 2 lane with earthen shoulder of Marrem Khullen to Jessami section of NH-202 of Imphal - Ukhrul - Jessami Economic Corridor from Design Chainage km 95.700 to km 140.180 in the State of Manipur on EPC mode under Bharatmala Pariyojana under NHO-NE Package-6,,NHIDCL,,Manipur,2023-03,2024-12,2026-12,2027-08,,554.66,0.0,230.0,27.34,2026-08,FlashReport_August_2026.pdf,122,"{""approval"": ""03/2023"", ""start"": ""(12/2024)"", ""actual"": null, ""original"": ""12/2026"", ""revised"": ""(08/2027)""}","{""original"": ""554.66"", ""revised"": ""0.00"", ""expenditure"": ""230.00""}"
618306,"Widening/Improvement to 2 lane with earthen shoulder of Choithar to Marrem Khullen section of NH-202 of Imphal Ukhrul Jessami Economic Corridor from Design Chainage km 53.110 to km 95.700 in the State of Manipur on EPC mode under Bharatmala Pariyojana, under NHO-NE Package-5",,NHIDCL,,Manipur,2023-03,2025-05,2027-03,2027-08,,564.05,0.0,173.58,14.5,2026-08,FlashReport_August_2026.pdf,122,"{""approval"": ""03/2023"", ""start"": ""(05/2025)"", ""actual"": null, ""original"": ""03/2027"", ""revised"": ""(08/2027)""}","{""original"": ""564.05"", ""revised"": ""0.00"", ""expenditure"": ""173.58""}"
618333,Widening to 2 lane with Paved shoulder of lmphal to Jiribam section of NH-37 from Design Ch. from km 169570 Near Nungkao vlllage under Tamenglong District to km 205974 near Jiribam Bridge under Jiribam district under NHO-NE PKG-7,,NHIDCL,,Manipur,2023-01,2023-12,2025-12,2026-12,,760.16,0.0,428.17,92.52,2026-08,FlashReport_August_2026.pdf,122,"{""approval"": ""01/2023"", ""start"": ""(12/2023)"", ""actual"": null, ""original"": ""12/2025"", ""revised"": ""(12/2026)""}","{""original"": ""760.16"", ""revised"": ""0.00"", ""expenditure"": ""428.17""}"
618334,Widening to 2 Lane with Paved shoulder of lmphal to Jiribam section of NH-37 from Design Ch. from km 131.280 to km 169.570 on EPC mode in Manipur under NHO- TSP PKG-6,,NHIDCL,,Manipur,2021-12,2023-02,2025-02,2026-12,,504.76,0.0,328.0,95.2,2026-08,FlashReport_August_2026.pdf,122,"{""approval"": ""12/2021"", ""start"": ""(02/2023)"", ""actual"": null, ""original"": ""02/2025"", ""revised"": ""(12/2026)""}","{""original"": ""504.76"", ""revised"": ""0.00"", ""expenditure"": ""328.00""}"
618335,Widening to 2 Lane with Paved shoulder of lmphal to Jiribam section of NH-37 from Design Ch. from Km 101280 Near Khongsang Village to Km 131280 near Puilon Kambiron Village on EPC Mode in Manipur PKG-5,,NHIDCL,,Manipur,2021-12,2022-11,2024-05,2026-12,,410.68,0.0,386.28,91.02,2026-08,FlashReport_August_2026.pdf,122,"{""approval"": ""12/2021"", ""start"": ""(11/2022)"", ""actual"": null, ""original"": ""05/2024"", ""revised"": ""(12/2026)""}","{""original"": ""410.68"", ""revised"": ""0.00"", ""expenditure"": ""386.28""}"
618336,Widening to 2 -Lane with Paved shoulder of Imphal to Jiribam section of NH-37 from Design Chainage 66.110 km to 101.280 Km Existing Chainage km 67.496 to km 103.557 on EPC Mode in Manipur PKG-4,,NHIDCL,,Manipur,2021-09,2022-06,2023-12,2026-12,,579.63,0.0,408.21,86.53,2026-08,FlashReport_August_2026.pdf,122,"{""approval"": ""09/2021"", ""start"": ""(06/2022)"", ""actual"": null, ""original"": ""12/2023"", ""revised"": ""(12/2026)""}","{""original"": ""579.63"", ""revised"": ""0.00"", ""expenditure"": ""408.21""}"
618338,Widening to 2-Lane with Paved shoulder of Imphal to Jiribam section of NH-37 from Design Chainage 15.940 km to 33.120 Km Existing Chainage Km 15.946 to Km 33.395 Total length17.180 Km in the State of Manipur on EPC mode PKG-2 - Balance Works & Rectification works,,NHIDCL,,Manipur,2021-03,2025-03,2026-03,2026-10,,195.14,0.0,162.73,93.22,2026-08,FlashReport_August_2026.pdf,122,"{""approval"": ""03/2021"", ""start"": ""(03/2025)"", ""actual"": null, ""original"": ""03/2026"", ""revised"": ""(10/2026)""}","{""original"": ""195.14"", ""revised"": ""0.00"", ""expenditure"": ""162.73""}"
618344,Widening to 2-lane with Hard shoulder of Churachandpur to Tuivai Section of NH- 102B from Design Chainage 69.875 Km to 121.769 Km in the State of Manipur on EPC mode Package-3,,NHIDCL,,Manipur,2021-03,2021-08,2023-08,2026-12,,673.27,0.0,563.39,85.84,2026-08,FlashReport_August_2026.pdf,123,"{""approval"": ""03/2021"", ""start"": ""(08/2021)"", ""actual"": null, ""original"": ""08/2023"", ""revised"": ""(12/2026)""}","{""original"": ""673.27"", ""revised"": ""0.00"", ""expenditure"": ""563.39""}"
618345,Widening to 2-lane with Hard shoulder of Churachandpur to Tuivai Section from Km 48.587 to Km 69.875 in the State of Manipur on EPC mode under NHO Package-2B,,NHIDCL,,Manipur,2020-06,2020-08,2022-08,2026-10,,365.53,0.0,198.73,88.2,2026-08,FlashReport_August_2026.pdf,123,"{""approval"": ""06/2020"", ""start"": ""(08/2020)"", ""actual"": null, ""original"": ""08/2022"", ""revised"": ""(10/2026)""}","{""original"": ""365.53"", ""revised"": ""0.00"", ""expenditure"": ""198.73""}"
618346,Widening to 2-lane with Hard shoulder of Churachandpur to Tuivai Section of NH- 102B from km 32.835 to km 48.587 in the State of Manipur on EPC mode under NHO Package-2A,,NHIDCL,,Manipur,2020-04,2020-07,2022-06,2026-09,,232.99,0.0,155.44,100.0,2026-08,FlashReport_August_2026.pdf,123,"{""approval"": ""04/2020"", ""start"": ""(07/2020)"", ""actual"": null, ""original"": ""06/2022"", ""revised"": ""(09/2026)""}","{""original"": ""232.99"", ""revised"": ""0.00"", ""expenditure"": ""155.44""}"
618348,Balance work of Widening to 2 Two lane with hard shoulder of Churachandpur to Tuivai section of NH-102B from km 130.000 to km 141.029 Package-4B in the State of Manipur on EPC Mode,,NHIDCL,,Manipur,2020-06,2025-11,2026-11,2026-11,,177.76,0.0,100.95,14.63,2026-08,FlashReport_August_2026.pdf,123,"{""approval"": ""06/2020"", ""start"": ""(11/2025)"", ""actual"": null, ""original"": ""11/2026"", ""revised"": ""(11/2026)""}","{""original"": ""177.76"", ""revised"": ""0.00"", ""expenditure"": ""100.95""}"
618349,Balance work of Widening to 2 Two lane with hard shoulder of Churachandpur to Tuivai section of NH-102B from Design Chainage km 118850 to km 130000 Package- 4A in the State of Manipur on EPC Mode,,NHIDCL,,Manipur,2020-04,2025-08,2026-08,2026-11,,204.12,0.0,115.96,26.53,2026-08,FlashReport_August_2026.pdf,123,"{""approval"": ""04/2020"", ""start"": ""(08/2025)"", ""actual"": null, ""original"": ""08/2026"", ""revised"": ""(11/2026)""}","{""original"": ""204.12"", ""revised"": ""0.00"", ""expenditure"": ""115.96""}"
618355,"Construction of of 2 -Lane with paved shoulders road from Tamenglong-Tousem- Lisang-Mahur Road NH-137 starting near Dialong Village from km 10.000 at Dialong to km 31.430 near Old Tamenglong , near Barak River on EPC Mode Package-2",,NHIDCL,,Manipur,2021-07,2021-09,2023-03,2026-03,,483.87,0.0,375.87,95.28,2026-08,FlashReport_August_2026.pdf,123,"{""approval"": ""07/2021"", ""start"": ""(09/2021)"", ""actual"": null, ""original"": ""03/2023"", ""revised"": ""(03/2026)""}","{""original"": ""483.87"", ""revised"": ""0.00"", ""expenditure"": ""375.87""}"
618356,Construction of 2 -Lane with paved shoulders road from Tamenglong to Mahur in the state of Manipur from km 31.430 at Old Tamenglong to km 43.480 ending near Phelong on EPC Mode Package-3,,NHIDCL,,Manipur,2021-03,2021-06,2022-12,2026-04,,234.08,0.0,201.13,98.5,2026-08,FlashReport_August_2026.pdf,123,"{""approval"": ""03/2021"", ""start"": ""(06/2021)"", ""actual"": null, ""original"": ""12/2022"", ""revised"": ""(04/2026)""}","{""original"": ""234.08"", ""revised"": ""0.00"", ""expenditure"": ""201.13""}"
618357,Construction of 2 -Lane with paved shoulders road from Tamenglong to Mahur NH- 137 in Manipur starting from km 54.180 near Azuram to km 80.630 near Mandeu on EPC Mode Package 5,,NHIDCL,,Manipur,2021-09,2021-11,2023-05,2026-01,,477.86,0.0,330.13,84.87,2026-08,FlashReport_August_2026.pdf,123,"{""approval"": ""09/2021"", ""start"": ""(11/2021)"", ""actual"": null, ""original"": ""05/2023"", ""revised"": ""(01/2026)""}","{""original"": ""477.86"", ""revised"": ""0.00"", ""expenditure"": ""330.13""}"
618358,Construction of 2 -Lane with paved shoulders road from Tamenglong to Mahur NH- 137 starting from km 80.630 near Mandeu to km 96.870 near Jiri River on EPC Mode Package-6,,NHIDCL,,Manipur,2021-09,2021-11,2023-05,2025-12,,311.18,0.0,231.08,87.42,2026-08,FlashReport_August_2026.pdf,123,"{""approval"": ""09/2021"", ""start"": ""(11/2021)"", ""actual"": null, ""original"": ""05/2023"", ""revised"": ""(12/2025)""}","{""original"": ""311.18"", ""revised"": ""0.00"", ""expenditure"": ""231.08""}"
618387,Construction of 2-laning with Hard shoulder of Ukhrul Tolloi - Tadubi section of NH- 102A from Design Chainage km 9450 to km 50850 in the State of Manipur on EPC mode under NHO-NE Package-2,,NHIDCL,,Manipur,2023-03,2024-03,2026-03,2026-12,,578.98,0.0,283.36,80.75,2026-08,FlashReport_August_2026.pdf,123,"{""approval"": ""03/2023"", ""start"": ""(03/2024)"", ""actual"": null, ""original"": ""03/2026"", ""revised"": ""(12/2026)""}","{""original"": ""578.98"", ""revised"": ""0.00"", ""expenditure"": ""283.36""}"
618388,Construction of 2-laning with Hard shoulder road of Ukhrul - Tolloi - Tadubi section of NH-102A from Design Chainage 50.850 km to 81.870 km in the State of Manipur on EPC mode under NHO-TSP Package -3,,NHIDCL,,Manipur,2021-09,2023-07,2025-01,2026-12,,315.56,0.0,257.41,94.5,2026-08,FlashReport_August_2026.pdf,123,"{""approval"": ""09/2021"", ""start"": ""(07/2023)"", ""actual"": null, ""original"": ""01/2025"", ""revised"": ""(12/2026)""}","{""original"": ""315.56"", ""revised"": ""0.00"", ""expenditure"": ""257.41""}"
618389,Construction of 2-laning with Hard shoulder road of Ukhrul - Tolloi - Tadubi section of NH-102A from Design Chainage 81.870 km to 105.825 km in the State of Manipur on EPC mode under NHO-TSP Package -4,,NHIDCL,,Manipur,2021-09,2022-08,2024-02,2026-10,,310.76,0.0,287.73,97.0,2026-08,FlashReport_August_2026.pdf,123,"{""approval"": ""09/2021"", ""start"": ""(08/2022)"", ""actual"": null, ""original"": ""02/2024"", ""revised"": ""(10/2026)""}","{""original"": ""310.76"", ""revised"": ""0.00"", ""expenditure"": ""287.73""}"
618415,"Improvement of existing road to 2 laning with Hard Shoulders of Maram-Peren section Package-1B, length- 17.660 km from Design Chainage 22.340 km to 40.000 km on NH-129A in the State of Manipur on EPC mode",,NHIDCL,,Manipur,2021-02,2021-06,2022-12,2026-03,,188.36,0.0,0.0,100.0,2026-08,FlashReport_August_2026.pdf,123,"{""approval"": ""02/2021"", ""start"": ""(06/2021)"", ""actual"": null, ""original"": ""12/2022"", ""revised"": ""(03/2026)""}","{""original"": ""188.36"", ""revised"": ""0.00"", ""expenditure"": ""0.00""}"
618416,"Improvement of existing road to 2 laning with Hard Shoulders of Maram -Peren section Package-1A, length- 22.340Km from Design Chainage 0.000 km to 22.340 km on NH-129A in the State of Manipur on EPC mode",,NHIDCL,,Manipur,2021-02,2021-06,2022-12,2027-03,,226.32,0.0,190.19,75.08,2026-08,FlashReport_August_2026.pdf,123,"{""approval"": ""02/2021"", ""start"": ""(06/2021)"", ""actual"": null, ""original"": ""12/2022"", ""revised"": ""(03/2027)""}","{""original"": ""226.32"", ""revised"": ""0.00"", ""expenditure"": ""190.19""}"
617885,Rehabilitation and Up-gradation of Nongstoin Wahkaji section of Project Road Km 0000 to Km 43060 to Intermediate Lane with earthern shoulder under SARDP-NE Phase-A in the State of Meghalaya on EPC mode. Job No- SARDP-NE ong-Don- Maw/MG/2020-21/294,,MoRTH,,Meghalaya,2020-08,2022-02,2023-08,2026-09,,302.88,0.0,232.62,99.62,2026-08,FlashReport_August_2026.pdf,123,"{""approval"": ""08/2020"", ""start"": ""(02/2022)"", ""actual"": null, ""original"": ""08/2023"", ""revised"": ""(09/2026)""}","{""original"": ""302.88"", ""revised"": ""0.00"", ""expenditure"": ""232.62""}"
618076,Improvement and Widening two lannig with paved Shoulder of NH 127B from km 31.500 Goeragre to km 63.224 Package-II in state of Meghalaya,,MoRTH,,Meghalaya,2023-12,2025-05,2027-05,,,504.0,0.0,75.72,4.5,2026-08,FlashReport_August_2026.pdf,123,"{""approval"": ""12/2023"", ""start"": ""(05/2025)"", ""actual"": null, ""original"": ""05/2027"", ""revised"": ""(-)""}","{""original"": ""504.00"", ""revised"": ""0.00"", ""expenditure"": ""75.72""}"
618294,Improvement and Widening of National Highway No. 127B Darugiri - Songsak - Williamnagar Junction Section to two lane with paved shoulder from design Km 0000 to Km 36635 Design length 36.635 Km existing Km 112000 to Km 151060 of NH-1278 under Bharatmala Pariyojana Lot-1 Pkg-1B Meghalaya portion,,NHIDCL,,Meghalaya,2023-03,2025-09,2027-09,2027-09,,801.07,0.0,186.68,27.76,2026-08,FlashReport_August_2026.pdf,124,"{""approval"": ""03/2023"", ""start"": ""(09/2025)"", ""actual"": null, ""original"": ""09/2027"", ""revised"": ""(09/2027)""}","{""original"": ""801.07"", ""revised"": ""0.00"", ""expenditure"": ""186.68""}"
618295,Improvement/Widening of New NH-217 Dainadubi-Darugiri section to Two lane with paved shoulder in Meghalaya from design Km 0000 to Km 40840 existing Km 8600 to Km 53000 of Old NH-62 under BMP Lot-1 Pkg-1B Meghalaya portion,,NHIDCL,,Meghalaya,2023-03,2025-03,2027-03,2027-03,,705.83,0.0,0.0,49.82,2026-08,FlashReport_August_2026.pdf,124,"{""approval"": ""03/2023"", ""start"": ""(03/2025)"", ""actual"": null, ""original"": ""03/2027"", ""revised"": ""(03/2027)""}","{""original"": ""705.83"", ""revised"": ""0.00"", ""expenditure"": ""0.00""}"
618374,Improvement/Widening to 2-L with Paved Shoulder/ 4-Laning of NH-40 section from Km 151330 to Km 163400 design Km 63.530 to Km 71.520 including Dawki Bridge of length 368 m between Shillong-Dawki under JICA ODA Loan assistance Phase-II Pkg- 5 -Balance work,,NHIDCL,,Meghalaya,2020-07,2024-05,2026-11,2026-11,,284.21,0.0,170.81,43.86,2026-08,FlashReport_August_2026.pdf,124,"{""approval"": ""07/2020"", ""start"": ""(05/2024)"", ""actual"": null, ""original"": ""11/2026"", ""revised"": ""(11/2026)""}","{""original"": ""284.21"", ""revised"": ""0.00"", ""expenditure"": ""170.81""}"
618375,Improvement/Widening to 2-Lane with Paved Shoulder from design Km 45.760 to Km 63.530 between Shillong-Dawki under JICA ODA Loan assistance Phase-II -Balance work Pkg-4,,NHIDCL,,Meghalaya,2020-07,2024-04,2026-04,2026-10,,445.51,0.0,42.39,53.85,2026-08,FlashReport_August_2026.pdf,124,"{""approval"": ""07/2020"", ""start"": ""(04/2024)"", ""actual"": null, ""original"": ""04/2026"", ""revised"": ""(10/2026)""}","{""original"": ""445.51"", ""revised"": ""0.00"", ""expenditure"": ""42.39""}"
618376,Improvement/Widening to 2-Lane with Paved Shoulder between Shillong-Dawki road up to Bangladesh Border from design Km 10.670 to Km 37.550 under JICA ODA Loan assistance Phase-II -Balance Work-Pkg-2,,NHIDCL,,Meghalaya,2020-07,2024-02,2026-08,2026-12,,525.67,0.0,0.0,53.22,2026-08,FlashReport_August_2026.pdf,124,"{""approval"": ""07/2020"", ""start"": ""(02/2024)"", ""actual"": null, ""original"": ""08/2026"", ""revised"": ""(12/2026)""}","{""original"": ""525.67"", ""revised"": ""0.00"", ""expenditure"": ""0.00""}"
618377,Improvement/Widening to 2-L with Paved Shoulder/4-L from Km 81740 to Km 93490 design Km 0000 to Km 10670 of NH-40 New NH-106 & 206 section & 4-L from design Km 0.00 to Km 0.930 of NH-44 section between Shillong-Dawki under JICA ODA Loan assistance Phase-II -Balance Work Pkg-1,,NHIDCL,,Meghalaya,2020-07,2023-10,2025-10,2026-06,,351.12,0.0,243.5,100.0,2026-08,FlashReport_August_2026.pdf,124,"{""approval"": ""07/2020"", ""start"": ""(10/2023)"", ""actual"": null, ""original"": ""10/2025"", ""revised"": ""(06/2026)""}","{""original"": ""351.12"", ""revised"": ""0.00"", ""expenditure"": ""243.50""}"
618418,Rehabilitation and up gradation of Nongstoin-Rambrai-Kyrshai road up to Meghalaya- Assam border from Km 0.335 to km 34.039 to 2-Lane under NHO - NE in the State of Meghalaya Package-1,,NHIDCL,,Meghalaya,2021-09,2022-05,2024-05,2027-03,,359.86,0.0,310.09,83.15,2026-08,FlashReport_August_2026.pdf,124,"{""approval"": ""09/2021"", ""start"": ""(05/2022)"", ""actual"": null, ""original"": ""05/2024"", ""revised"": ""(03/2027)""}","{""original"": ""359.86"", ""revised"": ""0.00"", ""expenditure"": ""310.09""}"
618419,"Construction of 2-Lane with paved shoulders of Shillong Western Bypass starting from NH-06 near Ladumsaw existing Km 60.900 of old NH40 to NH106 old NH 44E Package-III, from km 24700 to km 38256 under SARDP-NE PHASE A in the state of Meghalaya on EPC Mode Greenfield alignment",,NHIDCL,,Meghalaya,2023-03,2024-09,2026-09,2027-06,,562.48,0.0,340.17,52.29,2026-08,FlashReport_August_2026.pdf,124,"{""approval"": ""03/2023"", ""start"": ""(09/2024)"", ""actual"": null, ""original"": ""09/2026"", ""revised"": ""(06/2027)""}","{""original"": ""562.48"", ""revised"": ""0.00"", ""expenditure"": ""340.17""}"
618420,"Construction of 2 lane with paved shoulder of Shillong Western Bypass starting from NH-06 near Ladumsaw existing km 60.900 of old NH-40 to NH-106 old NH-44E, Package-II km 12800 to km 24700 under SARDP-NE Phase A in the State of Meghalaya on EPC Mode",,NHIDCL,,Meghalaya,2023-03,2024-09,2026-09,2027-06,,686.03,0.0,360.59,50.95,2026-08,FlashReport_August_2026.pdf,124,"{""approval"": ""03/2023"", ""start"": ""(09/2024)"", ""actual"": null, ""original"": ""09/2026"", ""revised"": ""(06/2027)""}","{""original"": ""686.03"", ""revised"": ""0.00"", ""expenditure"": ""360.59""}"
618421,"Construction of 2-Lane with paved shoulder of Shillong Western Bypass starting from NH-06 near Ladumsaw Existing km 60.900 of old NH-40 to NH106 old NH-44E, km 0000 to km 12800 Package-I under SARDP-NE PHASE A in the State of Meghalaya on EPC Mode Greenfield alignment",,NHIDCL,,Meghalaya,2023-03,2024-09,2026-09,2027-03,,620.3,0.0,332.96,75.41,2026-08,FlashReport_August_2026.pdf,124,"{""approval"": ""03/2023"", ""start"": ""(09/2024)"", ""actual"": null, ""original"": ""09/2026"", ""revised"": ""(03/2027)""}","{""original"": ""620.30"", ""revised"": ""0.00"", ""expenditure"": ""332.96""}"
618316,4-Laning of Vairengte - Chhimluang section Package-3 of NH-306 from Existing Chainage km 43000 to Km 59700 Design Chainage km 46000 to km 60850 on Silchar - Vairengte- Sairang road in the State of Mizoram under Bharatmala Pariyojna under NHO-NE. Package-1&2 in Assam state,,NHIDCL,,Mizoram,2021-12,2025-07,2027-01,2026-12,,491.39,0.0,245.24,17.86,2026-08,FlashReport_August_2026.pdf,124,"{""approval"": ""12/2021"", ""start"": ""(07/2025)"", ""actual"": null, ""original"": ""01/2027"", ""revised"": ""(12/2026)""}","{""original"": ""491.39"", ""revised"": ""0.00"", ""expenditure"": ""245.24""}"
618317,4-Laning of chhimluang-Kolasib from section pkg-4 of NH-306 & NH-6 existing chainage km 59700 to km 86000 design chainage km 61000 to km 77500 on Silchar- vairengte-sairang road in the state of Mizoram under Bharatmala Pariyojna on EPC mode Vairengte - Sairang Pkg-4,,NHIDCL,,Mizoram,2021-12,2025-07,2027-01,2026-12,,561.91,0.0,224.19,17.12,2026-08,FlashReport_August_2026.pdf,124,"{""approval"": ""12/2021"", ""start"": ""(07/2025)"", ""actual"": null, ""original"": ""01/2027"", ""revised"": ""(12/2026)""}","{""original"": ""561.91"", ""revised"": ""0.00"", ""expenditure"": ""224.19""}"
618318,4-Laning of Kolasib - Sethawn section Package-5 of NH-6 from Existing Chainage km 86000 to km 107850 Design Chainage km 77500 to km 95500 on silchar - vairengte - sairang road under Bharatmala Pariyojna on EPC mode under NHO-NE Vairengte - Sairang Pkg-5,,NHIDCL,,Mizoram,2021-11,2025-07,2027-07,2027-06,,720.4,0.0,260.12,11.86,2026-08,FlashReport_August_2026.pdf,124,"{""approval"": ""11/2021"", ""start"": ""(07/2025)"", ""actual"": null, ""original"": ""07/2027"", ""revised"": ""(06/2027)""}","{""original"": ""720.40"", ""revised"": ""0.00"", ""expenditure"": ""260.12""}"
618319,"4-Laning of Sethawn - N. Kawnpui section Package-6 of NH-6 from Existing Chainage km 107850 to km 126315 Design Chainage km 95500 to km 111850 on Silchar- Vairengte- Sairang road, Vairengte - Sairang Pkg-6",,NHIDCL,,Mizoram,2021-12,2025-07,2027-01,2026-12,,595.65,0.0,189.4,6.72,2026-08,FlashReport_August_2026.pdf,124,"{""approval"": ""12/2021"", ""start"": ""(07/2025)"", ""actual"": null, ""original"": ""01/2027"", ""revised"": ""(12/2026)""}","{""original"": ""595.65"", ""revised"": ""0.00"", ""expenditure"": ""189.40""}"
618320,Construction of 4-Laning of N. Kawnpui N. Mualvum Mualkhang via Khamrang Village section Package-7 of NH-6 from Existing Chainage km 127200 to km 142000 Design Chainage km 111850 to km 123400 on Silchar - Vairengte - Sairang road in the State of Mizoram on EPC mode,,NHIDCL,,Mizoram,2024-02,2025-10,2028-10,,,866.32,0.0,198.28,18.9,2026-08,FlashReport_August_2026.pdf,125,"{""approval"": ""02/2024"", ""start"": ""(10/2025)"", ""actual"": null, ""original"": ""10/2028"", ""revised"": ""(-)""}","{""original"": ""866.32"", ""revised"": ""0.00"", ""expenditure"": ""198.28""}"
618321,Construction of 4-Laning of West Serawlg-Sairang section of NH-6 from Existing Chainage km 142000 to km 158900 Design Chainage km 123400 to km 136260 on Silchar - Vairengte - Sairang road in the State of Mizoram under Bharatmala Pariyojna on EPC mode under NHO-NE Package-8,,NHIDCL,,Mizoram,2024-02,2025-11,2028-11,,,875.79,0.0,288.71,13.95,2026-08,FlashReport_August_2026.pdf,125,"{""approval"": ""02/2024"", ""start"": ""(11/2025)"", ""actual"": null, ""original"": ""11/2028"", ""revised"": ""(-)""}","{""original"": ""875.79"", ""revised"": ""0.00"", ""expenditure"": ""288.71""}"
618323,Construction of Twin Tube Uni-directional Aizawl Bypass Tunnel of 2.5 km and its approaches of 2.1 km from km 10.600 to km 15.200 on Sarrang - Phaibawk section of NH-6 in the State of Mizoram on EPC Mode under NHO-NE Package-2,,NHIDCL,,Mizoram,2024-01,2025-12,2028-12,,,1313.28,0.0,0.11,0.0,2026-08,FlashReport_August_2026.pdf,125,"{""approval"": ""01/2024"", ""start"": ""(12/2025)"", ""actual"": null, ""original"": ""12/2028"", ""revised"": ""(-)""}","{""original"": ""1,313.28"", ""revised"": ""0.00"", ""expenditure"": ""0.11""}"
618324,Construction of 2-lane Aizawl Bypass from km 15.200 to km 34.500 Package-3 on Sairang - Phaibawk section of NH-6 in the State of Mizoram under Bharatmala Pariyojna on EPC Mode under NHO-NE,,NHIDCL,,Mizoram,2023-02,2025-10,2028-11,,,720.72,0.0,102.91,15.1,2026-08,FlashReport_August_2026.pdf,125,"{""approval"": ""02/2023"", ""start"": ""(10/2025)"", ""actual"": null, ""original"": ""11/2028"", ""revised"": ""(-)""}","{""original"": ""720.72"", ""revised"": ""0.00"", ""expenditure"": ""102.91""}"
618362,Construction of 2-laning with hard shoulder of Lunglei to Chhumkhum from Design Chainage Km 0.000 to Km 37.420 of NH-302 [Lunglei-Tlabung] Package-A,,NHIDCL,,Mizoram,2021-03,2021-06,2022-12,2026-11,,698.45,0.0,554.29,64.78,2026-08,FlashReport_August_2026.pdf,125,"{""approval"": ""03/2021"", ""start"": ""(06/2021)"", ""actual"": null, ""original"": ""12/2022"", ""revised"": ""(11/2026)""}","{""original"": ""698.45"", ""revised"": ""0.00"", ""expenditure"": ""554.29""}"
618363,Construction of 2-laning with hard shoulder configuration of Chhumkhum to Tlabung from Design Chainage Km 37.420 to Km 74.950 of NH-302 in Mizoram under Bharatmala Pariyojana on EPC mode [Pkg-B],,NHIDCL,,Mizoram,2021-06,2021-07,2023-01,2026-12,,740.58,0.0,494.49,61.34,2026-08,FlashReport_August_2026.pdf,125,"{""approval"": ""06/2021"", ""start"": ""(07/2021)"", ""actual"": null, ""original"": ""01/2023"", ""revised"": ""(12/2026)""}","{""original"": ""740.58"", ""revised"": ""0.00"", ""expenditure"": ""494.49""}"
618379,Widening and Up-gradation to 2- Lane with Paved Shoulder Configuration and geometric improvement from Km. 208. 000 to Km 250.000 Package-5 on Aizawl Tuipang Section of NH-54 in the State of Mizoram Package-5,,NHIDCL,,Mizoram,2019-09,2019-10,2023-04,2026-08,,752.89,0.0,125.64,95.35,2026-08,FlashReport_August_2026.pdf,125,"{""approval"": ""09/2019"", ""start"": ""(10/2019)"", ""actual"": null, ""original"": ""04/2023"", ""revised"": ""(08/2026)""}","{""original"": ""752.89"", ""revised"": ""0.00"", ""expenditure"": ""125.64""}"
618383,Widening and up-gradation to 2-lane with paved shoulder configuration and geometric improvements from km 339.00 to km 380.00 Siaha on Aizawl-Tuipang section under JICA ODA Loan assistance Phase-I Package-8,,NHIDCL,,Mizoram,2019-09,2020-03,2023-09,2026-06,,637.06,0.0,551.56,99.82,2026-08,FlashReport_August_2026.pdf,125,"{""approval"": ""09/2019"", ""start"": ""(03/2020)"", ""actual"": null, ""original"": ""09/2023"", ""revised"": ""(06/2026)""}","{""original"": ""637.06"", ""revised"": ""0.00"", ""expenditure"": ""551.56""}"
618452,"2-laning of Zorinpui - Longmasu section of NH-502A from km 0.000 to km 28.244 in the State of Mizoram on EPC mode under NHO-NE, stretch of IMBR",,NHIDCL,,Mizoram,2023-02,2024-12,2026-12,2027-12,,781.85,0.0,48.39,4.71,2026-08,FlashReport_August_2026.pdf,125,"{""approval"": ""02/2023"", ""start"": ""(12/2024)"", ""actual"": null, ""original"": ""12/2026"", ""revised"": ""(12/2027)""}","{""original"": ""781.85"", ""revised"": ""0.00"", ""expenditure"": ""48.39""}"
619010,Up-gradation to 2 lane with paved shoutders of Pawlrang - Rulchawm section- of NH- 102B of Aizawl - Imphal Economic Corridor from Existing Chainage km 72.030 to km 104.129 including 2.459 km re-alignment section from Tuivai River to Rulchawm connecting km 48.150 of NH-6 [Design Chainage km 68.170 to km 98.579] in the State of Mizoram under Bharatmala Pariyojna on EPC mode under NHO-NE Package-3 Keifang- Tuivai Pkg-3,,NHIDCL,,Mizoram,2021-12,2023-11,2025-05,2026-07,,500.88,0.0,443.52,99.52,2026-08,FlashReport_August_2026.pdf,125,"{""approval"": ""12/2021"", ""start"": ""(11/2023)"", ""actual"": null, ""original"": ""05/2025"", ""revised"": ""(07/2026)""}","{""original"": ""500.88"", ""revised"": ""0.00"", ""expenditure"": ""443.52""}"
619321,Balance work of widening to two laning/re-alignment and geometric improvement from Km. 11000 to Km. 114618 with rectification of damaged stretches and provision of protection works in vulnerable location of NH-44 in the State of Mizoram.,,MoRTH,,Mizoram,2025-10,2026-05,2028-05,,,170.96,0.0,0.0,2.0,2026-08,FlashReport_August_2026.pdf,125,"{""approval"": ""10/2025"", ""start"": ""(05/2026)"", ""actual"": null, ""original"": ""05/2028"", ""revised"": ""(-)""}","{""original"": ""170.96"", ""revised"": ""0.00"", ""expenditure"": ""0.00""}"
617886,Widening of existing Single lane / Intermediate lane road to 2 lane from Km 101 to Km 125 of NH 61,,MoRTH,,Nagaland,2020-06,2024-06,2026-06,2027-04,,252.2,0.0,65.4,44.46,2026-08,FlashReport_August_2026.pdf,129,"{""approval"": ""06/2020"", ""start"": ""(06/2024)"", ""actual"": null, ""original"": ""06/2026"", ""revised"": ""(04/2027)""}","{""original"": ""252.20"", ""revised"": ""0.00"", ""expenditure"": ""65.40""}"
618290,"Construction of 2-lane with Paved shoulder of Kohima- Bypass Road Connecting NH- 39New NH-02, NH-150New NH-02, NH-61New NH-29, NH-39New NH-02 from Design Km 32.00 to Design Km 43.454Design Length-11.454 Km in the State of Nagaland under SARDP-NE on EPC Mode Package-IV",,NHIDCL,,Nagaland,2020-07,2020-10,2022-04,2026-12,,202.36,0.0,102.45,46.77,2026-08,FlashReport_August_2026.pdf,129,"{""approval"": ""07/2020"", ""start"": ""(10/2020)"", ""actual"": null, ""original"": ""04/2022"", ""revised"": ""(12/2026)""}","{""original"": ""202.36"", ""revised"": ""0.00"", ""expenditure"": ""102.45""}"
618291,"Construction of 2-lane with Paved shoulder of Kohima-Bypass Road connecting NH- 39 New NH-02, NH150New NH-02, NH7-61 New NH-29 and NH-39 New NH-02 from Design km 21.000 to km 32.268 [Design length11.268 km] in the state of Nagaland Under SARDP-NE on EPC Mode Package- 3",,NHIDCL,,Nagaland,2020-07,2023-06,2025-06,2026-12,,159.85,0.0,128.51,39.62,2026-08,FlashReport_August_2026.pdf,129,"{""approval"": ""07/2020"", ""start"": ""(06/2023)"", ""actual"": null, ""original"": ""06/2025"", ""revised"": ""(12/2026)""}","{""original"": ""159.85"", ""revised"": ""0.00"", ""expenditure"": ""128.51""}"
618292,Construction of 2-Lane with paved shoulder of Kohima-Bypass Road connecting New NH-02 and New NH-29 from Design Km 10.500 to design Km 21.000 [Design Length- 10.500 km] including TUNNEL of 500m at Ch. 11.000 in the state of Nagaland Under SARDP-NE on EPC Mode Package-2,,NHIDCL,,Nagaland,2020-07,2020-10,2022-10,2027-10,,277.44,0.0,201.99,71.29,2026-08,FlashReport_August_2026.pdf,129,"{""approval"": ""07/2020"", ""start"": ""(10/2020)"", ""actual"": null, ""original"": ""10/2022"", ""revised"": ""(10/2027)""}","{""original"": ""277.44"", ""revised"": ""0.00"", ""expenditure"": ""201.99""}"
618293,"Construction of 2-Lane with paved shoulder of Kohima-Bypass Road connecting NH- 39New NH-02, NH-150New NH-02, NH-61New NH-29 and NH-39New NH-02 from design Km 0.00 to Km 10.500 in the State of Nagaland under SARDP-NE on EPC Mode Package-1 -Balance work",,NHIDCL,,Nagaland,2020-07,2023-11,2026-11,2026-11,,232.29,0.0,120.94,27.39,2026-08,FlashReport_August_2026.pdf,129,"{""approval"": ""07/2020"", ""start"": ""(11/2023)"", ""actual"": null, ""original"": ""11/2026"", ""revised"": ""(11/2026)""}","{""original"": ""232.29"", ""revised"": ""0.00"", ""expenditure"": ""120.94""}"
618296,Balance work of Construction of 2-lane with hard shoulder of Kohima - Jessami road on NH-29 old NH-150 from existing km 98.380 near Chizami vill. to km120.367 Nagaland/Manipur Border [Design km 95.700 to design km 117.200] [Design Length 21.500 km] in the state of Nagaland Under Bharatmala Pariyojna on EPC Mode Package-V under NHO,,NHIDCL,,Nagaland,2020-03,2023-11,2025-11,2026-09,,330.8,0.0,268.18,98.39,2026-08,FlashReport_August_2026.pdf,129,"{""approval"": ""03/2020"", ""start"": ""(11/2023)"", ""actual"": null, ""original"": ""11/2025"", ""revised"": ""(09/2026)""}","{""original"": ""330.80"", ""revised"": ""0.00"", ""expenditure"": ""268.18""}"
618297,Construction of 2-lane with hard shoulder of Kohima - Jessami road on NH-29 Old NH- 150 from existing Km 30.474 Near Kidwema road Chakahabama to existing Km 53.220 Near Kikruma Village Design Km 29.60 to Km 51.50 Design length-21.90 Km in the state of Nagaland Under Bharatmala Pariyojna on EPC Mode under NHO Package-II -Balance work,,NHIDCL,,Nagaland,2020-03,2024-01,2026-01,2026-12,,355.79,0.0,0.0,43.13,2026-08,FlashReport_August_2026.pdf,129,"{""approval"": ""03/2020"", ""start"": ""(01/2024)"", ""actual"": null, ""original"": ""01/2026"", ""revised"": ""(12/2026)""}","{""original"": ""355.79"", ""revised"": ""0.00"", ""expenditure"": ""0.00""}"
618328,4-Laning of Balance work of Dimapur-Kohima Road from design km 152.490 to km 166.700 Existing km 156.000 to km 172.900 Excluding Dimapur & Kohima Bypass under SARDP-NE Package-III,,NHIDCL,,Nagaland,2016-03,2023-09,2025-09,2026-09,,562.98,0.0,551.33,84.32,2026-08,FlashReport_August_2026.pdf,129,"{""approval"": ""03/2016"", ""start"": ""(09/2023)"", ""actual"": null, ""original"": ""09/2025"", ""revised"": ""(09/2026)""}","{""original"": ""562.98"", ""revised"": ""0.00"", ""expenditure"": ""551.33""}"
618364,"Widening to 2 Lane with Hard shoulder of Akegwo-Avangkhu section of NH-202K for Package-I Design Chainage 0000 Km to 34795 Km, in the State of Nagaland on EPC mode under NH O-NE",,NHIDCL,,Nagaland,2022-12,2023-08,2026-02,2026-02,,430.24,0.0,0.0,87.0,2026-08,FlashReport_August_2026.pdf,129,"{""approval"": ""12/2022"", ""start"": ""(08/2023)"", ""actual"": null, ""original"": ""02/2026"", ""revised"": ""(02/2026)""}","{""original"": ""430.24"", ""revised"": ""0.00"", ""expenditure"": ""0.00""}"
618365,Widening to 2 Lane with Hard shoulder of Akegwo-Avangkhu section of NH-202K for Package-III Design Chainage 69875 Km to 106816 Km in the State of Nagaland on EPC mode under NHO-NE,,NHIDCL,,Nagaland,2022-12,2023-08,2026-02,2026-02,,497.18,0.0,0.0,85.67,2026-08,FlashReport_August_2026.pdf,129,"{""approval"": ""12/2022"", ""start"": ""(08/2023)"", ""actual"": null, ""original"": ""02/2026"", ""revised"": ""(02/2026)""}","{""original"": ""497.18"", ""revised"": ""0.00"", ""expenditure"": ""0.00""}"
618366,Widening to 2 Lane with Hard shoulder of Akegwo-Avangkhu section of NH-202K for Package-II Design Chainage 34795 Km to 69875 Km in the State of Nagaland on EPC mode under NHO-NE,,NHIDCL,,Nagaland,2022-12,2023-08,2026-02,2026-02,,442.54,0.0,0.0,58.5,2026-08,FlashReport_August_2026.pdf,129,"{""approval"": ""12/2022"", ""start"": ""(08/2023)"", ""actual"": null, ""original"": ""02/2026"", ""revised"": ""(02/2026)""}","{""original"": ""442.54"", ""revised"": ""0.00"", ""expenditure"": ""0.00""}"
618413,Construction of 2 laning with Hard shoulder of Peren-Dimapur section on NH 129A from Design Km 146.208 to Km 163.592 Length- 17.384 km in the state of Nagaland on EPC mode under NHO-TSP Package-III,,NHIDCL,,Nagaland,2021-02,2023-06,2025-06,2026-09,,177.77,0.0,111.89,95.62,2026-08,FlashReport_August_2026.pdf,129,"{""approval"": ""02/2021"", ""start"": ""(06/2023)"", ""actual"": null, ""original"": ""06/2025"", ""revised"": ""(09/2026)""}","{""original"": ""177.77"", ""revised"": ""0.00"", ""expenditure"": ""111.89""}"
618414,Construction of Balance work for 2-lane with hard shoulder of Peren- Dimapur section on NH-129A from Design Km 126.775 to Km 146.208 Length 19.433 Km in the state of Nagaland on EPC mode under NHO-TSP Package-II,,NHIDCL,,Nagaland,2021-01,2023-09,2025-09,2025-09,,258.52,0.0,136.09,96.53,2026-08,FlashReport_August_2026.pdf,129,"{""approval"": ""01/2021"", ""start"": ""(09/2023)"", ""actual"": null, ""original"": ""09/2025"", ""revised"": ""(09/2025)""}","{""original"": ""258.52"", ""revised"": ""0.00"", ""expenditure"": ""136.09""}"
618422,"Construction of 2-lane with hard shoulders of Merangkong-Tamlu-Mon road Wakching Twon portion on EPC basis from existing Chainage Km 59000 to Km 73640 [Design Km. 59000 to Km, 72450] Design length - 13.450 Km under SARDP-NE package-V Balance work",,NHIDCL,,Nagaland,2021-03,2023-09,2025-09,2026-07,,161.73,0.0,101.28,99.75,2026-08,FlashReport_August_2026.pdf,129,"{""approval"": ""03/2021"", ""start"": ""(09/2023)"", ""actual"": null, ""original"": ""09/2025"", ""revised"": ""(07/2026)""}","{""original"": ""161.73"", ""revised"": ""0.00"", ""expenditure"": ""101.28""}"
618423,Construction of 2-Lane with hard shoulders of Merangkong-Tamlu-Mon MTM Road from existing Km 20.456 to Km 41.065 Design Km. 20 to Km. 40.0 Design Length- 20.000 Km in the State of Nagaland under SARDP-NE Phase-A Pkg-2 Balance work,,NHIDCL,,Nagaland,2018-03,2023-08,2025-08,2026-03,,215.79,0.0,173.12,100.0,2026-08,FlashReport_August_2026.pdf,130,"{""approval"": ""03/2018"", ""start"": ""(08/2023)"", ""actual"": null, ""original"": ""08/2025"", ""revised"": ""(03/2026)""}","{""original"": ""215.79"", ""revised"": ""0.00"", ""expenditure"": ""173.12""}"
619059,Construction of 2-Lane with hard shoulders of Merangkong-Tamlu-Mon Road on EPC Basis from existing road Km. 76.640 to Km 98.065 Design chainage Km. 63.800 to Km. 86.835 Design Length-23.035 Km in the state of Nagaland under SARDP-NE PKG-IV Balance work,,NHIDCL,,Nagaland,2018-03,2023-09,2025-09,2026-12,,323.98,0.0,147.38,79.03,2026-08,FlashReport_August_2026.pdf,130,"{""approval"": ""03/2018"", ""start"": ""(09/2023)"", ""actual"": null, ""original"": ""09/2025"", ""revised"": ""(12/2026)""}","{""original"": ""323.98"", ""revised"": ""0.00"", ""expenditure"": ""147.38""}"
617898,New construction of Major Bridge with Approaches from Km 0.000 to 1.200 Madhopur -Badabanta section of NH-20 under NHO in Annual Plan 2022-23 in the State of Odisha,,MoRTH,,Odisha,2023-03,2025-04,2027-10,2027-10,,199.5,0.0,5.03,0.0,2026-08,FlashReport_August_2026.pdf,130,"{""approval"": ""03/2023"", ""start"": ""(04/2025)"", ""actual"": null, ""original"": ""10/2027"", ""revised"": ""(10/2027)""}","{""original"": ""199.50"", ""revised"": ""0.00"", ""expenditure"": ""5.03""}"
617899,Widening and Strengthening to 4LPS/2LPS from km 0.000 to 35.800 Kuakhia - Mangalpur section of NH 20 in the state of Odisha on Annual Plan 2021-22,,MoRTH,,Odisha,2022-03,2024-02,2026-02,2026-11,,636.1,0.0,446.67,56.11,2026-08,FlashReport_August_2026.pdf,130,"{""approval"": ""03/2022"", ""start"": ""(02/2024)"", ""actual"": null, ""original"": ""02/2026"", ""revised"": ""(11/2026)""}","{""original"": ""636.10"", ""revised"": ""0.00"", ""expenditure"": ""446.67""}"
617902,construction or By-pass road on NH-26 for Nabrangpur Town,,MoRTH,,Odisha,2023-03,2024-12,2026-12,2026-12,,168.95,0.0,77.75,38.0,2026-08,FlashReport_August_2026.pdf,130,"{""approval"": ""03/2023"", ""start"": ""(12/2024)"", ""actual"": null, ""original"": ""12/2026"", ""revised"": ""(12/2026)""}","{""original"": ""168.95"", ""revised"": ""0.00"", ""expenditure"": ""77.75""}"
617904,Construction of Bypass road to Balangir town from km 72/400 Desing km 0/0 to km 79/800 Design km 11/670 of NH-26 in the State of Odisha.,,MoRTH,,Odisha,2022-02,2023-04,2025-10,2027-03,,238.78,0.0,121.31,55.0,2026-08,FlashReport_August_2026.pdf,130,"{""approval"": ""02/2022"", ""start"": ""(04/2023)"", ""actual"": null, ""original"": ""10/2025"", ""revised"": ""(03/2027)""}","{""original"": ""238.78"", ""revised"": ""0.00"", ""expenditure"": ""121.31""}"
617905,Construction of 4 lane ROB with approaches in lieu of LC No. RV-172 at km 176.00 of NH-201 present NH-26 at Kesinga including land acquisition in the state of Odisha on EPC mode under Annual Plan 2021-22,,MoRTH,,Odisha,2021-12,2023-05,2025-05,2027-05,,324.09,0.0,161.75,78.0,2026-08,FlashReport_August_2026.pdf,130,"{""approval"": ""12/2021"", ""start"": ""(05/2023)"", ""actual"": null, ""original"": ""05/2025"", ""revised"": ""(05/2027)""}","{""original"": ""324.09"", ""revised"": ""0.00"", ""expenditure"": ""161.75""}"
617918,"Widening and Strengthening of existing S/L, I/L, & D/L to 2 Lane with PS from Km 256/455 to 256/503, 256/820 to 256/960, 265/760 to 266/010, 266/010 to 266/800, 270/975 to 271/055, 276/460 to 276/560, 276/560 to 276/700, 276/700 to 277/480, 285/780 to 288/290, 288/290 to 291/050 and construction of 3 Nos. of Bypass from Km 266/800 to 267/300, 270/025 to 270/975, & 284/700 to 285/780 on NH-53 under NHO in Annual Plan 2022-23 for the State of Odisha.",,MoRTH,,Odisha,2023-03,2026-06,2027-12,,,174.21,0.0,62.29,0.0,2026-08,FlashReport_August_2026.pdf,130,"{""approval"": ""03/2023"", ""start"": ""(06/2026)"", ""actual"": null, ""original"": ""12/2027"", ""revised"": ""(-)""}","{""original"": ""174.21"", ""revised"": ""0.00"", ""expenditure"": ""62.29""}"
617920,Widening and Strengthening to 2LPS including LA from km 318.970 to 353.450 Balikuda-Mulkani Section of NH-55 under NHO in Annual Plan 2022-23 in the State of Odisha. Job No. NH-55-OD-2022-23-656,,MoRTH,,Odisha,2022-01,2025-06,2027-06,2027-06,,511.54,0.0,50.15,3.0,2026-08,FlashReport_August_2026.pdf,130,"{""approval"": ""01/2022"", ""start"": ""(06/2025)"", ""actual"": null, ""original"": ""06/2027"", ""revised"": ""(06/2027)""}","{""original"": ""511.54"", ""revised"": ""0.00"", ""expenditure"": ""50.15""}"
617921,Widening and strengthening to 2LPS including LA of Kandarpur-Balikuda from km 277/500 to 318/970 of NH-55 in the State of Odisha under Annual Plan 2021-22.,,MoRTH,,Odisha,2022-03,2023-06,2025-06,2027-06,,499.79,0.0,352.67,66.0,2026-08,FlashReport_August_2026.pdf,130,"{""approval"": ""03/2022"", ""start"": ""(06/2023)"", ""actual"": null, ""original"": ""06/2025"", ""revised"": ""(06/2027)""}","{""original"": ""499.79"", ""revised"": ""0.00"", ""expenditure"": ""352.67""}"
617922,Construction of Jharsuguda Bypass including Land acqusition on NH-49 from km 258.636 to km 283.300 design chainage 258.636 to km 289.876 under NHO in Annual Plan 2022-23 for the state of Odisha Job No.NH-49-OD-2022-23-655,,MoRTH,,Odisha,2021-09,2025-01,2027-07,2027-07,,587.1,0.0,164.89,25.0,2026-08,FlashReport_August_2026.pdf,130,"{""approval"": ""09/2021"", ""start"": ""(01/2025)"", ""actual"": null, ""original"": ""07/2027"", ""revised"": ""(07/2027)""}","{""original"": ""587.10"", ""revised"": ""0.00"", ""expenditure"": ""164.89""}"
617923,Construction of Daspalla Bypass from km 195.250 To 200.635 of NH-57 including land acquisition in the state of Odisha on EPC mode under Annual Plan 2022-23.,,MoRTH,,Odisha,2023-02,2025-05,2027-05,2027-05,,155.97,0.0,54.64,25.0,2026-08,FlashReport_August_2026.pdf,130,"{""approval"": ""02/2023"", ""start"": ""(05/2025)"", ""actual"": null, ""original"": ""05/2027"", ""revised"": ""(05/2027)""}","{""original"": ""155.97"", ""revised"": ""0.00"", ""expenditure"": ""54.64""}"
617925,Construction of Bypass to Khordha town from Km 294/000 to 300/300 on NH-57 including LA in the State of Odisha on EPC mode.,,MoRTH,,Odisha,2022-02,2023-05,2024-11,2026-10,,157.49,0.0,118.68,92.0,2026-08,FlashReport_August_2026.pdf,130,"{""approval"": ""02/2022"", ""start"": ""(05/2023)"", ""actual"": null, ""original"": ""11/2024"", ""revised"": ""(10/2026)""}","{""original"": ""157.49"", ""revised"": ""0.00"", ""expenditure"": ""118.68""}"
617930,Construction of Bypass on NH-59 from Km 336/350 to 349/910 13.56 km near Berhampur town including 4-lane RoB in the state of Odisha.,,MoRTH,,Odisha,2021-03,2022-03,2025-12,2026-12,,196.94,0.0,92.7,70.0,2026-08,FlashReport_August_2026.pdf,130,"{""approval"": ""03/2021"", ""start"": ""(03/2022)"", ""actual"": null, ""original"": ""12/2025"", ""revised"": ""(12/2026)""}","{""original"": ""196.94"", ""revised"": ""0.00"", ""expenditure"": ""92.70""}"
618003,Construction of four lane ROB and its approaches in lieu of existing Level Crossing No. RV-71 at km 435 on NH-217 New NH-353 at Khariar including land acquisition under NHO in Annual Plan 2021-22 for the state of Odisha for F.Y. 2021-22 to F.Y 2033-34,,MoRTH,,Odisha,2021-11,2023-06,2024-12,2026-09,,154.49,0.0,106.0,90.0,2026-08,FlashReport_August_2026.pdf,130,"{""approval"": ""11/2021"", ""start"": ""(06/2023)"", ""actual"": null, ""original"": ""12/2024"", ""revised"": ""(09/2026)""}","{""original"": ""154.49"", ""revised"": ""0.00"", ""expenditure"": ""106.00""}"
618012,"Widening & strengthenlng to 2LPS from km 0,000 to 40.000 Dhaugaon- Podamari section of NH 326 in the State of Odisha under Annual Plan 2021.22.",,MoRTH,,Odisha,2022-03,2024-02,2026-02,2026-12,,186.52,0.0,84.85,60.0,2026-08,FlashReport_August_2026.pdf,130,"{""approval"": ""03/2022"", ""start"": ""(02/2024)"", ""actual"": null, ""original"": ""02/2026"", ""revised"": ""(12/2026)""}","{""original"": ""186.52"", ""revised"": ""0.00"", ""expenditure"": ""84.85""}"
618079,Construction of Dharmagarh Bypass on NH-130C including land acquisition in the state of Odisha on EPC Mode under Annual plan 2022-23.,,MoRTH,,Odisha,2023-03,2025-04,2026-10,2027-06,,172.66,0.0,62.32,15.0,2026-08,FlashReport_August_2026.pdf,131,"{""approval"": ""03/2023"", ""start"": ""(04/2025)"", ""actual"": null, ""original"": ""10/2026"", ""revised"": ""(06/2027)""}","{""original"": ""172.66"", ""revised"": ""0.00"", ""expenditure"": ""62.32""}"
618122,Widening to 2 lane with paved shoulded of Jareikela Jharkhand/Odisha Border - Dhabaleswar section from 0/0 to 36/0 of NH-320D in the State of Odisha under Annual Plan 2021-22.,,MoRTH,,Odisha,2022-03,2024-10,2026-10,2026-10,,172.09,0.0,53.11,34.0,2026-08,FlashReport_August_2026.pdf,131,"{""approval"": ""03/2022"", ""start"": ""(10/2024)"", ""actual"": null, ""original"": ""10/2026"", ""revised"": ""(10/2026)""}","{""original"": ""172.09"", ""revised"": ""0.00"", ""expenditure"": ""53.11""}"
618523,Bhadrak KM 136.500 to Baleshwar KM 199.141,,NHAI,,Odisha,2014-11,2019-03,2021-09,2026-11,,844.67,0.0,785.3,91.32,2026-08,FlashReport_August_2026.pdf,131,"{""approval"": ""11/2014"", ""start"": ""(03/2019)"", ""actual"": null, ""original"": ""09/2021"", ""revised"": ""(11/2026)""}","{""original"": ""844.67"", ""revised"": ""0.00"", ""expenditure"": ""785.30""}"
618591,"Construction of 6-lane flyover at Ainthapali junction and a 2-lane ROB LHS on NH-53 Earlier NH-6 in Sambalpur, on EPC mode in Odisha under NHO",,NHAI,,Odisha,2024-03,2024-06,2026-12,2026-12,,374.17,0.0,112.53,54.2,2026-08,FlashReport_August_2026.pdf,131,"{""approval"": ""03/2024"", ""start"": ""(06/2024)"", ""actual"": null, ""original"": ""12/2026"", ""revised"": ""(12/2026)""}","{""original"": ""374.17"", ""revised"": ""0.00"", ""expenditure"": ""112.53""}"
618592,"Balance work of 8 nos. of Elephant Underpasses EUPs, 1 no. of Vehicular Underpass VUP, 1 nos. of Light Vehicular Underpass LVUP, 1 nos. of Pedestrian Underpass PUP, 1 nos. of Foot Over Bridge FOB and A2 side approach of Jharpokharia Flyover at Km.215.270 in Baharagora-Singhara section of NH-49",,NHAI,,Odisha,2023-09,2024-11,2026-05,2027-10,,320.64,0.0,55.3,25.04,2026-08,FlashReport_August_2026.pdf,131,"{""approval"": ""09/2023"", ""start"": ""(11/2024)"", ""actual"": null, ""original"": ""05/2026"", ""revised"": ""(10/2027)""}","{""original"": ""320.64"", ""revised"": ""0.00"", ""expenditure"": ""55.30""}"
618593,Balance work of Rehabilitation and Upgradation to four laning of Baharagora Singhara section of NH-49 from Km.229.727 to Km.238.990 Length 9.263 Km. including construction of five nos. of Elephant Underpasses EUP and fourteen nos. of Animal Underpasses AUP inside the buffer zone of Similipal Tiger Reserve Area in Bangriposi Ghat section in the State of Odisha on EPC Mode,,NHAI,,Odisha,2025-03,2025-05,2027-11,2027-11,,263.32,0.0,14.33,9.95,2026-08,FlashReport_August_2026.pdf,131,"{""approval"": ""03/2025"", ""start"": ""(05/2025)"", ""actual"": null, ""original"": ""11/2027"", ""revised"": ""(11/2027)""}","{""original"": ""263.32"", ""revised"": ""0.00"", ""expenditure"": ""14.33""}"
618677,6L Greenfield Kaliagura Baunsaguar Section of NH-130-CD Road from km 249000 to km 293000 Package OD-5,,NHAI,,Odisha,2021-09,2022-05,2024-05,2026-11,,1539.75,0.0,1026.83,97.8,2026-08,FlashReport_August_2026.pdf,131,"{""approval"": ""09/2021"", ""start"": ""(05/2022)"", ""actual"": null, ""original"": ""05/2024"", ""revised"": ""(11/2026)""}","{""original"": ""1,539.75"", ""revised"": ""0.00"", ""expenditure"": ""1,026.83""}"
618678,6L Greenfield Baunsaguar - Baraja Section of NH-130-CD Road from km 293000 to km 338500 Package OD-6,,NHAI,,Odisha,2021-08,2022-06,2024-05,2026-09,,1265.59,0.0,1001.47,99.6,2026-08,FlashReport_August_2026.pdf,131,"{""approval"": ""08/2021"", ""start"": ""(06/2022)"", ""actual"": null, ""original"": ""05/2024"", ""revised"": ""(09/2026)""}","{""original"": ""1,265.59"", ""revised"": ""0.00"", ""expenditure"": ""1,001.47""}"
618704,6L Flyover including RE Wall approaches with Flexible Pavement in the Elephant Corridor of Angul Sambalpur Section of NH-42 New NH-55 Km.202.533,,NHAI,,Odisha,2023-09,2024-06,2026-06,2026-09,,150.86,0.0,106.14,100.0,2026-08,FlashReport_August_2026.pdf,131,"{""approval"": ""09/2023"", ""start"": ""(06/2024)"", ""actual"": null, ""original"": ""06/2026"", ""revised"": ""(09/2026)""}","{""original"": ""150.86"", ""revised"": ""0.00"", ""expenditure"": ""106.14""}"
618705,"4L Godibandha to Ballhar Chhak, Ballhar Chhak to Banarpal & Banarpal to Start of Angul bypass at Km.314.130 to Km.321.035 of NH53, at Km.75.200 to Km.84.000 of NH149 & at Km.84.000 to Km.86.100 of NH55",,NHAI,,Odisha,2024-12,2026-02,2028-02,2028-02,,973.12,0.0,299.01,5.4,2026-08,FlashReport_August_2026.pdf,131,"{""approval"": ""12/2024"", ""start"": ""(02/2026)"", ""actual"": null, ""original"": ""02/2028"", ""revised"": ""(02/2028)""}","{""original"": ""973.12"", ""revised"": ""0.00"", ""expenditure"": ""299.01""}"
618820,Rehabilitation and Up gradation from 4 to 8 laning of Chandikhole Paradip Section of NH-53 Old NH 5A from Km.39.000 to Km.60.00 Package-3,,NHAI,,Odisha,2023-03,2023-12,2025-12,2027-03,,861.84,0.0,395.98,92.02,2026-08,FlashReport_August_2026.pdf,131,"{""approval"": ""03/2023"", ""start"": ""(12/2023)"", ""actual"": null, ""original"": ""12/2025"", ""revised"": ""(03/2027)""}","{""original"": ""861.84"", ""revised"": ""0.00"", ""expenditure"": ""395.98""}"
618821,Rehabilitation and Up gradation from 4 to 8 laning of Chandikhole Paradip Section of NH-53 Old NH 5A from Km 18.00 to Km 39.00 in the State of Odisha on HAM mode Package-2,,NHAI,,Odisha,2023-03,2023-12,2025-12,2026-11,,920.47,0.0,435.46,98.22,2026-08,FlashReport_August_2026.pdf,131,"{""approval"": ""03/2023"", ""start"": ""(12/2023)"", ""actual"": null, ""original"": ""12/2025"", ""revised"": ""(11/2026)""}","{""original"": ""920.47"", ""revised"": ""0.00"", ""expenditure"": ""435.46""}"
618822,Rehabilitation and Up gradation from 4 to 8 laning of Chandikhole Paradip Section of NH-53 Old NH 5A from Km.0.00 to Km.18.00Package-1,,NHAI,,Odisha,2023-03,2023-12,2025-12,2027-01,,929.91,0.0,403.23,96.75,2026-08,FlashReport_August_2026.pdf,131,"{""approval"": ""03/2023"", ""start"": ""(12/2023)"", ""actual"": null, ""original"": ""12/2025"", ""revised"": ""(01/2027)""}","{""original"": ""929.91"", ""revised"": ""0.00"", ""expenditure"": ""403.23""}"
618908,3L Major Bridge over River Brahmani at Km. 401.250 Duburi - Chandikhole Section of NH-200 New NH -53,,NHAI,,Odisha,2022-04,2022-08,2025-01,2027-09,,153.61,0.0,73.76,38.0,2026-08,FlashReport_August_2026.pdf,131,"{""approval"": ""04/2022"", ""start"": ""(08/2022)"", ""actual"": null, ""original"": ""01/2025"", ""revised"": ""(09/2027)""}","{""original"": ""153.61"", ""revised"": ""0.00"", ""expenditure"": ""73.76""}"
619109,6L of Badakumari - Karki Section from Km 179.000 to km 226.500 of NH-130-CD Package OD-3,,NHAI,,Odisha,2021-03,2022-04,2024-04,2026-09,,1101.76,0.0,713.51,99.7,2026-08,FlashReport_August_2026.pdf,131,"{""approval"": ""03/2021"", ""start"": ""(04/2022)"", ""actual"": null, ""original"": ""04/2024"", ""revised"": ""(09/2026)""}","{""original"": ""1,101.76"", ""revised"": ""0.00"", ""expenditure"": ""713.51""}"
619118,Four Laning of Angul to Sambalpur from Km.112.000 to Km.265.000,,NHAI,,Odisha,2016-09,2017-03,2019-08,2026-09,,2510.04,0.0,2465.02,99.98,2026-08,FlashReport_August_2026.pdf,131,"{""approval"": ""09/2016"", ""start"": ""(03/2017)"", ""actual"": null, ""original"": ""08/2019"", ""revised"": ""(09/2026)""}","{""original"": ""2,510.04"", ""revised"": ""0.00"", ""expenditure"": ""2,465.02""}"
619119,Cuttack-Angul Section of NH-42 New NH-55 from km 0.400 to km 60.200 Pkg-I in the State of Odisha,,NHAI,,Odisha,2017-10,2018-01,2020-07,2026-12,,999.32,0.0,1132.56,99.0,2026-08,FlashReport_August_2026.pdf,131,"{""approval"": ""10/2017"", ""start"": ""(01/2018)"", ""actual"": null, ""original"": ""07/2020"", ""revised"": ""(12/2026)""}","{""original"": ""999.32"", ""revised"": ""0.00"", ""expenditure"": ""1,132.56""}"
619158,4 Laning of Duburi Chandikhole from km 388.376 to km 428.074 Pkg-III,,NHAI,,Odisha,2018-01,2020-02,2022-08,2026-12,,789.0,0.0,725.21,86.0,2026-08,FlashReport_August_2026.pdf,131,"{""approval"": ""01/2018"", ""start"": ""(02/2020)"", ""actual"": null, ""original"": ""08/2022"", ""revised"": ""(12/2026)""}","{""original"": ""789.00"", ""revised"": ""0.00"", ""expenditure"": ""725.21""}"
619181,Rehabilitation and Up gradation from 4 to 8 laning of Chandikhole Paradip Section of NH-53 Old NH 5A from Km.60.000 to Km.76.646 Package-4,,NHAI,,Odisha,2023-03,2024-11,2026-10,2027-12,,882.45,0.0,201.34,36.02,2026-08,FlashReport_August_2026.pdf,132,"{""approval"": ""03/2023"", ""start"": ""(11/2024)"", ""actual"": null, ""original"": ""10/2026"", ""revised"": ""(12/2027)""}","{""original"": ""882.45"", ""revised"": ""0.00"", ""expenditure"": ""201.34""}"
619213,6L of Hatibena - Badakumari Section from Km 146.50 to km 179.00 of NH-130-CD Package OD-2,,NHAI,,Odisha,2021-02,2022-03,2024-03,2026-09,,791.17,0.0,734.23,99.99,2026-08,FlashReport_August_2026.pdf,132,"{""approval"": ""02/2021"", ""start"": ""(03/2022)"", ""actual"": null, ""original"": ""03/2024"", ""revised"": ""(09/2026)""}","{""original"": ""791.17"", ""revised"": ""0.00"", ""expenditure"": ""734.23""}"
619215,Cuttack-Angul Section of NH-42 New NH-55 from Km.60.200 to Km. 112.000 Pkg-II in the State of Odisha,,NHAI,,Odisha,2017-10,2018-03,2020-09,2026-12,,991.41,0.0,1084.35,99.66,2026-08,FlashReport_August_2026.pdf,132,"{""approval"": ""10/2017"", ""start"": ""(03/2018)"", ""actual"": null, ""original"": ""09/2020"", ""revised"": ""(12/2026)""}","{""original"": ""991.41"", ""revised"": ""0.00"", ""expenditure"": ""1,084.35""}"
618010,Development to 4-lane with paved shoulder for the road section Talwandi Sabo- Raman road to refinery Road junction with Bathinda Dabwali Road of NH-254 from existing Km 131.600 to Km 155.650 Design Km 131600 to km 155600 in the State of Punjab. Job No NH-254-PB-2022-23-565,,MoRTH,,Punjab,2023-03,2025-05,2026-11,2026-11,,546.67,0.0,382.82,72.0,2026-08,FlashReport_August_2026.pdf,132,"{""approval"": ""03/2023"", ""start"": ""(05/2025)"", ""actual"": null, ""original"": ""11/2026"", ""revised"": ""(11/2026)""}","{""original"": ""546.67"", ""revised"": ""0.00"", ""expenditure"": ""382.82""}"
618024,Up-gradation to two lane with paved shoulder configuration of NH-354 Section Arifkes- Ferozepur-Muktsar-Malaut from Km 201.500 to Km 212.500 & Km 229.690 to Km 269.960 and strengthening of existing pavement from Km 212.500 to Km 229.690 excluding Km 218.500 to 223.690 of NH-354 on EPC Mode in the State of Punjab. Job No. NH-354-PB-2020-21-532,,MoRTH,,Punjab,2021-03,2023-10,2025-04,2026-09,,263.19,0.0,193.83,89.0,2026-08,FlashReport_August_2026.pdf,132,"{""approval"": ""03/2021"", ""start"": ""(10/2023)"", ""actual"": null, ""original"": ""04/2025"", ""revised"": ""(09/2026)""}","{""original"": ""263.19"", ""revised"": ""0.00"", ""expenditure"": ""193.83""}"
618489,Delhi-Amritsar-Katra Expressway Phase-I Pkg-IX from Junction with Ludhiana-Moga road NH-5 near Mullanpur Dakha to Junction with Jalandhar - Moga road NH-703 near Kang Sahibu village Km 260860 to km 303900,,NHAI,,Punjab,2020-12,2022-07,2024-07,2027-03,,1851.47,0.0,1944.05,73.35,2026-08,FlashReport_August_2026.pdf,132,"{""approval"": ""12/2020"", ""start"": ""(07/2022)"", ""actual"": null, ""original"": ""07/2024"", ""revised"": ""(03/2027)""}","{""original"": ""1,851.47"", ""revised"": ""0.00"", ""expenditure"": ""1,944.05""}"
618492,Delhi-Amritsar-Katra Expressway Phase-I Pkg-XII from Junction with Amritsar-Mehta- SriHargobindpur-Tanda road NH-503A near SriHargobindpur to Junction with Pathankot-Gurdaspur road NH-54 near Gurdaspur Km 362420 to km 397700,,NHAI,,Punjab,2021-03,2025-02,2027-02,2027-06,,1734.18,0.0,781.01,27.6,2026-08,FlashReport_August_2026.pdf,132,"{""approval"": ""03/2021"", ""start"": ""(02/2025)"", ""actual"": null, ""original"": ""02/2027"", ""revised"": ""(06/2027)""}","{""original"": ""1,734.18"", ""revised"": ""0.00"", ""expenditure"": ""781.01""}"
618493,Delhi-Amritsar-Katra Expressway Phase-I Spur-I from Jn. with Kapurthala - Sultanpur Lodhi Road NH-703A near Isharwal village to Jn. with Kapurthala - Tarn Taran road NH-703AA near Goinwal Sahib [Km 24000 to Km 41000 of Amritsar connectivity],,NHAI,,Punjab,2021-12,2023-04,2026-04,2028-03,,2165.23,0.0,635.8,34.79,2026-08,FlashReport_August_2026.pdf,132,"{""approval"": ""12/2021"", ""start"": ""(04/2023)"", ""actual"": null, ""original"": ""04/2026"", ""revised"": ""(03/2028)""}","{""original"": ""2,165.23"", ""revised"": ""0.00"", ""expenditure"": ""635.80""}"
618551,Greenfield connectivity from Govindsar village on Delhi Amritsar Katra Expressway to Talwara village on NH-44 Pathankot by-pass,,NHAI,,Punjab,2024-11,2025-07,2027-07,2027-07,,666.81,0.0,231.08,29.01,2026-08,FlashReport_August_2026.pdf,132,"{""approval"": ""11/2024"", ""start"": ""(07/2025)"", ""actual"": null, ""original"": ""07/2027"", ""revised"": ""(07/2027)""}","{""original"": ""666.81"", ""revised"": ""0.00"", ""expenditure"": ""231.08""}"
618552,Development of 6L Greenfield Jalandhar Bypass starting from Kahlwan NH-03 ending at Kang Sahbu NH-703 via Sarmastpur NH-44 - Madara NH-03 - Khajurla NH-44,,NHAI,,Punjab,2021-03,2023-01,2025-01,2027-06,,1754.84,0.0,1252.18,56.7,2026-08,FlashReport_August_2026.pdf,132,"{""approval"": ""03/2021"", ""start"": ""(01/2023)"", ""actual"": null, ""original"": ""01/2025"", ""revised"": ""(06/2027)""}","{""original"": ""1,754.84"", ""revised"": ""0.00"", ""expenditure"": ""1,252.18""}"
618610,6L of Jodhpur Romana Bathinda - Mandi Dabwali Punjab Haryana Border section of NH-54 from km. 0.000 to km. 27.400 of NH-54,,NHAI,,Punjab,2020-05,2023-08,2025-08,2026-09,,789.26,0.0,719.19,99.0,2026-08,FlashReport_August_2026.pdf,132,"{""approval"": ""05/2020"", ""start"": ""(08/2023)"", ""actual"": null, ""original"": ""08/2025"", ""revised"": ""(09/2026)""}","{""original"": ""789.26"", ""revised"": ""0.00"", ""expenditure"": ""719.19""}"
618617,6L Amritsar-Bathinda Greenfield section from village Tiba on NE-5A to Jn. with Moga Jalandhar road NH-703 near Dharamkot from km 0.000 to km 39.000 of NH-754A Pkg-1,,NHAI,,Punjab,2021-03,2022-11,2024-11,2027-12,,1229.38,0.0,1077.84,72.41,2026-08,FlashReport_August_2026.pdf,132,"{""approval"": ""03/2021"", ""start"": ""(11/2022)"", ""actual"": null, ""original"": ""11/2024"", ""revised"": ""(12/2027)""}","{""original"": ""1,229.38"", ""revised"": ""0.00"", ""expenditure"": ""1,077.84""}"
618618,6L Amritsar-Bathinda Greenfield section from Jn. with Bhagta Bhai Ka-Bhadaur Road near Dyalpura Bhai Ka to Jn. with Mandi Dabwali Bathinda Road on NH-54 near Sangat Kalan from km 93.000 to km 154.866 of NH-754A Pkg-3,,NHAI,,Punjab,2021-03,2024-06,2026-06,2027-07,,2029.17,0.0,1443.14,74.0,2026-08,FlashReport_August_2026.pdf,132,"{""approval"": ""03/2021"", ""start"": ""(06/2024)"", ""actual"": null, ""original"": ""06/2026"", ""revised"": ""(07/2027)""}","{""original"": ""2,029.17"", ""revised"": ""0.00"", ""expenditure"": ""1,443.14""}"
618647,6L Access Controlled Ludhiana-Bathinda Greenfield highway from Jn. with Amritsar- Bathanda Greenfield Road NH-754A near Rampura Phul to Jn. with Moga-Barnala Road NH-703 near village Tallewal from Km 0.0 to Km 30.3 of NH-754AD Pkg-1,,NHAI,,Punjab,2021-06,2023-09,2025-09,2026-10,,906.51,0.0,687.98,81.5,2026-08,FlashReport_August_2026.pdf,132,"{""approval"": ""06/2021"", ""start"": ""(09/2023)"", ""actual"": null, ""original"": ""09/2025"", ""revised"": ""(10/2026)""}","{""original"": ""906.51"", ""revised"": ""0.00"", ""expenditure"": ""687.98""}"
618648,"Development of 6-lane Greenfield Southern Ludhiana Bypass from intersection with NH-44 near Village Rajgarh to intersection with Delhi Katra Expressway NE-5 near Village Ballowal, km 0000 to km 25240",,NHAI,,Punjab,2024-11,2026-03,2028-03,2028-03,,1424.55,0.0,178.12,5.79,2026-08,FlashReport_August_2026.pdf,132,"{""approval"": ""11/2024"", ""start"": ""(03/2026)"", ""actual"": null, ""original"": ""03/2028"", ""revised"": ""(03/2028)""}","{""original"": ""1,424.55"", ""revised"": ""0.00"", ""expenditure"": ""178.12""}"
618764,Moga - Bagha Purana - Bajakhana from km. 0.00 to km. 43.32,,NHAI,,Punjab,2020-05,2022-12,2024-12,2026-12,,1032.59,0.0,804.37,76.0,2026-08,FlashReport_August_2026.pdf,132,"{""approval"": ""05/2020"", ""start"": ""(12/2022)"", ""actual"": null, ""original"": ""12/2024"", ""revised"": ""(12/2026)""}","{""original"": ""1,032.59"", ""revised"": ""0.00"", ""expenditure"": ""804.37""}"
618776,4L of Greenfield section from Sirhind to Mohali,,NHAI,,Punjab,2022-03,2023-05,2025-05,2026-09,,1237.65,0.0,1391.88,98.66,2026-08,FlashReport_August_2026.pdf,132,"{""approval"": ""03/2022"", ""start"": ""(05/2023)"", ""actual"": null, ""original"": ""05/2025"", ""revised"": ""(09/2026)""}","{""original"": ""1,237.65"", ""revised"": ""0.00"", ""expenditure"": ""1,391.88""}"
618785,4/6L Greenfield LudhianaRupnagar highway from Jn. with NE-5 village near to ManewalLudhiana to Jn. with NH-205 near Bheora Village Rupnagar from Km 66.0 to Km 91.0 i/c spur to Kharar from Km 0.0 to Km 19.5 with Ludhiana bypass of NH-205K Pkg-3,,NHAI,,Punjab,2021-07,2023-02,2025-02,2026-12,,1501.02,0.0,1173.74,80.71,2026-08,FlashReport_August_2026.pdf,133,"{""approval"": ""07/2021"", ""start"": ""(02/2023)"", ""actual"": null, ""original"": ""02/2025"", ""revised"": ""(12/2026)""}","{""original"": ""1,501.02"", ""revised"": ""0.00"", ""expenditure"": ""1,173.74""}"
618786,4L of Phagwara - Hoshiarpur,,NHAI,,Punjab,2022-11,2025-03,2027-03,2027-07,,1196.38,0.0,556.53,20.03,2026-08,FlashReport_August_2026.pdf,133,"{""approval"": ""11/2022"", ""start"": ""(03/2025)"", ""actual"": null, ""original"": ""03/2027"", ""revised"": ""(07/2027)""}","{""original"": ""1,196.38"", ""revised"": ""0.00"", ""expenditure"": ""556.53""}"
618793,4L of Fazilka to Abohar section of NH-07 including construction of Greenfield Abohar & Fazilka Bypasses,,NHAI,,Punjab,2023-03,2024-04,2026-04,2027-08,,1409.88,0.0,914.43,67.0,2026-08,FlashReport_August_2026.pdf,133,"{""approval"": ""03/2023"", ""start"": ""(04/2024)"", ""actual"": null, ""original"": ""04/2026"", ""revised"": ""(08/2027)""}","{""original"": ""1,409.88"", ""revised"": ""0.00"", ""expenditure"": ""914.43""}"
618794,Amritsarairport Junction - Ramdas from km. 100.835 to km. 139.813 Pkg - IV,,NHAI,,Punjab,2020-12,2022-03,2023-09,2026-10,,524.88,0.0,403.35,96.0,2026-08,FlashReport_August_2026.pdf,133,"{""approval"": ""12/2020"", ""start"": ""(03/2022)"", ""actual"": null, ""original"": ""09/2023"", ""revised"": ""(10/2026)""}","{""original"": ""524.88"", ""revised"": ""0.00"", ""expenditure"": ""403.35""}"
618795,Amritsar Bypass Pkg III from km. 71.496 to km. 105.158,,NHAI,,Punjab,2021-02,2022-08,2024-08,2026-12,,1474.77,0.0,1223.82,82.88,2026-08,FlashReport_August_2026.pdf,133,"{""approval"": ""02/2021"", ""start"": ""(08/2022)"", ""actual"": null, ""original"": ""08/2024"", ""revised"": ""(12/2026)""}","{""original"": ""1,474.77"", ""revised"": ""0.00"", ""expenditure"": ""1,223.82""}"
618809,4L of Beas-Mehta-Batala-Dera Baba Nanak from intersection with Jalandhar-Amritsar Highway NH-3 near Beas till start of Batala Bypass near Village Acchhal from Km. 0.000 to Km. 31.300 Pkg-1,,NHAI,,Punjab,2021-08,2023-06,2025-06,2027-05,,809.51,0.0,701.25,68.2,2026-08,FlashReport_August_2026.pdf,133,"{""approval"": ""08/2021"", ""start"": ""(06/2023)"", ""actual"": null, ""original"": ""06/2025"", ""revised"": ""(05/2027)""}","{""original"": ""809.51"", ""revised"": ""0.00"", ""expenditure"": ""701.25""}"
618810,4L of existing Beas Baba Bakala - Dera Baba Nanak Section from start of Batala Bypass till intersection with Ajnala Gurdaspur Highway NH 354 near Dera Baba Nanak from Km. 31.300 to Km. 69.100 with Additional batala Bypass Pkg-II,,NHAI,,Punjab,2021-10,2023-06,2025-06,2027-03,,1003.38,0.0,818.68,80.9,2026-08,FlashReport_August_2026.pdf,133,"{""approval"": ""10/2021"", ""start"": ""(06/2023)"", ""actual"": null, ""original"": ""06/2025"", ""revised"": ""(03/2027)""}","{""original"": ""1,003.38"", ""revised"": ""0.00"", ""expenditure"": ""818.68""}"
618906,4L of Amritsar-Ghoman - Tanda - Una Section from Km 8.270 to Km 54.000 of NH- 503A Package-I,,NHAI,,Punjab,2020-12,2022-06,2024-06,2027-03,,857.91,0.0,773.01,68.9,2026-08,FlashReport_August_2026.pdf,133,"{""approval"": ""12/2020"", ""start"": ""(06/2022)"", ""actual"": null, ""original"": ""06/2024"", ""revised"": ""(03/2027)""}","{""original"": ""857.91"", ""revised"": ""0.00"", ""expenditure"": ""773.01""}"
619099,6L Amritsar-Bathinda Greenfield section from Jn. with Moga Jalandhar road NH-703 near Dharamkot to Jn. with Bhagta Bhai Ka-Bhadaur Road near Dyalpura Bhai Ka from km 39.000 to km 93.000 of NH-754A Pkg-2,,NHAI,,Punjab,2021-03,2024-06,2026-06,2027-06,,1801.37,0.0,1268.59,66.64,2026-08,FlashReport_August_2026.pdf,133,"{""approval"": ""03/2021"", ""start"": ""(06/2024)"", ""actual"": null, ""original"": ""06/2026"", ""revised"": ""(06/2027)""}","{""original"": ""1,801.37"", ""revised"": ""0.00"", ""expenditure"": ""1,268.59""}"
619105,6L Access Controlled Ludhiana-Bathinda Greenfield highway from Jn. with Moga- Barnala Road NH-703 near village Tallewal to Jn. with Delhi-Katra Expressway NE-5 near Ludhiana village Ballowal from Km 30.300 to Km 75.543 of NH-754AD Pkg-2,,NHAI,,Punjab,2021-07,2025-09,2027-09,2027-09,,1555.13,0.0,723.45,25.55,2026-08,FlashReport_August_2026.pdf,133,"{""approval"": ""07/2021"", ""start"": ""(09/2025)"", ""actual"": null, ""original"": ""09/2027"", ""revised"": ""(09/2027)""}","{""original"": ""1,555.13"", ""revised"": ""0.00"", ""expenditure"": ""723.45""}"
619200,Delhi-Amritsar-Katra Expressway Phase-I Spur-III from Junction with Amritsar- Jalandhar road NH-3 near Bhishambarpura to Junction with Amritsar-Anjala road NH- 354 near Amritsar Airport [Km 71000 to Km 99000 of Amritsar connectivity],,NHAI,,Punjab,2021-03,2022-11,2024-10,2027-12,,1641.75,0.0,1374.83,34.37,2026-08,FlashReport_August_2026.pdf,133,"{""approval"": ""03/2021"", ""start"": ""(11/2022)"", ""actual"": null, ""original"": ""10/2024"", ""revised"": ""(12/2027)""}","{""original"": ""1,641.75"", ""revised"": ""0.00"", ""expenditure"": ""1,374.83""}"
619318,4/6L Greenfield Ludhiana Rupnagar highway from Jn. with NE-5 village near to ManewalLudhiana to Jn. with NH-205 near Bheora Village Rupnagar from Km. 0.00 to Km. 37.7 including spur to Kharar with Ludhiana bypass of NH-205K Pkg-1,,NHAI,,Punjab,2021-05,2022-12,2024-12,2027-12,,1368.91,0.0,533.48,15.31,2026-08,FlashReport_August_2026.pdf,133,"{""approval"": ""05/2021"", ""start"": ""(12/2022)"", ""actual"": null, ""original"": ""12/2024"", ""revised"": ""(12/2027)""}","{""original"": ""1,368.91"", ""revised"": ""0.00"", ""expenditure"": ""533.48""}"
617901,Widening of Pachpadra-Bagundi Section to 4 Lane from Km 73/60 to 95/70 of NH-25 on EPC mode in the state of Rajasthan.,,MORTH,,Rajasthan,2022-01,2022-12,2024-12,2026-07,,194.88,0.0,55.29,98.58,2026-08,FlashReport_August_2026.pdf,133,"{""approval"": ""01/2022"", ""start"": ""(12/2022)"", ""actual"": null, ""original"": ""12/2024"", ""revised"": ""(07/2026)""}","{""original"": ""194.88"", ""revised"": ""0.00"", ""expenditure"": ""55.29""}"
618011,Construction of 2 lane with paved shoulder for the work of Development of remaining sections of NH-325 Balotra to sanderao via Jalore to 2 lane with paved shoulder configuration by Construction of Byasses for town portions1 Asotra- Brahmdham bypass 2Siwana Bypass 3 Mokalsar Bypass 4 Major realignment at Kathadi 5 Major realignment at Bishangarh 6 Jalore Bypass 7 Ahore Town portion 8 Dujana Bypass in the state of Rajasthan on EPC Mode,,MoRTH,,Rajasthan,2021-12,2022-05,2024-05,2026-10,,411.44,0.0,297.73,93.22,2026-08,FlashReport_August_2026.pdf,133,"{""approval"": ""12/2021"", ""start"": ""(05/2022)"", ""actual"": null, ""original"": ""05/2024"", ""revised"": ""(10/2026)""}","{""original"": ""411.44"", ""revised"": ""0.00"", ""expenditure"": ""297.73""}"
618069,Upgradation to Two-lane with paved shoulder of Hanumangarh to Kenchiyan section from Km 0.000existing chainage-Km 23.200 to Km 49.605existing chainage-Km 74.645 of NH-54 in the State of Rajasthan on EPC mode.,,MoRTH,,Rajasthan,2022-03,2024-10,2026-10,2026-10,,334.64,0.0,185.26,72.0,2026-08,FlashReport_August_2026.pdf,133,"{""approval"": ""03/2022"", ""start"": ""(10/2024)"", ""actual"": null, ""original"": ""10/2026"", ""revised"": ""(10/2026)""}","{""original"": ""334.64"", ""revised"": ""0.00"", ""expenditure"": ""185.26""}"
618092,Up-gradation to 2 lane with paved shoulder from Neechli Oden Nathdwara at Design Km 88.800 existing km 55.95 to Bhatewar at Design Km 142.028 existing km 0.00 of NH-162E in the State of Rajasthan on EPC mode.,,MoRTH,,Rajasthan,2023-02,2024-10,2026-10,2026-10,,606.61,0.0,256.14,65.19,2026-08,FlashReport_August_2026.pdf,133,"{""approval"": ""02/2023"", ""start"": ""(10/2024)"", ""actual"": null, ""original"": ""10/2026"", ""revised"": ""(10/2026)""}","{""original"": ""606.61"", ""revised"": ""0.00"", ""expenditure"": ""256.14""}"
618117,Upgradation to 2-Lane with Paved Shoulder from Design Km 36300 to Design Chainage 47918 and from Design Ch 69900 to Design Ch 83940 of NH-248A Natni Ka Bara in the State of Rajasthan on EPC Mode.,,MoRTH,,Rajasthan,2024-02,2024-11,2026-05,2027-03,,154.89,0.0,28.47,23.0,2026-08,FlashReport_August_2026.pdf,134,"{""approval"": ""02/2024"", ""start"": ""(11/2024)"", ""actual"": null, ""original"": ""05/2026"", ""revised"": ""(03/2027)""}","{""original"": ""154.89"", ""revised"": ""0.00"", ""expenditure"": ""28.47""}"
618200,Construction of 2 lane with Paved Shoulder for Northern Bypass Phase-II of Kota city in the State of Rajasthan.,,MoRTH,,Rajasthan,2022-03,2023-10,2025-04,2026-11,,317.74,0.0,154.91,52.57,2026-08,FlashReport_August_2026.pdf,134,"{""approval"": ""03/2022"", ""start"": ""(10/2023)"", ""actual"": null, ""original"": ""04/2025"", ""revised"": ""(11/2026)""}","{""original"": ""317.74"", ""revised"": ""0.00"", ""expenditure"": ""154.91""}"
618235,Balance work of Rehabilitation and Up-gradation to 4-Lane configuration of Ras- Beawar Section Km 00.000 to km 30.050 of NH-158 in the State of Rajasthan under Green National Highway Corridor Project GNHCP.,,MoRTH,,Rajasthan,2025-01,2025-06,2026-12,2026-12,,278.1,0.0,104.4,58.1,2026-08,FlashReport_August_2026.pdf,134,"{""approval"": ""01/2025"", ""start"": ""(06/2025)"", ""actual"": null, ""original"": ""12/2026"", ""revised"": ""(12/2026)""}","{""original"": ""278.10"", ""revised"": ""0.00"", ""expenditure"": ""104.40""}"
618457,Delhi-Vadodara Greenfield Alignment NH-148N Pkg-10 Ch. 292.950 to Ch. 319.400 [End of Interchange on NH-166 near village Mui to Hardeoganj village near Indergarh],,NHAI,,Rajasthan,2019-11,2021-05,2023-05,2027-04,,1272.97,0.0,1164.39,95.25,2026-08,FlashReport_August_2026.pdf,134,"{""approval"": ""11/2019"", ""start"": ""(05/2021)"", ""actual"": null, ""original"": ""05/2023"", ""revised"": ""(04/2027)""}","{""original"": ""1,272.97"", ""revised"": ""0.00"", ""expenditure"": ""1,164.39""}"
618458,Delhi-Vadodara Greenfield Alignment NH-148N Pkg-15 Ch. 419.000 to Ch.427.300 [Junction with NH-12 near village Ummedpura to Major bridge over Takli river near Nayagaon Jageer village],,NHAI,,Rajasthan,2020-07,2021-07,2024-01,2026-09,,1854.68,0.0,1534.71,98.28,2026-08,FlashReport_August_2026.pdf,134,"{""approval"": ""07/2020"", ""start"": ""(07/2021)"", ""actual"": null, ""original"": ""01/2024"", ""revised"": ""(09/2026)""}","{""original"": ""1,854.68"", ""revised"": ""0.00"", ""expenditure"": ""1,534.71""}"
618611,Sangariya near Chautala-Rasisar near Bikaner section of NH-754K Phase-I AJ/SR- Package-7,,NHAI,,Rajasthan,2019-02,2021-06,2023-06,2026-09,,520.63,0.0,450.73,100.0,2026-08,FlashReport_August_2026.pdf,134,"{""approval"": ""02/2019"", ""start"": ""(06/2021)"", ""actual"": null, ""original"": ""06/2023"", ""revised"": ""(09/2026)""}","{""original"": ""520.63"", ""revised"": ""0.00"", ""expenditure"": ""450.73""}"
618612,Deogarh near Dhandhaniya-Rajasthan/Gujarat Border Phase-I AJ/DRGB-Package-6,,NHAI,,Rajasthan,2019-10,2021-08,2023-08,2026-09,,846.59,0.0,707.32,100.0,2026-08,FlashReport_August_2026.pdf,134,"{""approval"": ""10/2019"", ""start"": ""(08/2021)"", ""actual"": null, ""original"": ""08/2023"", ""revised"": ""(09/2026)""}","{""original"": ""846.59"", ""revised"": ""0.00"", ""expenditure"": ""707.32""}"
618613,Deogarh near Dhandhaniya-Rajasthan/Gujarat Border Phase-I AJ/DRGB-Package-7,,NHAI,,Rajasthan,2019-10,2021-07,2023-07,2026-09,,662.08,0.0,561.8,99.2,2026-08,FlashReport_August_2026.pdf,134,"{""approval"": ""10/2019"", ""start"": ""(07/2021)"", ""actual"": null, ""original"": ""07/2023"", ""revised"": ""(09/2026)""}","{""original"": ""662.08"", ""revised"": ""0.00"", ""expenditure"": ""561.80""}"
618757,6L access controlled Highway from Km 40080 to Km 86513 Mator to Barodameo Section,,NHAI,,Rajasthan,2022-09,2024-03,2026-03,2027-06,,2010.2,0.0,723.71,37.27,2026-08,FlashReport_August_2026.pdf,134,"{""approval"": ""09/2022"", ""start"": ""(03/2024)"", ""actual"": null, ""original"": ""03/2026"", ""revised"": ""(06/2027)""}","{""original"": ""2,010.20"", ""revised"": ""0.00"", ""expenditure"": ""723.71""}"
618758,6L accesscontrolled highway from km 0000 to km 40080 Paniyala to Mator Section of Paniyala-Barodameo ICR,,NHAI,,Rajasthan,2022-09,2024-09,2026-09,2026-09,,1764.86,0.0,585.41,42.75,2026-08,FlashReport_August_2026.pdf,134,"{""approval"": ""09/2022"", ""start"": ""(09/2024)"", ""actual"": null, ""original"": ""09/2026"", ""revised"": ""(09/2026)""}","{""original"": ""1,764.86"", ""revised"": ""0.00"", ""expenditure"": ""585.41""}"
618796,Tanot -Ramgarh-Bhadasar-Jaisalmer NH-68 and BhadasarMokal-Sarkaritala up to Pakisthan Border NH-968 Pkg-BM/5,,NHAI,,Rajasthan,2018-02,2019-04,2021-04,2026-09,,828.58,0.0,756.0,100.0,2026-08,FlashReport_August_2026.pdf,134,"{""approval"": ""02/2018"", ""start"": ""(04/2019)"", ""actual"": null, ""original"": ""04/2021"", ""revised"": ""(09/2026)""}","{""original"": ""828.58"", ""revised"": ""0.00"", ""expenditure"": ""756.00""}"
618797,"Widening Strengthening of 2-Lane with Paved Shoulder from MyajlarJaisalmer from Design Chainage 0000 to 98350 Section of NH-11 & SundraMyajlarAmbasingh ki Dhani Road from Design Chainage 46000 to 81601, part of MunabaoTanot Road Section of NH-70 along with Strengthening/Widening of Existing Connection of NH-70 & NH-11 of length 0.914 km in the State of Rajasthan under NHO on Hybrid Annuity Mode",,NHAI,,Rajasthan,2025-03,2025-12,2027-12,2027-12,,1237.71,0.0,94.08,21.22,2026-08,FlashReport_August_2026.pdf,134,"{""approval"": ""03/2025"", ""start"": ""(12/2025)"", ""actual"": null, ""original"": ""12/2027"", ""revised"": ""(12/2027)""}","{""original"": ""1,237.71"", ""revised"": ""0.00"", ""expenditure"": ""94.08""}"
618838,4L of Karwar Km. 281.980 of NH-62 Nagaur road to Dangiyavas of Jodhpur Ring Road Pkg-II,,NHAI,,Rajasthan,2021-11,2022-08,2024-08,2026-09,,736.75,0.0,464.14,100.0,2026-08,FlashReport_August_2026.pdf,134,"{""approval"": ""11/2021"", ""start"": ""(08/2022)"", ""actual"": null, ""original"": ""08/2024"", ""revised"": ""(09/2026)""}","{""original"": ""736.75"", ""revised"": ""0.00"", ""expenditure"": ""464.14""}"
618853,Construction of Four lane Elevated Structure at Raniwada Circle in Sanchore City on NH-68,,NHAI,,Rajasthan,2024-01,2024-07,2026-07,2026-11,,353.3,0.0,199.77,89.37,2026-08,FlashReport_August_2026.pdf,134,"{""approval"": ""01/2024"", ""start"": ""(07/2024)"", ""actual"": null, ""original"": ""07/2026"", ""revised"": ""(11/2026)""}","{""original"": ""353.30"", ""revised"": ""0.00"", ""expenditure"": ""199.77""}"
619251,Construction of two lane with paved shoulder of Ghatol Bypass from km 133.250 to km 140.950 of NH-56 old NH No. 113 on EPC mode in the State of Rajasthan.,,MoRTH,,Rajasthan,2025-03,2026-03,2027-09,,,170.49,0.0,40.77,24.0,2026-08,FlashReport_August_2026.pdf,134,"{""approval"": ""03/2025"", ""start"": ""(03/2026)"", ""actual"": null, ""original"": ""09/2027"", ""revised"": ""(-)""}","{""original"": ""170.49"", ""revised"": ""0.00"", ""expenditure"": ""40.77""}"
619270,"Upgradation of 6 laned Jaipur- Kishangarh section of NH-48 from km 274100 to 363885 involving construction of flyovers and Service road in Rajasthan On Engineering, Procurement & Construction EPC Mode",,NHAI,,Rajasthan,2026-03,2026-08,2029-01,2028-08,,910.91,0.0,0.0,0.0,2026-08,FlashReport_August_2026.pdf,134,"{""approval"": ""03/2026"", ""start"": ""(08/2026)"", ""actual"": null, ""original"": ""01/2029"", ""revised"": ""(08/2028)""}","{""original"": ""910.91"", ""revised"": ""0.00"", ""expenditure"": ""0.00""}"
619271,Construction of Elevated Corridor at Kherwara Town on Udaipur Ratanpur Shamlaji Section of NH-48 in Udaipur District in the State of Rajasthan on EPC mode,,NHAI,,Rajasthan,2026-03,2026-07,2029-01,2029-01,,363.89,0.0,0.38,0.0,2026-08,FlashReport_August_2026.pdf,134,"{""approval"": ""03/2026"", ""start"": ""(07/2026)"", ""actual"": null, ""original"": ""01/2029"", ""revised"": ""(01/2029)""}","{""original"": ""363.89"", ""revised"": ""0.00"", ""expenditure"": ""0.38""}"
618071,Construction of two lane with paved shoulder Gangtok Bypass Road from Ranipool to Burtuk Ch 0.00 Km to 23.316 L23.316 Km in the State of Sikkim,,MoRTH,,Sikkim,2021-10,2022-05,2024-05,2026-12,,385.15,0.0,254.56,92.0,2026-08,FlashReport_August_2026.pdf,135,"{""approval"": ""10/2021"", ""start"": ""(05/2022)"", ""actual"": null, ""original"": ""05/2024"", ""revised"": ""(12/2026)""}","{""original"": ""385.15"", ""revised"": ""0.00"", ""expenditure"": ""254.56""}"
618426,Construction/Up gradation of Existing road to 2 Lane with Paved Shoulder including Geometric Improvement from Ranipool to Pakyong Balance work from Km 2.000 to 16.167 of NH-717-A on EPC basis under SARDP-NE Phase A in the State of Sikkim,,NHIDCL,,Sikkim,2018-03,2023-01,2024-07,2026-12,,264.84,0.0,127.34,87.03,2026-08,FlashReport_August_2026.pdf,135,"{""approval"": ""03/2018"", ""start"": ""(01/2023)"", ""actual"": null, ""original"": ""07/2024"", ""revised"": ""(12/2026)""}","{""original"": ""264.84"", ""revised"": ""0.00"", ""expenditure"": ""127.34""}"
618428,Realignment of NH-717A from Design Ch.0.00 Km 77.800 of NH-10 to Design Ch.2.00 Km 3.100 of NH-717A with two lane paved shoulder including Major Bridge of 680 m in the State of Sikkim on EPC Mode-COS work,,NHIDCL,,Sikkim,2021-01,2021-04,2023-04,2026-05,,264.84,0.0,70.71,100.0,2026-08,FlashReport_August_2026.pdf,135,"{""approval"": ""01/2021"", ""start"": ""(04/2021)"", ""actual"": null, ""original"": ""04/2023"", ""revised"": ""(05/2026)""}","{""original"": ""264.84"", ""revised"": ""0.00"", ""expenditure"": ""70.71""}"
618446,Construction & Upgradation of existing road to 2-lane with paved shoulder from New Rolep Bridge at km 37.600 to Chochenpheri at km 52.00 in the section of Rongli to Chochenpheri of NH 717B Pkg-II C,,NHIDCL,,Sikkim,2020-10,2021-05,2024-05,2026-09,,493.42,0.0,395.19,79.13,2026-08,FlashReport_August_2026.pdf,135,"{""approval"": ""10/2020"", ""start"": ""(05/2021)"", ""actual"": null, ""original"": ""05/2024"", ""revised"": ""(09/2026)""}","{""original"": ""493.42"", ""revised"": ""0.00"", ""expenditure"": ""395.19""}"
618447,Construction of 2-Laning with Paved Shoulder of New Greenfield Alignment From Helipad near Menla at Km 82000 to Menla at Km 94030 of Rhenock-Menla Spur NH- 717B Package-IIIB on EPC Basis under SARDP-NE Phase 'A' in the State of Sikkim.,,NHIDCL,,Sikkim,2021-01,2021-02,2024-02,2027-05,,410.6,0.0,241.77,82.64,2026-08,FlashReport_August_2026.pdf,135,"{""approval"": ""01/2021"", ""start"": ""(02/2021)"", ""actual"": null, ""original"": ""02/2024"", ""revised"": ""(05/2027)""}","{""original"": ""410.60"", ""revised"": ""0.00"", ""expenditure"": ""241.77""}"
618448,Construction of 2-Laning with Paved Shoulder of New Greenfield Alignment From Chochenpheri at Km 52000 to Helipad near Menla at Km 82000 of Rhenock-Menla Spur NH-717B Package-IIIA on EPC Basis under SARDP-NE Phase 'A' in the State of Sikkim.,,NHIDCL,,Sikkim,2020-10,2020-12,2023-12,2027-05,,816.79,0.0,474.96,64.31,2026-08,FlashReport_August_2026.pdf,135,"{""approval"": ""10/2020"", ""start"": ""(12/2020)"", ""actual"": null, ""original"": ""12/2023"", ""revised"": ""(05/2027)""}","{""original"": ""816.79"", ""revised"": ""0.00"", ""expenditure"": ""474.96""}"
618449,Construction & Upgradation of existing road to 2-lane with paved shoulder from km27.200 End of Rongli bypass to km37.600New Rolep Bridge of Rhenok-Menla spur NH-717B on EPC Mode under SARDP-NE Phase-A in Sikkim Pkg-II B,,NHIDCL,,Sikkim,2020-07,2020-10,2023-04,2026-09,,230.45,0.0,249.71,86.19,2026-08,FlashReport_August_2026.pdf,135,"{""approval"": ""07/2020"", ""start"": ""(10/2020)"", ""actual"": null, ""original"": ""04/2023"", ""revised"": ""(09/2026)""}","{""original"": ""230.45"", ""revised"": ""0.00"", ""expenditure"": ""249.71""}"
618450,Rehabilitation & Upgradation of existing road to 2-lane with paved shoulder including geometric improvement of section from start of Rabangla km33.600 to km58.840 under SARDP-NE Phase A Pkg- IV,,NHIDCL,,Sikkim,2020-07,2020-10,2022-05,2026-12,,292.8,0.0,256.52,65.15,2026-08,FlashReport_August_2026.pdf,135,"{""approval"": ""07/2020"", ""start"": ""(10/2020)"", ""actual"": null, ""original"": ""05/2022"", ""revised"": ""(12/2026)""}","{""original"": ""292.80"", ""revised"": ""0.00"", ""expenditure"": ""256.52""}"
617962,"Construction of Bypass to Madurai Achambathu Viratipathu in between km 6/850 10/382 of NH 49 Extn New NH 85 including Land Acquisition on Engineering, Procurement & Construction EPC basis Contract under NH O Annual Plan 2021-22 in the state of Tamil Nadu job No.NH-49 Extn New NH 85 - TN-2021-22-997",,MoRTH,,Tamil Nadu,2022-03,2024-09,2026-08,2026-10,,238.97,0.0,217.37,94.0,2026-08,FlashReport_August_2026.pdf,135,"{""approval"": ""03/2022"", ""start"": ""(09/2024)"", ""actual"": null, ""original"": ""08/2026"", ""revised"": ""(10/2026)""}","{""original"": ""238.97"", ""revised"": ""0.00"", ""expenditure"": ""217.37""}"
618478,Bangalore Chennai Expressway Phase-III Package II Walajahpet to Arakkonam from Km 180.000 to Km 204.500,,NHAI,,Tamil Nadu,2021-01,2022-07,2024-07,2026-10,,1106.65,0.0,616.01,93.04,2026-08,FlashReport_August_2026.pdf,135,"{""approval"": ""01/2021"", ""start"": ""(07/2022)"", ""actual"": null, ""original"": ""07/2024"", ""revised"": ""(10/2026)""}","{""original"": ""1,106.65"", ""revised"": ""0.00"", ""expenditure"": ""616.01""}"
618479,Bangalore Chennai Expressway Phase-III Package III Arakkonam to Kancheepuram from Km 204.500 to Km 230.000,,NHAI,,Tamil Nadu,2020-12,2022-08,2024-07,2027-12,,1525.1,0.0,360.95,53.56,2026-08,FlashReport_August_2026.pdf,135,"{""approval"": ""12/2020"", ""start"": ""(08/2022)"", ""actual"": null, ""original"": ""07/2024"", ""revised"": ""(12/2027)""}","{""original"": ""1,525.10"", ""revised"": ""0.00"", ""expenditure"": ""360.95""}"
618480,Construction of Trumpet Interchange Connecting Bangalore Chennai Expressway km.261705 to km. 262800 with Maduravoyal to Walajapet Section of NH 48 near Sriperumbudur Toll Plaza at km. 35700,,NHAI,,Tamil Nadu,2023-05,2024-02,2025-08,2026-10,,162.55,0.0,59.96,38.52,2026-08,FlashReport_August_2026.pdf,135,"{""approval"": ""05/2023"", ""start"": ""(02/2024)"", ""actual"": null, ""original"": ""08/2025"", ""revised"": ""(10/2026)""}","{""original"": ""162.55"", ""revised"": ""0.00"", ""expenditure"": ""59.96""}"
618481,4L Bangalore-Chennai Expressway from Km. 230.000 to Km. 261.705 of Kanchepuram to Sriperumbudur Section Phase-III/Package-IV,,NHAI,,Tamil Nadu,2021-02,2022-07,2024-07,2026-10,,3605.73,0.0,1009.84,89.97,2026-08,FlashReport_August_2026.pdf,135,"{""approval"": ""02/2021"", ""start"": ""(07/2022)"", ""actual"": null, ""original"": ""07/2024"", ""revised"": ""(10/2026)""}","{""original"": ""3,605.73"", ""revised"": ""0.00"", ""expenditure"": ""1,009.84""}"
618521,Karaipettai to Walajapet from Km 71.015 to 107.091,,NHAI,,Tamil Nadu,2018-08,2019-02,2021-02,2026-09,,766.51,0.0,613.76,93.55,2026-08,FlashReport_August_2026.pdf,135,"{""approval"": ""08/2018"", ""start"": ""(02/2019)"", ""actual"": null, ""original"": ""02/2021"", ""revised"": ""(09/2026)""}","{""original"": ""766.51"", ""revised"": ""0.00"", ""expenditure"": ""613.76""}"
618522,Balance Works for six laning of Sriperumbudur to karaipettai section of NH-4 New NH- 48 from 37000 Existing Km 37000 to Km 71015 Existing Km 71000 in Tamilnadu on EPC mode underNHDP Phase-V,,NHAI,,Tamil Nadu,2024-06,2025-01,2026-10,2027-03,,411.16,0.0,161.6,38.26,2026-08,FlashReport_August_2026.pdf,135,"{""approval"": ""06/2024"", ""start"": ""(01/2025)"", ""actual"": null, ""original"": ""10/2026"", ""revised"": ""(03/2027)""}","{""original"": ""411.16"", ""revised"": ""0.00"", ""expenditure"": ""161.60""}"
618561,Improving the Alignment of Thoppur Ghat Section from Km 158.500 to Km 165.100 in Dharmapuri - Salem Section of NH-44,,NHAI,,Tamil Nadu,2024-03,2025-03,2028-03,2028-03,,904.99,0.0,230.58,47.84,2026-08,FlashReport_August_2026.pdf,135,"{""approval"": ""03/2024"", ""start"": ""(03/2025)"", ""actual"": null, ""original"": ""03/2028"", ""revised"": ""(03/2028)""}","{""original"": ""904.99"", ""revised"": ""0.00"", ""expenditure"": ""230.58""}"
618563,4L of Madurai Ring Road Phase 1 [Vadipatti-Thamrapatti] from km 0.00 - km 29.960,,NHAI,,Tamil Nadu,2018-12,2020-03,2022-03,2026-09,,900.05,0.0,905.53,99.42,2026-08,FlashReport_August_2026.pdf,135,"{""approval"": ""12/2018"", ""start"": ""(03/2020)"", ""actual"": null, ""original"": ""03/2022"", ""revised"": ""(09/2026)""}","{""original"": ""900.05"", ""revised"": ""0.00"", ""expenditure"": ""905.53""}"
618608,4L of left-over works including additional structures from Kerala/Tamil Nadu border to Kanyakumari Section from Km 43.0 to Km 96.174 of NH66,,NHAI,,Tamil Nadu,2022-11,2023-08,2025-08,2026-12,,1564.23,0.0,1004.18,81.85,2026-08,FlashReport_August_2026.pdf,136,"{""approval"": ""11/2022"", ""start"": ""(08/2023)"", ""actual"": null, ""original"": ""08/2025"", ""revised"": ""(12/2026)""}","{""original"": ""1,564.23"", ""revised"": ""0.00"", ""expenditure"": ""1,004.18""}"
618635,6L of Pondavakkam to Kannigaipair from km 96.040 to km 116.100 of NH 716B Pkg- IV,,NHAI,,Tamil Nadu,2021-02,2023-01,2025-01,2027-12,,1359.81,0.0,409.63,44.53,2026-08,FlashReport_August_2026.pdf,136,"{""approval"": ""02/2021"", ""start"": ""(01/2023)"", ""actual"": null, ""original"": ""01/2025"", ""revised"": ""(12/2027)""}","{""original"": ""1,359.81"", ""revised"": ""0.00"", ""expenditure"": ""409.63""}"
618744,4L of Thirumangalam to Vadugapatti section from km 0.000 to km 36.000 of NH-744,,NHAI,,Tamil Nadu,2022-03,2023-02,2025-02,2026-10,,1076.97,0.0,685.87,95.95,2026-08,FlashReport_August_2026.pdf,136,"{""approval"": ""03/2022"", ""start"": ""(02/2023)"", ""actual"": null, ""original"": ""02/2025"", ""revised"": ""(10/2026)""}","{""original"": ""1,076.97"", ""revised"": ""0.00"", ""expenditure"": ""685.87""}"
618756,Melur - Pilayarpatti - Karaikudi from km 99.920 of NH 38 to km 12.9 of NH 383 Ext.,,NHAI,,Tamil Nadu,2018-12,2020-03,2022-03,2026-09,,1103.86,0.0,948.46,98.12,2026-08,FlashReport_August_2026.pdf,136,"{""approval"": ""12/2018"", ""start"": ""(03/2020)"", ""actual"": null, ""original"": ""03/2022"", ""revised"": ""(09/2026)""}","{""original"": ""1,103.86"", ""revised"": ""0.00"", ""expenditure"": ""948.46""}"
618800,Construction of New Double Tier 4L Elevated Corridor from Chennai Port to Maduravoyal in Chennai District from km -0.342 to Km 20.593 and Package II from Km 4.604 to Km 9.700,,NHAI,,Tamil Nadu,2023-03,2023-11,2026-05,2029-03,,1616.97,0.0,271.12,18.13,2026-08,FlashReport_August_2026.pdf,136,"{""approval"": ""03/2023"", ""start"": ""(11/2023)"", ""actual"": null, ""original"": ""05/2026"", ""revised"": ""(03/2029)""}","{""original"": ""1,616.97"", ""revised"": ""0.00"", ""expenditure"": ""271.12""}"
618801,Construction of New Double Tier 4-lane Elevated Corridor from Chennai Port to Maduravoyal in Chennai District from Km -0342 to Km 20223 Package 1 from Km - 0342 to Km 4604,,NHAI,,Tamil Nadu,2023-03,2023-11,2026-05,2029-03,,1388.59,0.0,297.34,22.8,2026-08,FlashReport_August_2026.pdf,136,"{""approval"": ""03/2023"", ""start"": ""(11/2023)"", ""actual"": null, ""original"": ""05/2026"", ""revised"": ""(03/2029)""}","{""original"": ""1,388.59"", ""revised"": ""0.00"", ""expenditure"": ""297.34""}"
618846,Poondiyankuppam Km.67.000 to Sattanathapuram Km.123.800,,NHAI,,Tamil Nadu,2018-03,2022-01,2024-01,2026-10,,2565.63,0.0,1210.2,99.8,2026-08,FlashReport_August_2026.pdf,136,"{""approval"": ""03/2018"", ""start"": ""(01/2022)"", ""actual"": null, ""original"": ""01/2024"", ""revised"": ""(10/2026)""}","{""original"": ""2,565.63"", ""revised"": ""0.00"", ""expenditure"": ""1,210.20""}"
618894,4L of Madathukulam - Pollachi from km. 74.38 to km. 116.95 of old NH-209 New NH- 83,,NHAI,,Tamil Nadu,2019-01,2020-12,2022-12,2026-09,,1772.13,0.0,1063.22,97.65,2026-08,FlashReport_August_2026.pdf,136,"{""approval"": ""01/2019"", ""start"": ""(12/2020)"", ""actual"": null, ""original"": ""12/2022"", ""revised"": ""(09/2026)""}","{""original"": ""1,772.13"", ""revised"": ""0.00"", ""expenditure"": ""1,063.22""}"
618895,Kamalapuram to Oddanchatram from km. 0.00 to km. 35.822,,NHAI,,Tamil Nadu,2019-01,2021-01,2023-01,2026-09,,1319.42,0.0,649.84,93.6,2026-08,FlashReport_August_2026.pdf,136,"{""approval"": ""01/2019"", ""start"": ""(01/2021)"", ""actual"": null, ""original"": ""01/2023"", ""revised"": ""(09/2026)""}","{""original"": ""1,319.42"", ""revised"": ""0.00"", ""expenditure"": ""649.84""}"
618898,Balance Works for Four laning of Vikravandi to Sethiyathope section from Km 0.0 to Km 65.96 of NH-45C in Tamil Nadu under NHDP Phase-IV on EPC mode,,NHAI,,Tamil Nadu,2025-01,2025-06,2027-06,2027-06,,1163.17,0.0,320.41,37.62,2026-08,FlashReport_August_2026.pdf,136,"{""approval"": ""01/2025"", ""start"": ""(06/2025)"", ""actual"": null, ""original"": ""06/2027"", ""revised"": ""(06/2027)""}","{""original"": ""1,163.17"", ""revised"": ""0.00"", ""expenditure"": ""320.41""}"
618899,Kallagam km.38.700 to Meensurutti Km.98.433 of NH-227 in Tamil Nadu,,NHAI,,Tamil Nadu,2018-02,2019-04,2021-04,2026-09,,1499.12,0.0,1112.05,100.0,2026-08,FlashReport_August_2026.pdf,136,"{""approval"": ""02/2018"", ""start"": ""(04/2019)"", ""actual"": null, ""original"": ""04/2021"", ""revised"": ""(09/2026)""}","{""original"": ""1,499.12"", ""revised"": ""0.00"", ""expenditure"": ""1,112.05""}"
619045,Construction of New Double Tier 4L Elevated Corridor from Chennai Port to Maduravoyal in Chennai District from km -0.342 to Km 20.593 and Package IV from Km 14.185 to Km 20.593,,NHAI,,Tamil Nadu,2023-03,2023-11,2026-05,2029-03,,1205.4,0.0,96.86,8.58,2026-08,FlashReport_August_2026.pdf,136,"{""approval"": ""03/2023"", ""start"": ""(11/2023)"", ""actual"": null, ""original"": ""05/2026"", ""revised"": ""(03/2029)""}","{""original"": ""1,205.40"", ""revised"": ""0.00"", ""expenditure"": ""96.86""}"
619074,6-laning of Krishnagiri Km.0.000 to Walajahpet Km.148.300 section on NH-46 under NHDP-V,,NHAI,,Tamil Nadu,2009-12,2011-06,2013-12,2026-09,,1673.17,0.0,708.34,99.99,2026-08,FlashReport_August_2026.pdf,136,"{""approval"": ""12/2009"", ""start"": ""(06/2011)"", ""actual"": null, ""original"": ""12/2013"", ""revised"": ""(09/2026)""}","{""original"": ""1,673.17"", ""revised"": ""0.00"", ""expenditure"": ""708.34""}"
619086,Chengapalli km 102.035 to Neelambur Km144.680 and Madukkarai Km 170.880 to Walayar K183.010 Package No. NS-2/BOT/TN-08,,NHAI,,Tamil Nadu,2009-10,2010-09,2013-03,2026-10,,1247.43,0.0,7.46,100.0,2026-08,FlashReport_August_2026.pdf,136,"{""approval"": ""10/2009"", ""start"": ""(09/2010)"", ""actual"": null, ""original"": ""03/2013"", ""revised"": ""(10/2026)""}","{""original"": ""1,247.43"", ""revised"": ""0.00"", ""expenditure"": ""7.46""}"
619094,Thorapalli - Agraharam - Jittandahalli Section from km 23.350 to km 60.100 [Hosur to Dhamrapuri Pkg-2],,NHAI,,Tamil Nadu,2019-02,2021-12,2023-12,2026-12,,1243.57,0.0,823.86,77.57,2026-08,FlashReport_August_2026.pdf,136,"{""approval"": ""02/2019"", ""start"": ""(12/2021)"", ""actual"": null, ""original"": ""12/2023"", ""revised"": ""(12/2026)""}","{""original"": ""1,243.57"", ""revised"": ""0.00"", ""expenditure"": ""823.86""}"
619129,Mahabalipuram - Pondicherry Pkg-I [Mamallapuram to Mugaiyur],,NHAI,,Tamil Nadu,2019-02,2022-05,2024-05,2027-01,,1360.54,0.0,921.42,58.65,2026-08,FlashReport_August_2026.pdf,136,"{""approval"": ""02/2019"", ""start"": ""(05/2022)"", ""actual"": null, ""original"": ""05/2024"", ""revised"": ""(01/2027)""}","{""original"": ""1,360.54"", ""revised"": ""0.00"", ""expenditure"": ""921.42""}"
619130,Mahabalipuram - Pondicherry Pkg-II [Mugaiyur to Marakkanam],,NHAI,,Tamil Nadu,2019-02,2023-12,2025-12,2027-03,,1116.13,0.0,818.96,53.41,2026-08,FlashReport_August_2026.pdf,136,"{""approval"": ""02/2019"", ""start"": ""(12/2023)"", ""actual"": null, ""original"": ""12/2025"", ""revised"": ""(03/2027)""}","{""original"": ""1,116.13"", ""revised"": ""0.00"", ""expenditure"": ""818.96""}"
619131,Four Laning of Chettikulam to Natham section of NH-785,,NHAI,,Tamil Nadu,2018-03,2018-11,2020-11,2026-08,,837.61,0.0,641.94,99.75,2026-08,FlashReport_August_2026.pdf,136,"{""approval"": ""03/2018"", ""start"": ""(11/2018)"", ""actual"": null, ""original"": ""11/2020"", ""revised"": ""(08/2026)""}","{""original"": ""837.61"", ""revised"": ""0.00"", ""expenditure"": ""641.94""}"
619139,Construction of New Double Tier 4L Elevated Corridor from Chennai Port to Maduravoyal in Chennai District from km -0.342 to Km 20.593 and Package III from Km 9.700 to Km 14.185,,NHAI,,Tamil Nadu,2023-03,2023-11,2026-05,2029-03,,1299.36,0.0,209.5,17.24,2026-08,FlashReport_August_2026.pdf,136,"{""approval"": ""03/2023"", ""start"": ""(11/2023)"", ""actual"": null, ""original"": ""05/2026"", ""revised"": ""(03/2029)""}","{""original"": ""1,299.36"", ""revised"": ""0.00"", ""expenditure"": ""209.50""}"
619156,4 Laning of Paramakudi to Ramanathapuram Section of NH-87 Old NH-49,,NHAI,,Tamil Nadu,2025-07,2026-05,2028-05,2028-05,,1853.16,0.0,218.27,0.0,2026-08,FlashReport_August_2026.pdf,137,"{""approval"": ""07/2025"", ""start"": ""(05/2026)"", ""actual"": null, ""original"": ""05/2028"", ""revised"": ""(05/2028)""}","{""original"": ""1,853.16"", ""revised"": ""0.00"", ""expenditure"": ""218.27""}"
619161,Access Controlled Highway of 4 Lane with Paved Shoulders from Tiruvallur Design Chainage Km 1756 to TN/AP Broder Design Chainage Km 6151 of NH-716 Chennai- Tirupati Package-1,,NHAI,,Tamil Nadu,2024-03,2024-12,2026-12,2027-03,,1376.1,0.0,182.19,46.31,2026-08,FlashReport_August_2026.pdf,137,"{""approval"": ""03/2024"", ""start"": ""(12/2024)"", ""actual"": null, ""original"": ""12/2026"", ""revised"": ""(03/2027)""}","{""original"": ""1,376.10"", ""revised"": ""0.00"", ""expenditure"": ""182.19""}"
619222,"Balance works of four lane from km 43.950 Thiruvallur Bypass to km 61.470 Veppampattu Bypass passing through Thannerkulam, Thozur and Sevapet Bypass 17.520 kms of Tirupathi- Tiruttani- Chennai section of NH 205",,NHAI,,Tamil Nadu,2022-03,2022-09,2024-09,2026-09,,467.99,0.0,596.15,97.92,2026-08,FlashReport_August_2026.pdf,137,"{""approval"": ""03/2022"", ""start"": ""(09/2022)"", ""actual"": null, ""original"": ""09/2024"", ""revised"": ""(09/2026)""}","{""original"": ""467.99"", ""revised"": ""0.00"", ""expenditure"": ""596.15""}"
617913,6-laning of km 9.900 to km 19/948 Aramgarh to Shamshabad Section of Hyderabad- Bangalore section of NH-44 Under NHO EPC basis in the state of Telangana,,MoRTH,,Telangana,2018-01,2018-05,2020-05,2026-06,,283.15,0.0,270.88,92.62,2026-08,FlashReport_August_2026.pdf,137,"{""approval"": ""01/2018"", ""start"": ""(05/2018)"", ""actual"": null, ""original"": ""05/2020"", ""revised"": ""(06/2026)""}","{""original"": ""283.15"", ""revised"": ""0.00"", ""expenditure"": ""270.88""}"
617936,Widening to two/four lane with paved shoulder from Km.180.600 to Km.223.000 of NH-63 on Nizamabad-Jagadalpur road on EPC mode under NHO in the state of Telangana.,,MoRTH,,Telangana,2016-10,2017-03,2019-03,,,253.99,0.0,0.0,100.0,2026-08,FlashReport_August_2026.pdf,137,"{""approval"": ""10/2016"", ""start"": ""(03/2017)"", ""actual"": null, ""original"": ""03/2019"", ""revised"": ""(-)""}","{""original"": ""253.99"", ""revised"": ""0.00"", ""expenditure"": ""0.00""}"
617939,6-Laning of Pune-Hyderabad Section of NH-65 from Km 493/0 to Km 524/0 from Sangareddy X Roads to Madinaguda in the State of Telangana,,MoRTH,,Telangana,2023-03,2024-07,2026-07,2027-06,,1297.75,0.0,453.75,47.8,2026-08,FlashReport_August_2026.pdf,137,"{""approval"": ""03/2023"", ""start"": ""(07/2024)"", ""actual"": null, ""original"": ""07/2026"", ""revised"": ""(06/2027)""}","{""original"": ""1,297.75"", ""revised"": ""0.00"", ""expenditure"": ""453.75""}"
617940,"Rehabilitation and Upgradation of LB-Nagar to Malkapur section to 6-Lane main carriageway with service roads, drains cum footpath, including VUPs and widening of Minor bridge & road safety provisions from Km. 15/00 to Km 40/00 of NH-65 Old NH-9 under NH O for the year 2020-21 in the state of Telangana on EPC Mode.",,MoRTH,,Telangana,2021-03,2022-07,2024-07,2026-12,,545.11,0.0,398.53,83.47,2026-08,FlashReport_August_2026.pdf,137,"{""approval"": ""03/2021"", ""start"": ""(07/2022)"", ""actual"": null, ""original"": ""07/2024"", ""revised"": ""(12/2026)""}","{""original"": ""545.11"", ""revised"": ""0.00"", ""expenditure"": ""398.53""}"
617980,Construction of six lane elevated corridor from km 7.950 Uppal to km 14.200 of NH- 163 to De-Congest the urban limits of Hyderabad-Bhoopalapatnam section on EPC mode in the state of Telangana,,MoRTH,,Telangana,2018-03,2018-07,2020-07,2027-12,,626.76,0.0,290.8,55.25,2026-08,FlashReport_August_2026.pdf,137,"{""approval"": ""03/2018"", ""start"": ""(07/2018)"", ""actual"": null, ""original"": ""07/2020"", ""revised"": ""(12/2027)""}","{""original"": ""626.76"", ""revised"": ""0.00"", ""expenditure"": ""290.80""}"
617983,Widening & Strengthening of Existing 2LPS to 4 lane PS from Km 150000 to Km 159000 and Km 165400 to Km 186000 of NH-163 old NH-202 under NH O for the year 2020-21 on EPC Mode in the state of Telangana.,,MoRTH,,Telangana,2021-03,2022-07,2024-07,2026-12,,317.19,0.0,252.45,91.0,2026-08,FlashReport_August_2026.pdf,137,"{""approval"": ""03/2021"", ""start"": ""(07/2022)"", ""actual"": null, ""original"": ""07/2024"", ""revised"": ""(12/2026)""}","{""original"": ""317.19"", ""revised"": ""0.00"", ""expenditure"": ""252.45""}"
617994,Rehabilitation and upgradation of NH-167 from design km 113.900 to 154.479 Mallepally Haliya section to two lane with paved shoulders on EPC mode in the stte of Telangana,,MoRTH,,Telangana,2018-02,2018-06,2019-11,2025-12,,294.13,0.0,249.23,88.22,2026-08,FlashReport_August_2026.pdf,137,"{""approval"": ""02/2018"", ""start"": ""(06/2018)"", ""actual"": null, ""original"": ""11/2019"", ""revised"": ""(12/2025)""}","{""original"": ""294.13"", ""revised"": ""0.00"", ""expenditure"": ""249.23""}"
618001,"Construction of 4-lane flyover at Amberpet-X road, Hyderabad on NH-202 in the State of Telangana",,MoRTH,,Telangana,2018-05,2021-06,2023-06,2026-06,,216.53,0.0,214.53,92.1,2026-08,FlashReport_August_2026.pdf,137,"{""approval"": ""05/2018"", ""start"": ""(06/2021)"", ""actual"": null, ""original"": ""06/2023"", ""revised"": ""(06/2026)""}","{""original"": ""216.53"", ""revised"": ""0.00"", ""expenditure"": ""214.53""}"
618025,Rehabiitation and upgradation from km 121/000 to 154/000 Nakrekal to Mallampally section of NH-365 to 2 lane with paved shoulders in the state of Telangana in the EPC mode,,MoRTH,,Telangana,2018-03,2018-06,2019-12,2026-09,,192.67,0.0,171.88,96.0,2026-08,FlashReport_August_2026.pdf,137,"{""approval"": ""03/2018"", ""start"": ""(06/2018)"", ""actual"": null, ""original"": ""12/2019"", ""revised"": ""(09/2026)""}","{""original"": ""192.67"", ""revised"": ""0.00"", ""expenditure"": ""171.88""}"
618091,Widening to two lane with paved shoulders from Km 0/000 to Km 45/946 of Nizampet- Narayankhed-bidar section of NH-161B in the state of Telangana under Annual Plan 2021-22 on EPC mode under NHO,,MoRTH,,Telangana,2022-03,2024-02,2026-02,2027-03,,512.98,0.0,173.34,47.57,2026-08,FlashReport_August_2026.pdf,137,"{""approval"": ""03/2022"", ""start"": ""(02/2024)"", ""actual"": null, ""original"": ""02/2026"", ""revised"": ""(03/2027)""}","{""original"": ""512.98"", ""revised"": ""0.00"", ""expenditure"": ""173.34""}"
618104,Widening to two lane with paved shoulders from Km 0/000 to Km 79/300 of Kalwakurthy - Kollapur section of NH-167K in the state of Telangana under annual plan 2021-22 on EPC mode under NHO.,,MoRTH,,Telangana,2022-03,2023-07,2025-07,2026-08,,886.69,0.0,620.25,90.05,2026-08,FlashReport_August_2026.pdf,137,"{""approval"": ""03/2022"", ""start"": ""(07/2023)"", ""actual"": null, ""original"": ""07/2025"", ""revised"": ""(08/2026)""}","{""original"": ""886.69"", ""revised"": ""0.00"", ""expenditure"": ""620.25""}"
618105,Widening and strengthening to 4 lane / 2-lane with paved shoulders of Mahabubnagar - Chincholi section from km 60/255 to Km 102/834 of NH-167N in the State of Telangana on EPC mode.,,MoRTH,,Telangana,2022-03,2023-10,2025-10,2026-11,,631.49,0.0,219.29,50.14,2026-08,FlashReport_August_2026.pdf,137,"{""approval"": ""03/2022"", ""start"": ""(10/2023)"", ""actual"": null, ""original"": ""10/2025"", ""revised"": ""(11/2026)""}","{""original"": ""631.49"", ""revised"": ""0.00"", ""expenditure"": ""219.29""}"
618106,Widening and Strengthening to 2/4 lane with paved shoulders of Mahabubnagar Chincholi section from Km 0/0 to Km 60/255 of NH-167N in the state of Telangana under Annual plan 2021-22 on EPC modepackage-I under NHO Job No.167N-TS- 2021-22-75,,MoRTH,,Telangana,2022-01,2026-05,2027-11,2026-03,,703.68,0.0,499.88,90.69,2026-08,FlashReport_August_2026.pdf,137,"{""approval"": ""01/2022"", ""start"": ""(05/2026)"", ""actual"": null, ""original"": ""11/2027"", ""revised"": ""(03/2026)""}","{""original"": ""703.68"", ""revised"": ""0.00"", ""expenditure"": ""499.88""}"
618130,Widening to 2 lane with paved shoulders from 0.00 to 32.970 ofAdilabadto Bela section of NH 353B in the State of Telangana,,MoRTH,,Telangana,2022-10,2024-05,2026-05,2026-12,,490.92,0.0,159.09,80.08,2026-08,FlashReport_August_2026.pdf,138,"{""approval"": ""10/2022"", ""start"": ""(05/2024)"", ""actual"": null, ""original"": ""05/2026"", ""revised"": ""(12/2026)""}","{""original"": ""490.92"", ""revised"": ""0.00"", ""expenditure"": ""159.09""}"
618140,Widening to two/four lane with paved shoulders from Km.34.250 to Km.71.830 of NH- 365A on Kodad-Khammam-Kurvi road.,,MoRTH,,Telangana,2022-10,2025-02,2027-01,2027-01,,445.76,0.0,67.29,14.85,2026-08,FlashReport_August_2026.pdf,138,"{""approval"": ""10/2022"", ""start"": ""(02/2025)"", ""actual"": null, ""original"": ""01/2027"", ""revised"": ""(01/2027)""}","{""original"": ""445.76"", ""revised"": ""0.00"", ""expenditure"": ""67.29""}"
618141,Widening and Improvement of existing carriage way to 2 lane with paved shoulders from Km. 86/160 to 131/730 of Jangaon-Duddeda section of NH-365B in the State of Telangana on EPC Mode,,MoRTH,,Telangana,2022-01,2022-12,2024-12,2026-12,,423.48,0.0,262.93,77.85,2026-08,FlashReport_August_2026.pdf,138,"{""approval"": ""01/2022"", ""start"": ""(12/2022)"", ""actual"": null, ""original"": ""12/2024"", ""revised"": ""(12/2026)""}","{""original"": ""423.48"", ""revised"": ""0.00"", ""expenditure"": ""262.93""}"
618182,Widening to Two lane with paved shoulders from 106/830 to 158/496 of Yellareddy- Rudrur Section of NH-765D in the state of Telangana on EPC mode under NHO under Annual plan 2022-23,,MoRTH,,Telangana,2022-10,2024-07,2026-07,2027-08,,499.88,0.0,248.31,69.2,2026-08,FlashReport_August_2026.pdf,138,"{""approval"": ""10/2022"", ""start"": ""(07/2024)"", ""actual"": null, ""original"": ""07/2026"", ""revised"": ""(08/2027)""}","{""original"": ""499.88"", ""revised"": ""0.00"", ""expenditure"": ""248.31""}"
618183,Widening to 2 lane with paved shoulders from Km 62/920 to km 106/830 of Medak - Yellareddy section in the State of Telangana under Annual Plan 2022-23 on EPC mode under NHO,,MoRTH,,Telangana,2022-10,2024-08,2026-08,2026-08,,399.01,0.0,170.44,70.6,2026-08,FlashReport_August_2026.pdf,138,"{""approval"": ""10/2022"", ""start"": ""(08/2024)"", ""actual"": null, ""original"": ""08/2026"", ""revised"": ""(08/2026)""}","{""original"": ""399.01"", ""revised"": ""0.00"", ""expenditure"": ""170.44""}"
618186,"Rehabilitation and Up-gradation of Valigonda to Thorrur Section to Two Lane with Paved Shoulders from Km 39.180 to Km 108.300 of NH-930P in the State of Telangana on Engineering, Procurement and Construction EPC Basis",,MoRTH,,Telangana,2022-01,2022-12,2025-09,2026-09,,549.28,0.0,389.39,94.97,2026-08,FlashReport_August_2026.pdf,138,"{""approval"": ""01/2022"", ""start"": ""(12/2022)"", ""actual"": null, ""original"": ""09/2025"", ""revised"": ""(09/2026)""}","{""original"": ""549.28"", ""revised"": ""0.00"", ""expenditure"": ""389.39""}"
618190,Widening to two lane with paved shoulders of 'Bodhan Basar Bhainsa ' section from Km 38/900 to 95/300 of NH-161BB in the state of Telangana under Annual Plan 2021- 22 on EPC Mode under NH O.,,MoRTH,,Telangana,2022-03,2023-03,2025-03,2026-09,,644.45,0.0,459.72,98.6,2026-08,FlashReport_August_2026.pdf,138,"{""approval"": ""03/2022"", ""start"": ""(03/2023)"", ""actual"": null, ""original"": ""03/2025"", ""revised"": ""(09/2026)""}","{""original"": ""644.45"", ""revised"": ""0.00"", ""expenditure"": ""459.72""}"
618196,Widening to 2 lane with Paved Shoulders of Siddipet-Elkathurthy section from Km 69/978 to km 133/619 of NH-765DG in the State of Telangana under Annual plan 2021-22 on EPC mode,,MoRTH,,Telangana,2022-01,2022-12,2024-09,2026-12,,578.85,0.0,0.0,85.0,2026-08,FlashReport_August_2026.pdf,138,"{""approval"": ""01/2022"", ""start"": ""(12/2022)"", ""actual"": null, ""original"": ""09/2024"", ""revised"": ""(12/2026)""}","{""original"": ""578.85"", ""revised"": ""0.00"", ""expenditure"": ""0.00""}"
618197,Widening to 2 lane with Paved Shoulders of Medak - Siddipet section from Km 0/0 to km 69/978 of NH-765DG in the State of Telangana under Annual plan 2021-22 on EPC mode,,MoRTH,,Telangana,2022-01,2023-01,2025-01,2026-12,,882.18,0.0,428.7,74.06,2026-08,FlashReport_August_2026.pdf,138,"{""approval"": ""01/2022"", ""start"": ""(01/2023)"", ""actual"": null, ""original"": ""01/2025"", ""revised"": ""(12/2026)""}","{""original"": ""882.18"", ""revised"": ""0.00"", ""expenditure"": ""428.70""}"
618746,Khammam-Devarapalle Pkg I [4L Access Controlled Greenfield from Thallampadu village to Somavaram village Design Chainage 0000 to 33604],,NHAI,,Telangana,2021-01,2022-10,2024-10,2026-10,,797.36,0.0,684.72,97.26,2026-08,FlashReport_August_2026.pdf,138,"{""approval"": ""01/2021"", ""start"": ""(10/2022)"", ""actual"": null, ""original"": ""10/2024"", ""revised"": ""(10/2026)""}","{""original"": ""797.36"", ""revised"": ""0.00"", ""expenditure"": ""684.72""}"
618765,4L of Karimnagar-Warangal section from km 49.500 to km 117.820 of NH-563,,NHAI,,Telangana,2022-03,2023-07,2025-07,2026-09,,2146.86,0.0,1274.82,92.4,2026-08,FlashReport_August_2026.pdf,138,"{""approval"": ""03/2022"", ""start"": ""(07/2023)"", ""actual"": null, ""original"": ""07/2025"", ""revised"": ""(09/2026)""}","{""original"": ""2,146.86"", ""revised"": ""0.00"", ""expenditure"": ""1,274.82""}"
618811,4L Access Controlled Greenfield Highway Section Mancherial Warangal from Pangidipalle village at Design Ch. 72.350 Km to Oorugonda village at Design Ch. 112.240 KmPackage-III,,NHAI,,Telangana,2023-03,2025-10,2027-10,2028-01,,1183.71,0.0,209.85,5.63,2026-08,FlashReport_August_2026.pdf,138,"{""approval"": ""03/2023"", ""start"": ""(10/2025)"", ""actual"": null, ""original"": ""10/2027"", ""revised"": ""(01/2028)""}","{""original"": ""1,183.71"", ""revised"": ""0.00"", ""expenditure"": ""209.85""}"
618812,4L Access Controlled Greenfield Section Mancherial Warangal from Puttapaka village at Design Ch. 35.300 Km to Pangidipalle village at Design Ch. 72.350 KmPackage-II,,NHAI,,Telangana,2023-01,2025-06,2027-06,2027-12,,1129.33,0.0,211.69,9.04,2026-08,FlashReport_August_2026.pdf,138,"{""approval"": ""01/2023"", ""start"": ""(06/2025)"", ""actual"": null, ""original"": ""06/2027"", ""revised"": ""(12/2027)""}","{""original"": ""1,129.33"", ""revised"": ""0.00"", ""expenditure"": ""211.69""}"
618813,4L Access Controlled Greenfield Section Mancherial Warangal from Narva village at Design Ch. 3.834 Km to Puttapaka village at Design Ch. 35.300 Km Package-I,,NHAI,,Telangana,2023-03,2024-12,2026-12,2027-10,,1127.9,0.0,162.07,11.28,2026-08,FlashReport_August_2026.pdf,138,"{""approval"": ""03/2023"", ""start"": ""(12/2024)"", ""actual"": null, ""original"": ""12/2026"", ""revised"": ""(10/2027)""}","{""original"": ""1,127.90"", ""revised"": ""0.00"", ""expenditure"": ""162.07""}"
618814,4L Access Controlled Greenfield Highway section on NH163G Warangal-Khammam from Oorugonda village in Hanamkonda District at Design Ch. 112.240 Km to Venkatpur village in Warangal District at Design Ch. 150.240 KmPackage-I,,NHAI,,Telangana,2023-03,2025-06,2027-06,2028-05,,1142.6,0.0,162.11,0.0,2026-08,FlashReport_August_2026.pdf,138,"{""approval"": ""03/2023"", ""start"": ""(06/2025)"", ""actual"": null, ""original"": ""06/2027"", ""revised"": ""(05/2028)""}","{""original"": ""1,142.60"", ""revised"": ""0.00"", ""expenditure"": ""162.11""}"
618815,4L Access Controlled Greenfield Highway section on NH-163G Warangal-Khammam from Venkatpur village in Warangal District at Design Ch. 150.240 Km to Thallasenkesa village in Mahabubabed District at Design Ch. 189.650 kmPackage-II,,NHAI,,Telangana,2023-03,2024-04,2026-04,2027-03,,1092.88,0.0,430.46,77.65,2026-08,FlashReport_August_2026.pdf,138,"{""approval"": ""03/2023"", ""start"": ""(04/2024)"", ""actual"": null, ""original"": ""04/2026"", ""revised"": ""(03/2027)""}","{""original"": ""1,092.88"", ""revised"": ""0.00"", ""expenditure"": ""430.46""}"
618816,4L Access Controlled Greenfield Highway section on NH-163G Warangal-Khammam from Thallasenkesa village at Design Ch. 189.650 km to V.Vekatayapalem village in Khammam District at Design Ch. 220.480 KmPackage-III,,NHAI,,Telangana,2023-03,2025-07,2027-07,2028-02,,1105.25,0.0,204.68,10.11,2026-08,FlashReport_August_2026.pdf,138,"{""approval"": ""03/2023"", ""start"": ""(07/2025)"", ""actual"": null, ""original"": ""07/2027"", ""revised"": ""(02/2028)""}","{""original"": ""1,105.25"", ""revised"": ""0.00"", ""expenditure"": ""204.68""}"
618817,4L Access Controlled Greenfield Highway section on NH-163G Khammam Vijayawada from V. Venkatayapalem village at Design Ch. 220.480 Km to BrahmanapalliK village at Design Ch. 250.400 Km Package-I.,,NHAI,,Telangana,2023-03,2025-03,2027-03,2027-06,,973.45,0.0,271.81,45.89,2026-08,FlashReport_August_2026.pdf,139,"{""approval"": ""03/2023"", ""start"": ""(03/2025)"", ""actual"": null, ""original"": ""03/2027"", ""revised"": ""(06/2027)""}","{""original"": ""973.45"", ""revised"": ""0.00"", ""expenditure"": ""271.81""}"
618944,Hyderabad - Maneguda,,NHAI,,Telangana,2021-10,2024-11,2026-11,2027-05,,958.86,0.0,433.39,24.2,2026-08,FlashReport_August_2026.pdf,139,"{""approval"": ""10/2021"", ""start"": ""(11/2024)"", ""actual"": null, ""original"": ""11/2026"", ""revised"": ""(05/2027)""}","{""original"": ""958.86"", ""revised"": ""0.00"", ""expenditure"": ""433.39""}"
618945,4L of Kodad Design Km 0.00/Existing Km 185.00 of NH-65 to Khammam Design Km 31.800/Existing Km 29.400 of NH-365A,,NHAI,,Telangana,2021-01,2022-01,2024-05,2026-09,,1149.17,0.0,937.96,99.98,2026-08,FlashReport_August_2026.pdf,139,"{""approval"": ""01/2021"", ""start"": ""(01/2022)"", ""actual"": null, ""original"": ""05/2024"", ""revised"": ""(09/2026)""}","{""original"": ""1,149.17"", ""revised"": ""0.00"", ""expenditure"": ""937.96""}"
619009,Upgradation to Two Lane with Paved Shoulders from Km 0.000 to Km 41.920 Green Field Alignment of Gowrelly to Valigonda Section of NH-930P in the State of Telangana on EPC Mode under Annual Plan 2022-23,,MoRTH,,Telangana,2022-11,2026-05,2028-04,2028-03,,690.33,0.0,102.92,4.87,2026-08,FlashReport_August_2026.pdf,139,"{""approval"": ""11/2022"", ""start"": ""(05/2026)"", ""actual"": null, ""original"": ""04/2028"", ""revised"": ""(03/2028)""}","{""original"": ""690.33"", ""revised"": ""0.00"", ""expenditure"": ""102.92""}"
619128,Khammam-Devarapalle Pkg II [4L Access Controlled Greenfield from Somavaram village to Chintagudem village Design Chainage 33604 to 63117],,NHAI,,Telangana,2021-01,2022-09,2024-09,2026-08,,615.78,0.0,524.11,98.02,2026-08,FlashReport_August_2026.pdf,139,"{""approval"": ""01/2021"", ""start"": ""(09/2022)"", ""actual"": null, ""original"": ""09/2024"", ""revised"": ""(08/2026)""}","{""original"": ""615.78"", ""revised"": ""0.00"", ""expenditure"": ""524.11""}"
619193,Rehabilitation and upgradation of NH-221 from km 121/0 to 165/0 Rudrampur to Bhadrachalam section to two lane with paved shoulder under NHDPIV in the state of Telangana through EPC mode,,MoRTH,,Telangana,2015-01,2015-02,2017-02,2026-09,,295.47,0.0,209.88,82.76,2026-08,FlashReport_August_2026.pdf,139,"{""approval"": ""01/2015"", ""start"": ""(02/2015)"", ""actual"": null, ""original"": ""02/2017"", ""revised"": ""(09/2026)""}","{""original"": ""295.47"", ""revised"": ""0.00"", ""expenditure"": ""209.88""}"
619253,Construction of 4 lane Bypass to Nalgonda Town lrorn Km 000 Existing Ch. 181590 to Km 14.00 Existing Ch. 28/685 ol Nakrekal to Nagarjunsagar Section of NH -565 in the State of Telangara on EPC under Annual Plan 2024 -25,,MoRTH,,Telangana,2024-10,2025-10,2027-10,2027-10,,516.17,0.0,262.22,62.07,2026-08,FlashReport_August_2026.pdf,139,"{""approval"": ""10/2024"", ""start"": ""(10/2025)"", ""actual"": null, ""original"": ""10/2027"", ""revised"": ""(10/2027)""}","{""original"": ""516.17"", ""revised"": ""0.00"", ""expenditure"": ""262.22""}"
619265,Rehabilitation & Upgradation of Thorrur to Nehru Nagar section to Two Lane with Paved shoulders from Km 109/420 to Km 178/500 of NH 930P in the state of Telangana on EPC mode under Annual Plan 2022-2023,,MoRTH,,Telangana,2025-01,2026-07,2028-07,2028-07,,675.45,0.0,24.95,2.5,2026-08,FlashReport_August_2026.pdf,139,"{""approval"": ""01/2025"", ""start"": ""(07/2026)"", ""actual"": null, ""original"": ""07/2028"", ""revised"": ""(07/2028)""}","{""original"": ""675.45"", ""revised"": ""0.00"", ""expenditure"": ""24.95""}"
618307,Rehabilitation and up-gradation of road from km 16.077 to km 43.935 total length 27.858 km of Lalchara-Kanchanpur section via Shivbari on NH-44A to 2 lane with paved shoulder in the state of Tripura on EPC Mode Pkg-2 under BharatMala Pariyojana Manu-Simlung -2,,NHIDCL,,Tripura,2022-02,2023-01,2025-01,2026-01,,456.88,0.0,205.69,54.56,2026-08,FlashReport_August_2026.pdf,139,"{""approval"": ""02/2022"", ""start"": ""(01/2023)"", ""actual"": null, ""original"": ""01/2025"", ""revised"": ""(01/2026)""}","{""original"": ""456.88"", ""revised"": ""0.00"", ""expenditure"": ""205.69""}"
618350,Improvement & widening of existing NH-08 to 4-lane with Paved Shoulder from Champak Nagar to Khayerpur section design Km 242500 to Km 261610 in the state of Tripura on EPC basis under NHO-NE,,NHIDCL,,Tripura,2023-12,2024-09,2026-09,2027-03,,920.66,0.0,404.82,48.3,2026-08,FlashReport_August_2026.pdf,139,"{""approval"": ""12/2023"", ""start"": ""(09/2024)"", ""actual"": null, ""original"": ""09/2026"", ""revised"": ""(03/2027)""}","{""original"": ""920.66"", ""revised"": ""0.00"", ""expenditure"": ""404.82""}"
618367,Improvement and Widening to 2-lane with paved shoulder of road from design Km 72.000 Pati Chhari to design Km 107.654 Harina Total length 35.654 Km on Teliamura to Harina section of NH 208 in the state of Tripura on EPC mode under JICA ODA Loan Phase VI Package-4,,NHIDCL,,Tripura,2024-01,2024-12,2026-12,2027-12,,726.9,0.0,100.84,9.5,2026-08,FlashReport_August_2026.pdf,139,"{""approval"": ""01/2024"", ""start"": ""(12/2024)"", ""actual"": null, ""original"": ""12/2026"", ""revised"": ""(12/2027)""}","{""original"": ""726.90"", ""revised"": ""0.00"", ""expenditure"": ""100.84""}"
618368,Improvement and Widening to 2-lane with paved shoulder of road from design Km 36.000 Rangamati to design Km 72.000 Pati Chhari Total length 36.000 Km on Teliamura to Harina section of NH 208 in the state of Tripura on EPC mode under JICA ODA Loan Phase VI Package-3,,NHIDCL,,Tripura,2024-01,2024-09,2026-09,2027-05,,670.9,0.0,183.24,14.9,2026-08,FlashReport_August_2026.pdf,139,"{""approval"": ""01/2024"", ""start"": ""(09/2024)"", ""actual"": null, ""original"": ""09/2026"", ""revised"": ""(05/2027)""}","{""original"": ""670.90"", ""revised"": ""0.00"", ""expenditure"": ""183.24""}"
618369,Improvement and Widening to 2-lane with paved shoulder of road from existing Km 438.170 Khowai Chowmuhani to existing Km 439.410 South Pulinpur of NH-08 and from design Km 0.000 South Pulinpur to design Km 36.00 near Rangamati of NH 208 on Khowai Teliamura- Harina section Total length 37.24 in the state of Tripura on EPC mode under JICA ODA Loan Phase VI Package-2,,NHIDCL,,Tripura,2024-01,2024-09,2026-09,2027-03,,657.21,0.0,306.14,61.4,2026-08,FlashReport_August_2026.pdf,139,"{""approval"": ""01/2024"", ""start"": ""(09/2024)"", ""actual"": null, ""original"": ""09/2026"", ""revised"": ""(03/2027)""}","{""original"": ""657.21"", ""revised"": ""0.00"", ""expenditure"": ""306.14""}"
618370,Improvement and Widening to 2-lane with paved shoulder of road from Km 101.300 to km 127.319 Total Length 26.019 Km i.e. the Khowai Teliamura-Amarpur-Harina- Sabroom section of NH 208 in the state of Tripura on EPC under JICA ODA Loan Phase VI Package-1,,NHIDCL,,Tripura,2024-01,2024-07,2026-07,2027-04,,431.78,0.0,265.36,63.15,2026-08,FlashReport_August_2026.pdf,139,"{""approval"": ""01/2024"", ""start"": ""(07/2024)"", ""actual"": null, ""original"": ""07/2026"", ""revised"": ""(04/2027)""}","{""original"": ""431.78"", ""revised"": ""0.00"", ""expenditure"": ""265.36""}"
618385,Rehabilitation and up-gradation of road from design km 25.250 to km 36.460 Total lengh 11.210 km of Kailashahar-Kurti Bridge section on NH-208A to 2-lane with paved shoulder on EPC basis under NHO Package-III- Balance Work,,NHIDCL,,Tripura,2020-02,2024-09,2026-03,2026-03,,174.43,0.0,67.1,53.14,2026-08,FlashReport_August_2026.pdf,139,"{""approval"": ""02/2020"", ""start"": ""(09/2024)"", ""actual"": null, ""original"": ""03/2026"", ""revised"": ""(03/2026)""}","{""original"": ""174.43"", ""revised"": ""0.00"", ""expenditure"": ""67.10""}"
618411,Melaghar-Srimantapur section on NH-08 Spur from Km 23 to Km 34.500 11.5 Km and overlay from Km 20.30 to Km 22.00 1.7 Km Total Length 13.2 Km,,NHIDCL,,Tripura,2023-01,2023-05,2024-11,2026-10,,195.95,0.0,95.54,72.48,2026-08,FlashReport_August_2026.pdf,140,"{""approval"": ""01/2023"", ""start"": ""(05/2023)"", ""actual"": null, ""original"": ""11/2024"", ""revised"": ""(10/2026)""}","{""original"": ""195.95"", ""revised"": ""0.00"", ""expenditure"": ""95.54""}"
618417,"Construction of 4-Lane with paved shoulder Agartala bypass Western side, length 25.402 km connecting NH-8 near Amtali to NH-108B near Lembuchhera in the state of Tripura on EPC basis under NHO-NE",,NHIDCL,,Tripura,2023-03,2024-03,2027-03,2027-03,,2026.05,0.0,462.34,9.2,2026-08,FlashReport_August_2026.pdf,140,"{""approval"": ""03/2023"", ""start"": ""(03/2024)"", ""actual"": null, ""original"": ""03/2027"", ""revised"": ""(03/2027)""}","{""original"": ""2,026.05"", ""revised"": ""0.00"", ""expenditure"": ""462.34""}"
617963,Rehabilitation and upgradation to four lane road from km 70.500 to km 78.600 of NH- 92 under EPC mode in the State of Uttar Pradesh,,MoRTH,,Uttar Pradesh,2022-01,2025-01,2027-01,2027-01,,296.02,0.0,128.07,40.0,2026-08,FlashReport_August_2026.pdf,140,"{""approval"": ""01/2022"", ""start"": ""(01/2025)"", ""actual"": null, ""original"": ""01/2027"", ""revised"": ""(01/2027)""}","{""original"": ""296.02"", ""revised"": ""0.00"", ""expenditure"": ""128.07""}"
617964,"Widening to Four Lane rigid pavement configuration from Km 90.00 to Km 100.800 on NH-96 Km 42.0 to Km 53.300 as per new NH-330,design length of 11.300 km under EPC mode in the state of Uttar Pradesh.",,MoRTH,,Uttar Pradesh,2022-12,2024-11,2026-11,2026-11,,309.63,0.0,63.04,32.21,2026-08,FlashReport_August_2026.pdf,140,"{""approval"": ""12/2022"", ""start"": ""(11/2024)"", ""actual"": null, ""original"": ""11/2026"", ""revised"": ""(11/2026)""}","{""original"": ""309.63"", ""revised"": ""0.00"", ""expenditure"": ""63.04""}"
618009,Balance work of Construction of Ring Road for Raebareli City on eastern side of NH- 24B Phase-1 on EPC mode.,,MoRTH,,Uttar Pradesh,2019-12,2020-10,2022-04,2026-12,,319.96,0.0,293.18,95.0,2026-08,FlashReport_August_2026.pdf,140,"{""approval"": ""12/2019"", ""start"": ""(10/2020)"", ""actual"": null, ""original"": ""04/2022"", ""revised"": ""(12/2026)""}","{""original"": ""319.96"", ""revised"": ""0.00"", ""expenditure"": ""293.18""}"
618054,Construction of Balrampur bypass with 2L flexible pavement configuration from km.223.000 of NH-330 to km.328.300 of NH-730 under EPC mode,,MoRTH,,Uttar Pradesh,2022-12,2024-08,2026-02,2026-12,,515.69,0.0,365.38,56.0,2026-08,FlashReport_August_2026.pdf,140,"{""approval"": ""12/2022"", ""start"": ""(08/2024)"", ""actual"": null, ""original"": ""02/2026"", ""revised"": ""(12/2026)""}","{""original"": ""515.69"", ""revised"": ""0.00"", ""expenditure"": ""365.38""}"
618055,Construction of Pratapgarh Bypass Extension connecting NH-31 to NH-330 on EPC mode in the State of Uttar Pradesh.,,MoRTH,,Uttar Pradesh,2022-10,2024-01,2025-06,2026-09,,225.17,0.0,134.1,78.0,2026-08,FlashReport_August_2026.pdf,140,"{""approval"": ""10/2022"", ""start"": ""(01/2024)"", ""actual"": null, ""original"": ""06/2025"", ""revised"": ""(09/2026)""}","{""original"": ""225.17"", ""revised"": ""0.00"", ""expenditure"": ""134.10""}"
618056,Improvement and Up-gradation to two Lane with Paved Shoulder Configuration from existing km. 420.00 Shohrathgarh to km. 454.00 Uska Bazar of NH-730 in the state of Uttar Pradesh EPC basis,,MoRTH,,Uttar Pradesh,2022-01,2024-03,2025-09,2026-12,,509.65,0.0,268.33,62.0,2026-08,FlashReport_August_2026.pdf,140,"{""approval"": ""01/2022"", ""start"": ""(03/2024)"", ""actual"": null, ""original"": ""09/2025"", ""revised"": ""(12/2026)""}","{""original"": ""509.65"", ""revised"": ""0.00"", ""expenditure"": ""268.33""}"
618057,Construction of Shohratgarh Bypass on NH-730 under EPC mode in the State of Uttar Pradesh,,MoRTH,,Uttar Pradesh,2022-10,2023-11,2025-05,2026-12,,189.31,0.0,85.77,54.0,2026-08,FlashReport_August_2026.pdf,140,"{""approval"": ""10/2022"", ""start"": ""(11/2023)"", ""actual"": null, ""original"": ""05/2025"", ""revised"": ""(12/2026)""}","{""original"": ""189.31"", ""revised"": ""0.00"", ""expenditure"": ""85.77""}"
618063,Widening & Strenghteningof section from Bharthana chowk to Kodarkoot km.0.00 to km.40.00 of NH-91-A on EPC mode,,MoRTH,,Uttar Pradesh,2020-03,2023-03,2024-09,2026-12,,262.37,0.0,115.38,94.0,2026-08,FlashReport_August_2026.pdf,140,"{""approval"": ""03/2020"", ""start"": ""(03/2023)"", ""actual"": null, ""original"": ""09/2024"", ""revised"": ""(12/2026)""}","{""original"": ""262.37"", ""revised"": ""0.00"", ""expenditure"": ""115.38""}"
618066,Construction of Amethi bypass Part-II at km.30.050 of NH-931 under EPC mode in the state of Uttar Pradesh,,MoRTH,,Uttar Pradesh,2022-12,2025-02,2027-02,2027-02,,283.86,0.0,105.94,52.0,2026-08,FlashReport_August_2026.pdf,140,"{""approval"": ""12/2022"", ""start"": ""(02/2025)"", ""actual"": null, ""original"": ""02/2027"", ""revised"": ""(02/2027)""}","{""original"": ""283.86"", ""revised"": ""0.00"", ""expenditure"": ""105.94""}"
618067,"Rehabilitation & Up-gradation from design Km. 0.000 to Km. 69.280 of NH-931 Pratapgarh - Amethi - Gauriganj -Musafirkhana to two lane with paved shoulder on Engineering, Procurement & Construction EpC mode in the State of Uttar Pradesh",,MoRTH,,Uttar Pradesh,2023-05,2025-11,2027-11,2027-11,,1086.3,0.0,141.2,10.9,2026-08,FlashReport_August_2026.pdf,140,"{""approval"": ""05/2023"", ""start"": ""(11/2025)"", ""actual"": null, ""original"": ""11/2027"", ""revised"": ""(11/2027)""}","{""original"": ""1,086.30"", ""revised"": ""0.00"", ""expenditure"": ""141.20""}"
618075,Construction of two lane with paved shoulder from existing Km.0.000 to Km.55.610 design km. 0.000 to km. 54.048 of NH-124D,,MoRTH,,Uttar Pradesh,2021-12,2024-02,2026-02,2027-03,,840.93,0.0,210.11,77.0,2026-08,FlashReport_August_2026.pdf,140,"{""approval"": ""12/2021"", ""start"": ""(02/2024)"", ""actual"": null, ""original"": ""02/2026"", ""revised"": ""(03/2027)""}","{""original"": ""840.93"", ""revised"": ""0.00"", ""expenditure"": ""210.11""}"
618081,Construction of Mariahu Bypass with four lane paved shoulder configuration Km. 53.540 to Km.59.200 of NH-135A on EPC mode in the state of Uttar Pradesh,,MoRTH,,Uttar Pradesh,2023-03,2024-02,2026-02,2026-12,,438.24,0.0,255.05,55.0,2026-08,FlashReport_August_2026.pdf,140,"{""approval"": ""03/2023"", ""start"": ""(02/2024)"", ""actual"": null, ""original"": ""02/2026"", ""revised"": ""(12/2026)""}","{""original"": ""438.24"", ""revised"": ""0.00"", ""expenditure"": ""255.05""}"
618082,Widening & Upgradation to four lane configuration from Km.34.900 Bhadohi to km.73.134 Jaunpur of NH-135A on EPC mode,,MoRTH,,Uttar Pradesh,2021-03,2022-11,2024-05,2026-10,,395.62,0.0,358.27,95.0,2026-08,FlashReport_August_2026.pdf,140,"{""approval"": ""03/2021"", ""start"": ""(11/2022)"", ""actual"": null, ""original"": ""05/2024"", ""revised"": ""(10/2026)""}","{""original"": ""395.62"", ""revised"": ""0.00"", ""expenditure"": ""358.27""}"
618111,Improvement and upgradation to two lane with paved shoulder configuration from existing km 90.00 to 130.00 Design length 39.15 of NH-227A near Sikriganj to Barhalganj in the State of UP on EPC Mode.,,MoRTH,,Uttar Pradesh,2021-08,2023-12,2025-06,2026-09,,403.36,0.0,204.35,96.0,2026-08,FlashReport_August_2026.pdf,140,"{""approval"": ""08/2021"", ""start"": ""(12/2023)"", ""actual"": null, ""original"": ""06/2025"", ""revised"": ""(09/2026)""}","{""original"": ""403.36"", ""revised"": ""0.00"", ""expenditure"": ""204.35""}"
618112,"Improvement and up-gradation of NH-227B 84 Kosi Parikrama Marg Package I, from km 228.920 Jagarnathpur to Km 235.960/0.000 MakhaudaDham to Km 29.000 Sarpur in the State of Uttar Pradesh on EPC basis",,MoRTH,,Uttar Pradesh,2022-03,2025-05,2026-11,2027-05,,912.5,0.0,421.43,8.0,2026-08,FlashReport_August_2026.pdf,140,"{""approval"": ""03/2022"", ""start"": ""(05/2025)"", ""actual"": null, ""original"": ""11/2026"", ""revised"": ""(05/2027)""}","{""original"": ""912.50"", ""revised"": ""0.00"", ""expenditure"": ""421.43""}"
618113,"Improvement and up-gradation of NH-227B 84 Kosi Parikrama Marg Package III, from Km.47.800 Gosaiganj to Km.73.300 Bikapur in the State of Uttar Pradesh on EPC basis.",,MoRTH,,Uttar Pradesh,2022-03,2025-05,2026-11,2027-05,,587.97,0.0,285.2,52.45,2026-08,FlashReport_August_2026.pdf,141,"{""approval"": ""03/2022"", ""start"": ""(05/2025)"", ""actual"": null, ""original"": ""11/2026"", ""revised"": ""(05/2027)""}","{""original"": ""587.97"", ""revised"": ""0.00"", ""expenditure"": ""285.20""}"
618114,"Improvement and up-gradation of NH-227B 84 Kosi Parikrama Marg PackageV, from Design Km.140.960 Patranga to Km.160.200 Bahuvan Madar Majha on EPC mode in the State of Uttar Pradesh",,MoRTH,,Uttar Pradesh,2023-03,2026-02,2028-08,2028-08,,1192.33,0.0,105.72,8.0,2026-08,FlashReport_August_2026.pdf,141,"{""approval"": ""03/2023"", ""start"": ""(02/2026)"", ""actual"": null, ""original"": ""08/2028"", ""revised"": ""(08/2028)""}","{""original"": ""1,192.33"", ""revised"": ""0.00"", ""expenditure"": ""105.72""}"
618116,lmprovement and Up-gradation from Km. 73.300 Bikapur to Km.140.960 Patranga of NH-227B 84 Kosi Parikrama Marg to 2LPS along with Parikrama Path,,MoRTH,,Uttar Pradesh,2022-11,2026-01,2028-01,2028-01,,1679.75,0.0,707.07,40.5,2026-08,FlashReport_August_2026.pdf,141,"{""approval"": ""11/2022"", ""start"": ""(01/2026)"", ""actual"": null, ""original"": ""01/2028"", ""revised"": ""(01/2028)""}","{""original"": ""1,679.75"", ""revised"": ""0.00"", ""expenditure"": ""707.07""}"
618124,Rehabilitation and upgradation from km 51.600 to km 75.700 of NH-321G Nuhkhas to Etah section to two lane with paved shoulder configuration under EPC mode in the State of Uttar Pradesh,,MoRTH,,Uttar Pradesh,2022-01,2024-02,2025-08,2026-11,,343.54,0.0,88.97,73.0,2026-08,FlashReport_August_2026.pdf,141,"{""approval"": ""01/2022"", ""start"": ""(02/2024)"", ""actual"": null, ""original"": ""08/2025"", ""revised"": ""(11/2026)""}","{""original"": ""343.54"", ""revised"": ""0.00"", ""expenditure"": ""88.97""}"
618162,"Improvement and up-gradation to 2LPS of NH-227B 84-Kosi Parikrama Marg PackageVI, Design Km 160200 Bahuvan Madar Majha to Km 224040 Jagarnathpur under HAM",,MoRTH,,Uttar Pradesh,2023-05,2026-01,2028-01,2028-01,,2008.7,0.0,506.45,22.0,2026-08,FlashReport_August_2026.pdf,141,"{""approval"": ""05/2023"", ""start"": ""(01/2026)"", ""actual"": null, ""original"": ""01/2028"", ""revised"": ""(01/2028)""}","{""original"": ""2,008.70"", ""revised"": ""0.00"", ""expenditure"": ""506.45""}"
618163,"Rehabilitation and Up-gradation from km. 0000 to km.40390 of NH-730S MaharajganjNichloulThuthibari to two lane with paved shoulders in the State of U.P. on Engineering, Procurement & Construction EPC Basis.",,MoRTH,,Uttar Pradesh,2023-03,2024-06,2025-12,2026-12,,809.25,0.0,352.88,61.0,2026-08,FlashReport_August_2026.pdf,141,"{""approval"": ""03/2023"", ""start"": ""(06/2024)"", ""actual"": null, ""original"": ""12/2025"", ""revised"": ""(12/2026)""}","{""original"": ""809.25"", ""revised"": ""0.00"", ""expenditure"": ""352.88""}"
618164,Construction of four lane highway with paved shoulder from Km.74.700 to Km.112.950 of NH-731A i/c Yamuna Bridge on HAM in the state of Uttar Pradesh.,,MoRTH,,Uttar Pradesh,2022-03,2024-06,2026-06,2026-09,,1141.67,0.0,627.83,100.0,2026-08,FlashReport_August_2026.pdf,141,"{""approval"": ""03/2022"", ""start"": ""(06/2024)"", ""actual"": null, ""original"": ""06/2026"", ""revised"": ""(09/2026)""}","{""original"": ""1,141.67"", ""revised"": ""0.00"", ""expenditure"": ""627.83""}"
618166,Construction of 4-lane green field highway from Km. 35.000 to Km. 49.155 of NH- 731A with paved shoulders on Hybrid Annuity Mode in the state of Uttar Pradesh,,MoRTH,,Uttar Pradesh,2022-01,2023-10,2025-10,2026-09,,697.66,0.0,340.43,100.0,2026-08,FlashReport_August_2026.pdf,141,"{""approval"": ""01/2022"", ""start"": ""(10/2023)"", ""actual"": null, ""original"": ""10/2025"", ""revised"": ""(09/2026)""}","{""original"": ""697.66"", ""revised"": ""0.00"", ""expenditure"": ""340.43""}"
618168,Widening to four lane with paved shoulder from Design Km.49.200 to Km.89.285 of NH-731B on EPC mode in the state of Uttar Pradesh,,MoRTH,,Uttar Pradesh,2022-03,2024-01,2026-01,2027-01,,917.91,0.0,685.18,56.0,2026-08,FlashReport_August_2026.pdf,141,"{""approval"": ""03/2022"", ""start"": ""(01/2024)"", ""actual"": null, ""original"": ""01/2026"", ""revised"": ""(01/2027)""}","{""original"": ""917.91"", ""revised"": ""0.00"", ""expenditure"": ""685.18""}"
618169,Construction of Two Lane with paved shoulder highway from Design Ch.0.000 to Ch.49.2OO of NH-731B on EPC Mode,,MoRTH,,Uttar Pradesh,2022-03,2023-11,2025-11,2026-09,,640.18,0.0,580.93,99.0,2026-08,FlashReport_August_2026.pdf,141,"{""approval"": ""03/2022"", ""start"": ""(11/2023)"", ""actual"": null, ""original"": ""11/2025"", ""revised"": ""(09/2026)""}","{""original"": ""640.18"", ""revised"": ""0.00"", ""expenditure"": ""580.93""}"
618187,"Rehabilitation and upgradation of Salon - Jais - Jagdishpur Road section of NH-931A, from design Chainage km 0.000 to km 5.740 to four lane divided carriageway and from design Chainage km 5.740 to km 53.500 to two lane with paved Total length km 53.500 along with One time improvement in 04 no's of realigned/bypassed built-up areas in a total length of 9.732 km in the state of Uttar Pradesh on EPC mode",,MoRTH,,Uttar Pradesh,2023-05,2025-10,2027-10,2027-10,,947.15,0.0,179.04,11.56,2026-08,FlashReport_August_2026.pdf,141,"{""approval"": ""05/2023"", ""start"": ""(10/2025)"", ""actual"": null, ""original"": ""10/2027"", ""revised"": ""(10/2027)""}","{""original"": ""947.15"", ""revised"": ""0.00"", ""expenditure"": ""179.04""}"
618233,Construction of 6-lane bridge on Ganga on NH-96 and its approaches in Phaphamau Allahabad on EPC mode,,MoRTH,,Uttar Pradesh,2018-07,2021-02,2024-02,2026-09,,1948.25,0.0,1295.12,92.0,2026-08,FlashReport_August_2026.pdf,141,"{""approval"": ""07/2018"", ""start"": ""(02/2021)"", ""actual"": null, ""original"": ""02/2024"", ""revised"": ""(09/2026)""}","{""original"": ""1,948.25"", ""revised"": ""0.00"", ""expenditure"": ""1,295.12""}"
618243,Construction of Basti Ring Road Phase-I with 4L configuration for Basti City in the state of Uttar Pradesh on HAM mode,,MoRTH,,Uttar Pradesh,2022-12,2025-06,2027-06,2027-06,,1138.72,0.0,404.59,39.0,2026-08,FlashReport_August_2026.pdf,141,"{""approval"": ""12/2022"", ""start"": ""(06/2025)"", ""actual"": null, ""original"": ""06/2027"", ""revised"": ""(06/2027)""}","{""original"": ""1,138.72"", ""revised"": ""0.00"", ""expenditure"": ""404.59""}"
618244,Construction of Raebareli Ring Road Phase-2 with four Lane configuration for Raebareli City in the state of Uttar Pradesh on Hybrid Annuity Model HAM basis,,MoRTH,,Uttar Pradesh,2022-03,2025-05,2027-05,2027-05,,1273.72,0.0,524.96,56.0,2026-08,FlashReport_August_2026.pdf,141,"{""approval"": ""03/2022"", ""start"": ""(05/2025)"", ""actual"": null, ""original"": ""05/2027"", ""revised"": ""(05/2027)""}","{""original"": ""1,273.72"", ""revised"": ""0.00"", ""expenditure"": ""524.96""}"
618247,Construction of 4 lane Mirzapur bypass including bridge over river Ganga from km 0.000 to km 15.000 of NH 135A in the State of Uttar Pradesh on HAM Mode.,,MoRTH,,Uttar Pradesh,2024-03,2026-01,2029-01,2029-01,,1708.62,0.0,341.16,8.0,2026-08,FlashReport_August_2026.pdf,141,"{""approval"": ""03/2024"", ""start"": ""(01/2026)"", ""actual"": null, ""original"": ""01/2029"", ""revised"": ""(01/2029)""}","{""original"": ""1,708.62"", ""revised"": ""0.00"", ""expenditure"": ""341.16""}"
618248,Widening to 4 lane from km. 139.00 to km 179.20 of NH-135A Pkg-III Jaunpur Akbarpur section and Akbarpur bypass on Hybrid Annuity Mode in the state of Uttar Pradesh.,,MoRTH,,Uttar Pradesh,2023-05,2026-01,2028-01,2028-01,,1653.15,0.0,340.43,24.0,2026-08,FlashReport_August_2026.pdf,141,"{""approval"": ""05/2023"", ""start"": ""(01/2026)"", ""actual"": null, ""original"": ""01/2028"", ""revised"": ""(01/2028)""}","{""original"": ""1,653.15"", ""revised"": ""0.00"", ""expenditure"": ""340.43""}"
618249,Widening to 4 lane from km. 108.50 to km 139.00 of NH-135A Pkg-II Jaunpur Akbarpur section on Hybrid Annuity Mode in the state of Uttar Pradesh,,MoRTH,,Uttar Pradesh,2023-03,2025-03,2027-03,2027-03,,1511.57,0.0,398.15,45.0,2026-08,FlashReport_August_2026.pdf,141,"{""approval"": ""03/2023"", ""start"": ""(03/2025)"", ""actual"": null, ""original"": ""03/2027"", ""revised"": ""(03/2027)""}","{""original"": ""1,511.57"", ""revised"": ""0.00"", ""expenditure"": ""398.15""}"
618252,"Improvement and Up-gradation to two Lane with Paved Shoulder/Four Lane configuration from existing Km 130.000 to Km 191.000 design km 131.500 to Km 188.735, Design length 57.235 Km of NH-227A near Barhalganj to Mehrauna Ghat in the state of Uttar Pradesh on Hybrid Annuity Model HAM basis",,MoRTH,,Uttar Pradesh,2022-01,2024-11,2027-05,2027-05,,974.19,0.0,765.31,59.0,2026-08,FlashReport_August_2026.pdf,142,"{""approval"": ""01/2022"", ""start"": ""(11/2024)"", ""actual"": null, ""original"": ""05/2027"", ""revised"": ""(05/2027)""}","{""original"": ""974.19"", ""revised"": ""0.00"", ""expenditure"": ""765.31""}"
618260,"Construction of Salempur bypass to 4LPS from km 64.000 of NH-727A Km 171.00 of Sonauli Balia Marg, old SH-01, near Mahadahan Chauraha to km 61.500 of NH-727B Km 178.500 of Sonauli Balia Marg, old SH-01, near near Ahirauli Village under Hybrid Annuity Mode HAM in the State of Uttar Pradesh",,MoRTH,,Uttar Pradesh,2022-03,2025-11,2027-11,2027-11,,1348.06,0.0,318.71,38.0,2026-08,FlashReport_August_2026.pdf,142,"{""approval"": ""03/2022"", ""start"": ""(11/2025)"", ""actual"": null, ""original"": ""11/2027"", ""revised"": ""(11/2027)""}","{""original"": ""1,348.06"", ""revised"": ""0.00"", ""expenditure"": ""318.71""}"
618262,Construction of Deoria Bypass from existing Km. 27.140 to existing Km. 46.780 Design Km. 49.109 on NH727A Design length 21.969 Km. to four lane with paved shoulder configuration under Hybrid Annuity Mode HAM in the State of Uttar Pradesh,,MoRTH,,Uttar Pradesh,2023-03,2025-08,2027-07,2027-07,,1734.7,0.0,482.81,10.0,2026-08,FlashReport_August_2026.pdf,142,"{""approval"": ""03/2023"", ""start"": ""(08/2025)"", ""actual"": null, ""original"": ""07/2027"", ""revised"": ""(07/2027)""}","{""original"": ""1,734.70"", ""revised"": ""0.00"", ""expenditure"": ""482.81""}"
618263,"Rehabilitation and Up-gradation to 2LPS from Km. 0.000 to Km. 7.800 and Km. 35.400 to Km. 52.345 Design length 24.745 Km., except Bihar portion of NH-727B Tamkuhiraj to Bihar Border and Bihar Border to Majhauli on EPC mode in the State of Uttar Pradesh",,MoRTH,,Uttar Pradesh,2023-03,2025-01,2026-07,2026-10,,701.02,0.0,436.04,81.18,2026-08,FlashReport_August_2026.pdf,142,"{""approval"": ""03/2023"", ""start"": ""(01/2025)"", ""actual"": null, ""original"": ""07/2026"", ""revised"": ""(10/2026)""}","{""original"": ""701.02"", ""revised"": ""0.00"", ""expenditure"": ""436.04""}"
618264,"Widening and Strengthening to two Lane with Paved Shoulder/Four Lane with paved shoulder configuration from km. 61.500 of NH-727B near Nawalpur km 178.500 of Sonauli Balia Marg, Old SH-01 i.e. end point of Salempur Bypass to km. 106.495 of NH-727B near Sikanderpur under EPC mode",,MoRTH,,Uttar Pradesh,2023-05,2025-12,2028-05,2028-05,,2061.86,0.0,599.82,43.0,2026-08,FlashReport_August_2026.pdf,142,"{""approval"": ""05/2023"", ""start"": ""(12/2025)"", ""actual"": null, ""original"": ""05/2028"", ""revised"": ""(05/2028)""}","{""original"": ""2,061.86"", ""revised"": ""0.00"", ""expenditure"": ""599.82""}"
618265,Rehabilitation and upgradation to 2-lane with paved sholuders configuration of Miranpur Katra to radhaita section of NH-730CKm.114.000 to Km 137.250pakage-III in state of Uttar Pradesh undergreen national Highway Corridor ProjectGNHCP with the loan assistance of world Bank on EPC mode.,,MoRTH,,Uttar Pradesh,2020-04,2022-07,2024-07,2026-12,,172.5,0.0,144.33,92.0,2026-08,FlashReport_August_2026.pdf,142,"{""approval"": ""04/2020"", ""start"": ""(07/2022)"", ""actual"": null, ""original"": ""07/2024"", ""revised"": ""(12/2026)""}","{""original"": ""172.50"", ""revised"": ""0.00"", ""expenditure"": ""144.33""}"
618266,Rehabilitation and upgradation to 2-lane with paved sholuders configuration of Bewar- Allahaganj- section of NH-730C Km.0.000 to Km 52.770 pakage-I in state of Uttar Pradesh undergreen national Highway Corridor Project GNHCP with the loan assistance of world Bank on EPC mode.,,MoRTH,,Uttar Pradesh,2020-04,2022-11,2024-11,2026-10,,325.24,0.0,306.61,99.0,2026-08,FlashReport_August_2026.pdf,142,"{""approval"": ""04/2020"", ""start"": ""(11/2022)"", ""actual"": null, ""original"": ""11/2024"", ""revised"": ""(10/2026)""}","{""original"": ""325.24"", ""revised"": ""0.00"", ""expenditure"": ""306.61""}"
618267,Widening/Upgradation to four lane configuration of Shahjahanpur-Bisalpur section from km 0.00 to km 47.026 of NH-731K on Hybrid Annuity Mode in the state of Uttar Pradesh.,,MoRTH,,Uttar Pradesh,2023-03,2026-05,2028-05,2028-05,,1590.2,0.0,194.98,1.0,2026-08,FlashReport_August_2026.pdf,142,"{""approval"": ""03/2023"", ""start"": ""(05/2026)"", ""actual"": null, ""original"": ""05/2028"", ""revised"": ""(05/2028)""}","{""original"": ""1,590.20"", ""revised"": ""0.00"", ""expenditure"": ""194.98""}"
618499,6L Elevated Kanpur - Lucknow Exeressway Pkg-1 from Km. 10980 to Km. 28500,,NHAI,,Uttar Pradesh,2021-12,2023-02,2025-07,2026-09,,1972.94,0.0,775.81,100.0,2026-08,FlashReport_August_2026.pdf,142,"{""approval"": ""12/2021"", ""start"": ""(02/2023)"", ""actual"": null, ""original"": ""07/2025"", ""revised"": ""(09/2026)""}","{""original"": ""1,972.94"", ""revised"": ""0.00"", ""expenditure"": ""775.81""}"
618500,Construction of 4L Connector from Delhi Meerut Expressway Km 50.000 of Pkg IV to Km 8.520 of NH-235 Pkg-5,,NHAI,,Uttar Pradesh,2021-09,2022-03,2024-03,2026-09,,1081.39,0.0,463.14,78.0,2026-08,FlashReport_August_2026.pdf,142,"{""approval"": ""09/2021"", ""start"": ""(03/2022)"", ""actual"": null, ""original"": ""03/2024"", ""revised"": ""(09/2026)""}","{""original"": ""1,081.39"", ""revised"": ""0.00"", ""expenditure"": ""463.14""}"
618529,Varanasi Ring Road Pkg-II connecting Sandaha Village km 11.70 / NH-29 with Revasa Village km 818.80 / NH-2,,NHAI,,Uttar Pradesh,2017-12,2019-02,2022-02,2026-10,,1991.71,0.0,1758.76,96.86,2026-08,FlashReport_August_2026.pdf,142,"{""approval"": ""12/2017"", ""start"": ""(02/2019)"", ""actual"": null, ""original"": ""02/2022"", ""revised"": ""(10/2026)""}","{""original"": ""1,991.71"", ""revised"": ""0.00"", ""expenditure"": ""1,758.76""}"
618536,Construction of Ring Road around Kanpur from Ch.68.650 to Ch.93.209 Jarkala to Pakari Package-IV in State of Uttar Pradesh.,,NHAI,,Uttar Pradesh,2023-02,2024-12,2027-06,2027-06,,1603.53,0.0,287.37,39.2,2026-08,FlashReport_August_2026.pdf,142,"{""approval"": ""02/2023"", ""start"": ""(12/2024)"", ""actual"": null, ""original"": ""06/2027"", ""revised"": ""(06/2027)""}","{""original"": ""1,603.53"", ""revised"": ""0.00"", ""expenditure"": ""287.37""}"
618537,Construction of Ring Road around Kanpur from Km.000 to Km. 23.325 Chachendi Sachendi I to Maharajpur Package-I,,NHAI,,Uttar Pradesh,2023-01,2023-12,2026-06,2027-02,,1753.75,0.0,479.58,62.15,2026-08,FlashReport_August_2026.pdf,142,"{""approval"": ""01/2023"", ""start"": ""(12/2023)"", ""actual"": null, ""original"": ""06/2026"", ""revised"": ""(02/2027)""}","{""original"": ""1,753.75"", ""revised"": ""0.00"", ""expenditure"": ""479.58""}"
618538,Construction of Ring Road around kanpur from Ch.51.200 to Ch. 68.650 Badarka to Harbanch-Uchti Pkg-III,,NHAI,,Uttar Pradesh,2023-09,2025-01,2027-07,2027-07,,1792.68,0.0,297.75,34.8,2026-08,FlashReport_August_2026.pdf,142,"{""approval"": ""09/2023"", ""start"": ""(01/2025)"", ""actual"": null, ""original"": ""07/2027"", ""revised"": ""(07/2027)""}","{""original"": ""1,792.68"", ""revised"": ""0.00"", ""expenditure"": ""297.75""}"
618539,Construction of Ring Road Kanpur from Ch. 32.090 to Ch.51.200 Transganaga to Sathara Package-II B,,NHAI,,Uttar Pradesh,2024-08,2025-03,2027-09,2027-09,,1089.41,0.0,68.11,20.4,2026-08,FlashReport_August_2026.pdf,142,"{""approval"": ""08/2024"", ""start"": ""(03/2025)"", ""actual"": null, ""original"": ""09/2027"", ""revised"": ""(09/2027)""}","{""original"": ""1,089.41"", ""revised"": ""0.00"", ""expenditure"": ""68.11""}"
618540,Construction of Ring Road around Kanpur from Ch.23.325 to Ch.32.090 Chaudhariya to Transganga Package-IIA,,NHAI,,Uttar Pradesh,2024-08,2025-11,2027-10,2028-04,,1089.41,0.0,260.33,49.85,2026-08,FlashReport_August_2026.pdf,142,"{""approval"": ""08/2024"", ""start"": ""(11/2025)"", ""actual"": null, ""original"": ""10/2027"", ""revised"": ""(04/2028)""}","{""original"": ""1,089.41"", ""revised"": ""0.00"", ""expenditure"": ""260.33""}"
618554,Construction of left out portion of Agra Inner Ring Road connecting village Deori to NH-44 village Bad from Km. 0.000 to Km. 7.772,,NHAI,,Uttar Pradesh,2022-07,2023-03,2024-09,2026-11,,879.26,0.0,629.11,94.0,2026-08,FlashReport_August_2026.pdf,143,"{""approval"": ""07/2022"", ""start"": ""(03/2023)"", ""actual"": null, ""original"": ""09/2024"", ""revised"": ""(11/2026)""}","{""original"": ""879.26"", ""revised"": ""0.00"", ""expenditure"": ""629.11""}"
618566,4L Green Field Northern East side Gorakhpur Bypass 26.616 Kms starting from NH- 29E Chainage 83.308 and end at NH-28 Chainage 285.100,,NHAI,,Uttar Pradesh,2023-02,2024-01,2026-01,2027-03,,1973.98,0.0,1046.53,73.78,2026-08,FlashReport_August_2026.pdf,143,"{""approval"": ""02/2023"", ""start"": ""(01/2024)"", ""actual"": null, ""original"": ""01/2026"", ""revised"": ""(03/2027)""}","{""original"": ""1,973.98"", ""revised"": ""0.00"", ""expenditure"": ""1,046.53""}"
618567,4/6L of Northern Ayodhya Bypass starting Km. 112.540 and ending Km. 139.928 north of existing NH-27 part-1 and part-2 south of NH-27 from km 0.000 to km 5.000.,,NHAI,,Uttar Pradesh,2024-08,2025-07,2028-01,2028-01,,2289.34,0.0,286.37,33.53,2026-08,FlashReport_August_2026.pdf,143,"{""approval"": ""08/2024"", ""start"": ""(07/2025)"", ""actual"": null, ""original"": ""01/2028"", ""revised"": ""(01/2028)""}","{""original"": ""2,289.34"", ""revised"": ""0.00"", ""expenditure"": ""286.37""}"
618568,4/6L Southern Ayodhya Bypass from Km 5.000 to Km 37.172 starting near Km. 112.540 and ending at Km. 153.281 of NH-27,,NHAI,,Uttar Pradesh,2024-08,2025-03,2027-09,2027-09,,2541.13,0.0,326.56,39.5,2026-08,FlashReport_August_2026.pdf,143,"{""approval"": ""08/2024"", ""start"": ""(03/2025)"", ""actual"": null, ""original"": ""09/2027"", ""revised"": ""(09/2027)""}","{""original"": ""2,541.13"", ""revised"": ""0.00"", ""expenditure"": ""326.56""}"
618669,4 -Laning of MP/UP Border to Kabarai section of NH-34&35 from km 197.000 to km 242.991 Length 45.991 Km Sagar-Kabrai Package-5 under Bharat Mala Pariyojana EC in MP & UP on HAM,,NHAI,,Uttar Pradesh,2022-10,2025-02,2027-02,2027-02,,1632.93,0.0,574.14,61.77,2026-08,FlashReport_August_2026.pdf,143,"{""approval"": ""10/2022"", ""start"": ""(02/2025)"", ""actual"": null, ""original"": ""02/2027"", ""revised"": ""(02/2027)""}","{""original"": ""1,632.93"", ""revised"": ""0.00"", ""expenditure"": ""574.14""}"
618690,"4 lanning of Aligarh Palwal section from km 0.00 to km 46.39 package -1 from khereshwar junction-kurana of NH33D , including khair & jattari bypass in the state of UP on HAM mode",,NHAI,,Uttar Pradesh,2024-03,2025-03,2027-03,2027-03,,1663.38,0.0,592.48,21.25,2026-08,FlashReport_August_2026.pdf,143,"{""approval"": ""03/2024"", ""start"": ""(03/2025)"", ""actual"": null, ""original"": ""03/2027"", ""revised"": ""(03/2027)""}","{""original"": ""1,663.38"", ""revised"": ""0.00"", ""expenditure"": ""592.48""}"
618710,DL/UP Border - EPE Crossing Pkg-02,,NHAI,,Uttar Pradesh,2020-09,2021-05,2023-11,2026-09,,2002.79,0.0,1740.61,100.0,2026-08,FlashReport_August_2026.pdf,143,"{""approval"": ""09/2020"", ""start"": ""(05/2021)"", ""actual"": null, ""original"": ""11/2023"", ""revised"": ""(09/2026)""}","{""original"": ""2,002.79"", ""revised"": ""0.00"", ""expenditure"": ""1,740.61""}"
618722,6L access Controlled Greenfield Highway from Gogwan Jalalpur Shamli to Ranipur Barsi Saharanpur of Shamli -Ambala section Package-I Design Ch. Form km 00.600 to km 45.500,,NHAI,,Uttar Pradesh,2022-06,2023-05,2025-05,2027-03,,1843.59,0.0,771.67,68.2,2026-08,FlashReport_August_2026.pdf,143,"{""approval"": ""06/2022"", ""start"": ""(05/2023)"", ""actual"": null, ""original"": ""05/2025"", ""revised"": ""(03/2027)""}","{""original"": ""1,843.59"", ""revised"": ""0.00"", ""expenditure"": ""771.67""}"
618761,4L Spur of Meerut-Garh-Mukteshwar section connecting NH-119 and NH-58 bypassing Meerut Town of NH 709 A,,NHAI,,Uttar Pradesh,2021-10,2023-02,2025-02,2026-09,,991.89,0.0,884.85,96.98,2026-08,FlashReport_August_2026.pdf,143,"{""approval"": ""10/2021"", ""start"": ""(02/2023)"", ""actual"": null, ""original"": ""02/2025"", ""revised"": ""(09/2026)""}","{""original"": ""991.89"", ""revised"": ""0.00"", ""expenditure"": ""884.85""}"
618768,Four laning of Agra-Aligarh Section from Km. 0.000 Junction of NH-34 Aligarh Km 144.60 to Km. 28.000 near Asroi village in Hathras of NH-509 Package-I,,NHAI,,Uttar Pradesh,2024-06,2026-03,2028-03,2028-11,,1309.08,0.0,313.15,3.96,2026-08,FlashReport_August_2026.pdf,143,"{""approval"": ""06/2024"", ""start"": ""(03/2026)"", ""actual"": null, ""original"": ""03/2028"", ""revised"": ""(11/2028)""}","{""original"": ""1,309.08"", ""revised"": ""0.00"", ""expenditure"": ""313.15""}"
618782,4L of Bareilly-Pilibhit-Sitarganj from Km. 0.000 to Km. 32.500 of NH-30 Pkg-1,,NHAI,,Uttar Pradesh,2023-02,2024-03,2026-03,2027-03,,1394.14,0.0,626.04,64.12,2026-08,FlashReport_August_2026.pdf,143,"{""approval"": ""02/2023"", ""start"": ""(03/2024)"", ""actual"": null, ""original"": ""03/2026"", ""revised"": ""(03/2027)""}","{""original"": ""1,394.14"", ""revised"": ""0.00"", ""expenditure"": ""626.04""}"
618798,4L of Sonauli - Gorakhpur,,NHAI,,Uttar Pradesh,2021-12,2023-03,2025-03,2026-12,,2555.5,0.0,1330.97,89.0,2026-08,FlashReport_August_2026.pdf,143,"{""approval"": ""12/2021"", ""start"": ""(03/2023)"", ""actual"": null, ""original"": ""03/2025"", ""revised"": ""(12/2026)""}","{""original"": ""2,555.50"", ""revised"": ""0.00"", ""expenditure"": ""1,330.97""}"
618842,"2L PS Greenfield bypass lalganj ajhara, mohanganj and Raniganj on Raebareli - Jaunpur Section Design km 0.00 to Km 53177 of NH-31",,NHAI,,Uttar Pradesh,2024-12,2026-06,2028-06,2026-12,,1280.68,0.0,205.64,0.0,2026-08,FlashReport_August_2026.pdf,143,"{""approval"": ""12/2024"", ""start"": ""(06/2026)"", ""actual"": null, ""original"": ""06/2028"", ""revised"": ""(12/2026)""}","{""original"": ""1,280.68"", ""revised"": ""0.00"", ""expenditure"": ""205.64""}"
618843,Construction of two lane with paved shoulders bypass to Mungrabadshapur town starting from near Kodahu at Km 47/225 of NH-319D and ending near Nauwadandi at Km 219/720 of NH-31 under NHO in the state of Uttar Pradesh on EPC mode,,NHAI,,Uttar Pradesh,2025-02,2025-09,2027-03,2027-03,,197.6,0.0,59.06,22.79,2026-08,FlashReport_August_2026.pdf,143,"{""approval"": ""02/2025"", ""start"": ""(09/2025)"", ""actual"": null, ""original"": ""03/2027"", ""revised"": ""(03/2027)""}","{""original"": ""197.60"", ""revised"": ""0.00"", ""expenditure"": ""59.06""}"
618848,Construction of Underpass beneath airport runway on NH-31 old NH-56 for proposed expansion of runway of Babatpur Airport Varanasi,,NHAI,,Uttar Pradesh,2025-02,2025-09,2027-09,2027-09,,649.44,0.0,0.09,29.86,2026-08,FlashReport_August_2026.pdf,143,"{""approval"": ""02/2025"", ""start"": ""(09/2025)"", ""actual"": null, ""original"": ""09/2027"", ""revised"": ""(09/2027)""}","{""original"": ""649.44"", ""revised"": ""0.00"", ""expenditure"": ""0.09""}"
618856,"Improvement and Up-Gradation of Existing Road to 4L PS from Km 123.650 to 175.080, from Start of Shahabad Bypass to End of Hardoi bypass of NH 731 Pkg-2B",,NHAI,,Uttar Pradesh,2022-09,2023-11,2025-11,2027-03,,1101.79,0.0,540.05,71.33,2026-08,FlashReport_August_2026.pdf,143,"{""approval"": ""09/2022"", ""start"": ""(11/2023)"", ""actual"": null, ""original"": ""11/2025"", ""revised"": ""(03/2027)""}","{""original"": ""1,101.79"", ""revised"": ""0.00"", ""expenditure"": ""540.05""}"
618858,"Improvement and Up-Gradation of Existing Road to 4L PS from Km 88.750 to 123.650, from Start of Shahjahanpur Bypass to start of Shahabad bypass of NH 731Pkg.-2A",,NHAI,,Uttar Pradesh,2022-09,2024-01,2026-01,2027-03,,955.34,0.0,371.22,70.56,2026-08,FlashReport_August_2026.pdf,143,"{""approval"": ""09/2022"", ""start"": ""(01/2024)"", ""actual"": null, ""original"": ""01/2026"", ""revised"": ""(03/2027)""}","{""original"": ""955.34"", ""revised"": ""0.00"", ""expenditure"": ""371.22""}"
618859,"Improvement and Up-Gradation of Existing Road to 4L PS from Km 229.070 to 260.800, End of Hardoi District to Lucknow Ring road of NH 731 Pkg-4",,NHAI,,Uttar Pradesh,2021-09,2022-10,2024-10,2026-09,,575.66,0.0,390.55,99.33,2026-08,FlashReport_August_2026.pdf,143,"{""approval"": ""09/2021"", ""start"": ""(10/2022)"", ""actual"": null, ""original"": ""10/2024"", ""revised"": ""(09/2026)""}","{""original"": ""575.66"", ""revised"": ""0.00"", ""expenditure"": ""390.55""}"
618866,"Four Lane Highway from Chandan Nagar Existing Km. 59.025 of NH 530B/Design Km. 179.5000 to Bareilly BypassStartExisting Km. 59.025 of NH 530B/Design Km. 218.000 Section of NH 530B, in the State of Uttar Pradesh on HAM Mode under NH0",,NHAI,,Uttar Pradesh,2024-12,2025-11,2027-11,2027-11,,2077.0,0.0,491.0,34.5,2026-08,FlashReport_August_2026.pdf,144,"{""approval"": ""12/2024"", ""start"": ""(11/2025)"", ""actual"": null, ""original"": ""11/2027"", ""revised"": ""(11/2027)""}","{""original"": ""2,077.00"", ""revised"": ""0.00"", ""expenditure"": ""491.00""}"
618867,4L Kasganj-Badaun Section from Km. 123.100 to Km. 179.500 Pkg-III of NH530B,,NHAI,,Uttar Pradesh,2023-03,2025-05,2027-05,2027-12,,2009.11,0.0,593.25,40.0,2026-08,FlashReport_August_2026.pdf,144,"{""approval"": ""03/2023"", ""start"": ""(05/2025)"", ""actual"": null, ""original"": ""05/2027"", ""revised"": ""(12/2027)""}","{""original"": ""2,009.11"", ""revised"": ""0.00"", ""expenditure"": ""593.25""}"
618868,4L from Devinagar Bypass End Existing Km. 208.000 of NH 530B/Design Km. 66.000 to Kasganj Bypass End Existing Km.150.100 of NH 530B/ Design Km. 123.100 of NH 530B,,NHAI,,Uttar Pradesh,2023-03,2024-06,2026-06,2026-12,,2289.52,0.0,1042.31,77.0,2026-08,FlashReport_August_2026.pdf,144,"{""approval"": ""03/2023"", ""start"": ""(06/2024)"", ""actual"": null, ""original"": ""06/2026"", ""revised"": ""(12/2026)""}","{""original"": ""2,289.52"", ""revised"": ""0.00"", ""expenditure"": ""1,042.31""}"
618869,"Construction of 4/6 lane Highway of Southern Bareilly Bypass, starting at Ch. 237000 of NH 530 near Jhumka chauraha, Dhantiya village and ending at Ch. 267000 of NH 30 near Invertis University including Trumpet Interchange",,NHAI,,Uttar Pradesh,2024-12,2025-12,2028-06,2028-06,,1122.02,0.0,622.57,16.4,2026-08,FlashReport_August_2026.pdf,144,"{""approval"": ""12/2024"", ""start"": ""(12/2025)"", ""actual"": null, ""original"": ""06/2028"", ""revised"": ""(06/2028)""}","{""original"": ""1,122.02"", ""revised"": ""0.00"", ""expenditure"": ""622.57""}"
618884,Construction of Four Lane Highway from Ghazipur- Ballia-UP/Bihar State Border Greenfield section of NH-31 Package II [from Shahapur km 42.500 to Pindari km 78.150] on EPC Mode in the state of Uttar Pradesh.,,NHAI,,Uttar Pradesh,2022-10,2023-10,2025-10,2026-09,,1493.65,0.0,790.31,98.4,2026-08,FlashReport_August_2026.pdf,144,"{""approval"": ""10/2022"", ""start"": ""(10/2023)"", ""actual"": null, ""original"": ""10/2025"", ""revised"": ""(09/2026)""}","{""original"": ""1,493.65"", ""revised"": ""0.00"", ""expenditure"": ""790.31""}"
618885,Construction of Four Lane Highway from Ghazipur- Ballia-UP/Bihar State Border Greenfield section of NH-31 Package IV [from Buxur Spur of length km 17.270 on EPC Mode in the state of Uttar Pradesh.,,NHAI,,Uttar Pradesh,2022-10,2023-06,2025-06,2026-11,,617.88,0.0,286.85,90.57,2026-08,FlashReport_August_2026.pdf,144,"{""approval"": ""10/2022"", ""start"": ""(06/2023)"", ""actual"": null, ""original"": ""06/2025"", ""revised"": ""(11/2026)""}","{""original"": ""617.88"", ""revised"": ""0.00"", ""expenditure"": ""286.85""}"
618911,4L Greenfield Western Side spur of Rampur-Rudrapur Section from Km 0.000 to Km 13.700 connecting NH-24 to NH-87 bypassing rampur town,,NHAI,,Uttar Pradesh,2021-12,2023-05,2024-11,2027-02,,646.27,0.0,369.7,63.79,2026-08,FlashReport_August_2026.pdf,144,"{""approval"": ""12/2021"", ""start"": ""(05/2023)"", ""actual"": null, ""original"": ""11/2024"", ""revised"": ""(02/2027)""}","{""original"": ""646.27"", ""revised"": ""0.00"", ""expenditure"": ""369.70""}"
618923,4L Behsuma at Km 39.250 Ex. Km 39240 To Bijnor at Km 78.810 Ex. Km 86590 Design Length 39.560 Km of NH-119 Pkg-II,,NHAI,,Uttar Pradesh,2023-03,2024-05,2026-05,2026-12,,2158.2,0.0,1236.27,70.12,2026-08,FlashReport_August_2026.pdf,144,"{""approval"": ""03/2023"", ""start"": ""(05/2024)"", ""actual"": null, ""original"": ""05/2026"", ""revised"": ""(12/2026)""}","{""original"": ""2,158.20"", ""revised"": ""0.00"", ""expenditure"": ""1,236.27""}"
618924,2L PS of Najibabad Kotdwar section from 112.575 to Km. 138.635 of NH 119,,NHAI,,Uttar Pradesh,2021-10,2024-03,2025-09,2026-10,,188.87,0.0,60.9,55.9,2026-08,FlashReport_August_2026.pdf,144,"{""approval"": ""10/2021"", ""start"": ""(03/2024)"", ""actual"": null, ""original"": ""09/2025"", ""revised"": ""(10/2026)""}","{""original"": ""188.87"", ""revised"": ""0.00"", ""expenditure"": ""60.90""}"
618925,Bijnor-Kotawali,,NHAI,,Uttar Pradesh,2021-02,2021-11,2023-05,2026-09,,300.58,0.0,302.11,99.02,2026-08,FlashReport_August_2026.pdf,144,"{""approval"": ""02/2021"", ""start"": ""(11/2021)"", ""actual"": null, ""original"": ""05/2023"", ""revised"": ""(09/2026)""}","{""original"": ""300.58"", ""revised"": ""0.00"", ""expenditure"": ""302.11""}"
618927,4L of Moradabad-Thakurdwara-Kashipur Section from Km. 0.000 to Km. 38.77 of NH- 734 Pkg-II,,NHAI,,Uttar Pradesh,2022-10,2024-03,2026-03,2027-06,,2006.82,0.0,1001.96,54.55,2026-08,FlashReport_August_2026.pdf,144,"{""approval"": ""10/2022"", ""start"": ""(03/2024)"", ""actual"": null, ""original"": ""03/2026"", ""revised"": ""(06/2027)""}","{""original"": ""2,006.82"", ""revised"": ""0.00"", ""expenditure"": ""1,001.96""}"
618929,4L of Moradabad western side spur connecting NH-734 & NH-24 from Km. 0.000 to Km. 33.200 Pkg-I,,NHAI,,Uttar Pradesh,2022-11,2023-09,2025-09,2026-12,,1841.92,0.0,1133.1,83.06,2026-08,FlashReport_August_2026.pdf,144,"{""approval"": ""11/2022"", ""start"": ""(09/2023)"", ""actual"": null, ""original"": ""09/2025"", ""revised"": ""(12/2026)""}","{""original"": ""1,841.92"", ""revised"": ""0.00"", ""expenditure"": ""1,133.10""}"
618960,4 Lane Inner Ring Road around Allahabad City Pkg-2 Prayagraj Southern Bypass 43.200 - 50.860,,NHAI,,Uttar Pradesh,2023-08,2023-12,2026-06,2027-06,,1377.51,0.0,485.92,46.74,2026-08,FlashReport_August_2026.pdf,144,"{""approval"": ""08/2023"", ""start"": ""(12/2023)"", ""actual"": null, ""original"": ""06/2026"", ""revised"": ""(06/2027)""}","{""original"": ""1,377.51"", ""revised"": ""0.00"", ""expenditure"": ""485.92""}"
618961,4 Lane Inner Ring Road around Allahabad City Pkg-1 Prayagraj Southern Bypass 34.400 43.200,,NHAI,,Uttar Pradesh,2025-02,2025-12,2027-12,2027-12,,775.94,0.0,87.58,24.55,2026-08,FlashReport_August_2026.pdf,144,"{""approval"": ""02/2025"", ""start"": ""(12/2025)"", ""actual"": null, ""original"": ""12/2027"", ""revised"": ""(12/2027)""}","{""original"": ""775.94"", ""revised"": ""0.00"", ""expenditure"": ""87.58""}"
618968,6L access control Greenfield highway of Vill-Khyawari to Vill-Latifpur at Saharanpur Bypass from Km. 82.000 to Km. 119.790 Pkg-4,,NHAI,,Uttar Pradesh,2021-03,2022-09,2024-09,2026-09,,1428.19,0.0,1396.07,99.24,2026-08,FlashReport_August_2026.pdf,144,"{""approval"": ""03/2021"", ""start"": ""(09/2022)"", ""actual"": null, ""original"": ""09/2024"", ""revised"": ""(09/2026)""}","{""original"": ""1,428.19"", ""revised"": ""0.00"", ""expenditure"": ""1,396.07""}"
618970,6L access control Greenfield highway of Vill-Lohadda to Vill-Karaunda Mahajan from Km. 27.000 to Km. 56.500 Pkg-2,,NHAI,,Uttar Pradesh,2021-03,2022-09,2024-09,2026-08,,1335.45,0.0,1253.61,98.06,2026-08,FlashReport_August_2026.pdf,144,"{""approval"": ""03/2021"", ""start"": ""(09/2022)"", ""actual"": null, ""original"": ""09/2024"", ""revised"": ""(08/2026)""}","{""original"": ""1,335.45"", ""revised"": ""0.00"", ""expenditure"": ""1,253.61""}"
619168,6L access controlled Greenfield highway of Junction of EPE Vill.-Mavikalan to Vill.- Lohadda from Km. 0.000 to Km. 27.000 Pkg-1,,NHAI,,Uttar Pradesh,2021-03,2022-09,2024-09,2026-09,,1602.48,0.0,1424.73,99.29,2026-08,FlashReport_August_2026.pdf,144,"{""approval"": ""03/2021"", ""start"": ""(09/2022)"", ""actual"": null, ""original"": ""09/2024"", ""revised"": ""(09/2026)""}","{""original"": ""1,602.48"", ""revised"": ""0.00"", ""expenditure"": ""1,424.73""}"
619194,"Construction of Four Lane Gola Flyover at Km 99.850 of NH 730 Major Junction with State Highways -93 of Engineering, Procurement and Construction EPC mode in the State of Uttar Pradesh.",,MoRTH,,Uttar Pradesh,2025-03,2026-05,2027-10,2027-10,,168.05,0.0,6.35,16.0,2026-08,FlashReport_August_2026.pdf,144,"{""approval"": ""03/2025"", ""start"": ""(05/2026)"", ""actual"": null, ""original"": ""10/2027"", ""revised"": ""(10/2027)""}","{""original"": ""168.05"", ""revised"": ""0.00"", ""expenditure"": ""6.35""}"
619308,6L access-controlled highway from Ganeshpur tonear Mohand of Ganeshpur Dehradun section from Km.0 to Km.8.3 of NH-72A Package-1,,NHAI,,Uttar Pradesh,2020-11,2021-10,2023-10,2026-09,,836.24,0.0,813.14,98.92,2026-08,FlashReport_August_2026.pdf,145,"{""approval"": ""11/2020"", ""start"": ""(10/2021)"", ""actual"": null, ""original"": ""10/2023"", ""revised"": ""(09/2026)""}","{""original"": ""836.24"", ""revised"": ""0.00"", ""expenditure"": ""813.14""}"
617888,Landslide treatment work on NH 58 from Kodiyala Km. 266.130 to Devprayag Km. 296.925 10 location under EPC mode in the State of Uttarakhand on EPC Mode,,MoRTH,,Uttarakhand,2023-01,2024-02,2025-02,2026-09,,192.54,0.0,97.78,99.0,2026-08,FlashReport_August_2026.pdf,145,"{""approval"": ""01/2023"", ""start"": ""(02/2024)"", ""actual"": null, ""original"": ""02/2025"", ""revised"": ""(09/2026)""}","{""original"": ""192.54"", ""revised"": ""0.00"", ""expenditure"": ""97.78""}"
617889,Treatment of landslide zone from location no. 01 to 28 km 62.860 to 152.750 on NH- 12509 in the State of Uttarakhand under EPC mode in NHO Annual Plan 2022-23,,MoRTH,,Uttarakhand,2022-11,2023-06,2024-06,2026-09,,192.22,0.0,139.29,98.5,2026-08,FlashReport_August_2026.pdf,145,"{""approval"": ""11/2022"", ""start"": ""(06/2023)"", ""actual"": null, ""original"": ""06/2024"", ""revised"": ""(09/2026)""}","{""original"": ""192.22"", ""revised"": ""0.00"", ""expenditure"": ""139.29""}"
617890,Construction of Champawat Bypass with two lane with paved shoulder configuration starting from existing chainage 121.700 to existing chainage 129.450 Design Length 9.847 of NH-125 in District-Champawat in the state of Uttrakhand on EPC mode.,,MoRTH,,Uttarakhand,2025-02,2026-01,2027-12,,,220.89,0.0,8.57,8.5,2026-08,FlashReport_August_2026.pdf,145,"{""approval"": ""02/2025"", ""start"": ""(01/2026)"", ""actual"": null, ""original"": ""12/2027"", ""revised"": ""(-)""}","{""original"": ""220.89"", ""revised"": ""0.00"", ""expenditure"": ""8.57""}"
617929,Construction of 2 lane with paved shoulder of Kund Bypass from Design Km 35.130 to Km 47.700 existing Km 33.130 to Km 41.260 of NH-109 in the State of Uttarakhand,,MoRTH,,Uttarakhand,2018-02,2018-05,2020-05,2026-12,,247.41,0.0,151.81,84.7,2026-08,FlashReport_August_2026.pdf,145,"{""approval"": ""02/2018"", ""start"": ""(05/2018)"", ""actual"": null, ""original"": ""05/2020"", ""revised"": ""(12/2026)""}","{""original"": ""247.41"", ""revised"": ""0.00"", ""expenditure"": ""151.81""}"
617967,Construction of Rudraprayag tunnel of length 900.30 MTR including approaches and one major bridge on river Alaknanda connecting NH-107/old-109 to NH-07old-58 on EPC mode in the state of Uttarakhand.,,MoRTH,,Uttarakhand,2021-02,2023-01,2025-07,2026-09,,251.88,0.0,158.45,99.0,2026-08,FlashReport_August_2026.pdf,145,"{""approval"": ""02/2021"", ""start"": ""(01/2023)"", ""actual"": null, ""original"": ""07/2025"", ""revised"": ""(09/2026)""}","{""original"": ""251.88"", ""revised"": ""0.00"", ""expenditure"": ""158.45""}"
617968,Construction & Widening Including Augustmuni Bypass Ch-16.545 to Ch - 19.890 to 2L/PS from Km 16.545-Km 33.130 & 45.980 -57.975 Augustmuni to Kund & Guptkashi to Sitapur on NH 109 in UK,,MoRTH,,Uttarakhand,2017-03,2018-02,2020-02,2024-03,,418.89,0.0,358.36,95.0,2026-08,FlashReport_August_2026.pdf,145,"{""approval"": ""03/2017"", ""start"": ""(02/2018)"", ""actual"": null, ""original"": ""02/2020"", ""revised"": ""(03/2024)""}","{""original"": ""418.89"", ""revised"": ""0.00"", ""expenditure"": ""358.36""}"
617974,Rehabilitation and upgradation of 2 lane with paved shoulder from existing km. 195.175 to km. 220.000 Design Chainage km71.300 to Km. 95.947 Excluding existing chainage Km 200.300 to Km 202.400 Design chainage Km 76.400 to Km 78.400 on Dharasu to Yamunotri Road of NH- 134 Old NH-94,,MoRTH,,Uttarakhand,2025-05,2025-10,2028-04,,,344.73,0.0,42.81,53.74,2026-08,FlashReport_August_2026.pdf,145,"{""approval"": ""05/2025"", ""start"": ""(10/2025)"", ""actual"": null, ""original"": ""04/2028"", ""revised"": ""(-)""}","{""original"": ""344.73"", ""revised"": ""0.00"", ""expenditure"": ""42.81""}"
618039,Widening to 2 Lane from Existing Chainage Km 74.700 Km 100.660 Design Chainage Km 53.365 to Km 78.785 on NH- 507 in the State of Uttarakhand.,,MoRTH,,Uttarakhand,2024-01,2025-10,2028-04,,,346.82,0.0,0.0,31.75,2026-08,FlashReport_August_2026.pdf,145,"{""approval"": ""01/2024"", ""start"": ""(10/2025)"", ""actual"": null, ""original"": ""04/2028"", ""revised"": ""(-)""}","{""original"": ""346.82"", ""revised"": ""0.00"", ""expenditure"": ""0.00""}"
618040,Rehabilitation and Upgradation to Two lanes with Paved Shoulders configuration and Strengthening from Km 175.00 to Km 196.00 Gumkhal to Satpuli of NH-119 New NH- 534 in the State of Uttarakhand under NHO Annual Plan 2021-22 under EPC mode,,MoRTH,,Uttarakhand,2022-03,2025-01,2027-01,,,452.81,0.0,172.27,42.0,2026-08,FlashReport_August_2026.pdf,145,"{""approval"": ""03/2022"", ""start"": ""(01/2025)"", ""actual"": null, ""original"": ""01/2027"", ""revised"": ""(-)""}","{""original"": ""452.81"", ""revised"": ""0.00"", ""expenditure"": ""172.27""}"
618041,Rehabilitation and upgrading to two lanes with paved shoulders and Strengthening of Kotdwar-Pauri-Srinagar road section from Km 232.00 to 274.470 on NH-119 New 534 Paidul to Srinagar in the State of Uttarakhand on EPC Mode under NHO Annual Plan 2021-22.,,MoRTH,,Uttarakhand,2022-02,2025-12,2027-12,,,299.31,0.0,13.05,3.0,2026-08,FlashReport_August_2026.pdf,145,"{""approval"": ""02/2022"", ""start"": ""(12/2025)"", ""actual"": null, ""original"": ""12/2027"", ""revised"": ""(-)""}","{""original"": ""299.31"", ""revised"": ""0.00"", ""expenditure"": ""13.05""}"
618119,Rehabilitation and up-gradation to 2-lane configuration of Bageshwar to Kangarchina road from km 129.600 to Km 161.600 Existing Chainage 136.00 to Km 169.00 of NH- 309Ain the State of Uttarakhand Package-IV under NHO Annual Plan 2021-22,,MoRTH,,Uttarakhand,2022-03,2024-08,2027-02,,,472.23,0.0,189.12,67.0,2026-08,FlashReport_August_2026.pdf,145,"{""approval"": ""03/2022"", ""start"": ""(08/2024)"", ""actual"": null, ""original"": ""02/2027"", ""revised"": ""(-)""}","{""original"": ""472.23"", ""revised"": ""0.00"", ""expenditure"": ""189.12""}"
618207,Widening to 2-lane with Hard Shoulder configuration of Mana Ch. 0.00 to Mana Pass Ch. 50.987 road on NH-07 under Bharatmala Pariyojna in the state of Uttarakhand under Annual Plan 2022-23 length 50.987,,MoRTH,,Uttarakhand,2022-10,2023-10,2027-10,2028-10,,573.96,0.0,78.26,21.03,2026-08,FlashReport_August_2026.pdf,145,"{""approval"": ""10/2022"", ""start"": ""(10/2023)"", ""actual"": null, ""original"": ""10/2027"", ""revised"": ""(10/2028)""}","{""original"": ""573.96"", ""revised"": ""0.00"", ""expenditure"": ""78.26""}"
618209,Construction & up gradation of existing road to 2-Lane with paved shoulder from existing chainage km 468000 to km 489350 Design Chainage km 465150 to km 471500 of NH-07 Old NH-58 including Joshimath bypass on EPC mode in the state of Uttarakhand Length 6.35 km,,MoRTH,,Uttarakhand,2022-03,2022-09,2025-09,2027-08,,258.85,0.0,84.9,37.23,2026-08,FlashReport_August_2026.pdf,145,"{""approval"": ""03/2022"", ""start"": ""(09/2022)"", ""actual"": null, ""original"": ""09/2025"", ""revised"": ""(08/2027)""}","{""original"": ""258.85"", ""revised"": ""0.00"", ""expenditure"": ""84.90""}"
618210,Rehabilitation and upgradation of Askot-Lipulekh on EPC Basis for Phase-I Existing Km 72.00 to 107.620 Design Chainage Km 21330 to Km 56935 under Project Hirak of BRO in the state of Uttarakhand under Bharatmala Pariyojna Phase-I on EPC Mode Length-35.605 Km CA No EPC/MORT&H/HRK/01/2021-22,,MoRTH,,Uttarakhand,2020-09,2021-12,2023-12,2026-10,,603.92,0.0,403.85,81.17,2026-08,FlashReport_August_2026.pdf,145,"{""approval"": ""09/2020"", ""start"": ""(12/2021)"", ""actual"": null, ""original"": ""12/2023"", ""revised"": ""(10/2026)""}","{""original"": ""603.92"", ""revised"": ""0.00"", ""expenditure"": ""403.85""}"
618211,Improvement/construction of 2-lane with paved shoulder of Askote Llipulekh road from Tawaghat village to Budhi village design km. 56935 to km 95748 and from end of Tunnel portal to Kali Mandir design km 113828 to km. 133078 [total design length 58.063 km] under project Hirak of BRO in the state of Uttarakhand under Bharatmala Pariyojna on EPC Mode,,MoRTH,,Uttarakhand,2022-05,2024-11,2026-11,2027-07,,649.6,0.0,97.44,39.93,2026-08,FlashReport_August_2026.pdf,146,"{""approval"": ""05/2022"", ""start"": ""(11/2024)"", ""actual"": null, ""original"": ""11/2026"", ""revised"": ""(07/2027)""}","{""original"": ""649.60"", ""revised"": ""0.00"", ""expenditure"": ""97.44""}"
618212,"STABILIZATION OF LAND SLIDE AND SLOPE PROTECTION AT KM 11.00 TO KM 11.08, 29,730 KM TO 30,060 KM, 30,400 KM TO 31,060 KM, 34,750 KM TO 35,300 KM, 38,950 KM TO 39,030 KM & 39,460 KM TO 39,540 KM TWO LOC CLUBBED, KM 40,400 TO KM 40,650, KM 43,500 KM 43,680, 52,460 RISHIKESH - DHARASU ROAD NH-94 ON EPC MODE IN THE STATE OF UTTARAKHAND. NOSE OF LAND SLIDE - 12 NOS",,MoRTH,,Uttarakhand,2024-01,2025-10,2027-04,,,197.26,0.0,20.7,22.0,2026-08,FlashReport_August_2026.pdf,146,"{""approval"": ""01/2024"", ""start"": ""(10/2025)"", ""actual"": null, ""original"": ""04/2027"", ""revised"": ""(-)""}","{""original"": ""197.26"", ""revised"": ""0.00"", ""expenditure"": ""20.70""}"
618213,Rehabilitation and Upgradation of road Rishikesh Dharasu Old NH-94 with 2-lane with paved shoulder from km 76.000 to km 110.000 Design Chainage from km 74.733 to km 107.347 32.614 km including construction of Kamand re-alignment from existing Chainage Km 105.200 to Km 108.600 design chainage Km 103.436 to Km 105.949 - total length 2513 mtrs and land slide treatment work between design chainage Km 73.800 to Km 74.00 200m on EPC mode under improvement to NH connectivity to Chardham in,,MoRTH,,Uttarakhand,2018-03,2019-01,2021-01,2026-10,,273.76,0.0,227.84,96.46,2026-08,FlashReport_August_2026.pdf,146,"{""approval"": ""03/2018"", ""start"": ""(01/2019)"", ""actual"": null, ""original"": ""01/2021"", ""revised"": ""(10/2026)""}","{""original"": ""273.76"", ""revised"": ""0.00"", ""expenditure"": ""227.84""}"
618214,Rehabilitation and upgradation to 2 lane / 2 lane with paved shoulder configuration for design chainage km 107.347 to km 129.208 & km 133.878 to km 138.570 existing chainage km 110.000 to km 133.020 & km 137.330 to km 142.028 and land slide treatment at existing km 138.500 Design chainage km 134.970 of NH -94 on EPC mode under improvement to NH connectivity to Chardham in the state of Uttarakhand.,,MoRTH,,Uttarakhand,2018-03,2019-01,2021-07,2024-06,,346.5,0.0,296.56,100.0,2026-08,FlashReport_August_2026.pdf,146,"{""approval"": ""03/2018"", ""start"": ""(01/2019)"", ""actual"": null, ""original"": ""07/2021"", ""revised"": ""(06/2024)""}","{""original"": ""346.50"", ""revised"": ""0.00"", ""expenditure"": ""296.56""}"
618218,Rehabilitation & upgradation of existing road to 2-lane with hard shoulder from Joshimath km 0.00 to Saraithota km 29.725 road on NH-107B under Bharatmala Pariyojna on EPC mode in the state of Uttarakhand,,MoRTH,,Uttarakhand,2022-10,2023-05,2025-05,2027-03,,338.38,0.0,159.26,80.0,2026-08,FlashReport_August_2026.pdf,146,"{""approval"": ""10/2022"", ""start"": ""(05/2023)"", ""actual"": null, ""original"": ""05/2025"", ""revised"": ""(03/2027)""}","{""original"": ""338.38"", ""revised"": ""0.00"", ""expenditure"": ""159.26""}"
618219,Upgradation to 2-lane with Hard shoulder configuration of Suraithota Ch. 29.725 km to Malari Ch. 60.550 km road on NH- 107B under in the state of Uttarakhand.,,MoRTH,,Uttarakhand,2022-10,2024-05,2026-05,2026-12,,292.76,0.0,142.36,76.67,2026-08,FlashReport_August_2026.pdf,146,"{""approval"": ""10/2022"", ""start"": ""(05/2024)"", ""actual"": null, ""original"": ""05/2026"", ""revised"": ""(12/2026)""}","{""original"": ""292.76"", ""revised"": ""0.00"", ""expenditure"": ""142.36""}"
618390,"Construction, Operation & Maintenance of 2-L Bi-directional Silkyara Bend- Barkot Tunnel with escape passage including approaches Tunnel-4.531 & Approach road- 0.328 on Dharasu-Yamunotri section b/w Chainage 25.400km and 51.00km falling along NH-134 Old NH-94 on EPC mode",,NHIDCL,,Uttarakhand,2018-03,2018-07,2022-07,2027-03,,1383.78,0.0,860.71,76.96,2026-08,FlashReport_August_2026.pdf,146,"{""approval"": ""03/2018"", ""start"": ""(07/2018)"", ""actual"": null, ""original"": ""07/2022"", ""revised"": ""(03/2027)""}","{""original"": ""1,383.78"", ""revised"": ""0.00"", ""expenditure"": ""860.71""}"
618391,"Construction for Mitigation Measures of 5 Nos. Landslides, 05 No. Sinking Zones and 01 No. Bridge from Ch. 450.00 to Ch. 468.00 18 Km. Length on NH-07 Package-III",,NHIDCL,,Uttarakhand,2023-12,2024-06,2025-12,2027-02,,250.33,0.0,112.33,89.84,2026-08,FlashReport_August_2026.pdf,146,"{""approval"": ""12/2023"", ""start"": ""(06/2024)"", ""actual"": null, ""original"": ""12/2025"", ""revised"": ""(02/2027)""}","{""original"": ""250.33"", ""revised"": ""0.00"", ""expenditure"": ""112.33""}"
618392,"Construction for Mitigation Measures of 5 Nos. Landslides, 5 Nos. Sinking Zones in between Ch. 433.00 to 450.00 BANERPANI VILLAGE on NH-07 on EPC mode in the state of Uttarakhand Package-2",,NHIDCL,,Uttarakhand,2023-12,2024-12,2026-06,2027-01,,259.64,0.0,0.0,71.94,2026-08,FlashReport_August_2026.pdf,146,"{""approval"": ""12/2023"", ""start"": ""(12/2024)"", ""actual"": null, ""original"": ""06/2026"", ""revised"": ""(01/2027)""}","{""original"": ""259.64"", ""revised"": ""0.00"", ""expenditure"": ""0.00""}"
618875,4L of Haridwar Nagina section Design Ch. LME from km 13.829 to km 17.110 & km 26.077 to km 27.508 and Design Ch. RME from km 13.839 to km 17.120 & km 26.078 to km 27.509 of EUP mitigation measures on NH74,,NHAI,,Uttarakhand,2021-11,2022-08,2024-02,2026-12,,183.92,0.0,119.67,70.42,2026-08,FlashReport_August_2026.pdf,146,"{""approval"": ""11/2021"", ""start"": ""(08/2022)"", ""actual"": null, ""original"": ""02/2024"", ""revised"": ""(12/2026)""}","{""original"": ""183.92"", ""revised"": ""0.00"", ""expenditure"": ""119.67""}"
619142,Construction of 4-lane connectivity to Banbasa ICP at India Nepal border from NH-09 old NH-125 Sitarganj-Tanakpur at Km 40.00 near Jagbuda bridge under Bharatmala Priyojana of NH-109D on EPC mode in the State of Uttarakhand,,NHAI,,Uttarakhand,2022-06,2023-03,2024-09,2027-04,,216.97,0.0,218.93,75.24,2026-08,FlashReport_August_2026.pdf,146,"{""approval"": ""06/2022"", ""start"": ""(03/2023)"", ""actual"": null, ""original"": ""09/2024"", ""revised"": ""(04/2027)""}","{""original"": ""216.97"", ""revised"": ""0.00"", ""expenditure"": ""218.93""}"
619155,Upgradation and 4L of Haridwar Bypass from Km 0.000 Km 188.100 of NH-58 to Km. 15.100 Km 5.100 of NH 74 PKg-1,,NHAI,,Uttarakhand,2021-11,2022-10,2024-10,2026-11,,1602.89,0.0,770.29,80.36,2026-08,FlashReport_August_2026.pdf,146,"{""approval"": ""11/2021"", ""start"": ""(10/2022)"", ""actual"": null, ""original"": ""10/2024"", ""revised"": ""(11/2026)""}","{""original"": ""1,602.89"", ""revised"": ""0.00"", ""expenditure"": ""770.29""}"
619221,Realignment of Rudrapur-Kathgodam Section of NH-87 New NH-109 From Design Chainage 000 Existing Chainage Km.54050 To Design Chainage 7875 Existing Chainage Km.61550 Due To Proposed Expansion Of Pantnagar Airport in the state of Uttarakhand.,,NHAI,,Uttarakhand,2025-08,2026-06,2027-09,2027-09,,252.97,0.0,0.19,0.0,2026-08,FlashReport_August_2026.pdf,146,"{""approval"": ""08/2025"", ""start"": ""(06/2026)"", ""actual"": null, ""original"": ""09/2027"", ""revised"": ""(09/2027)""}","{""original"": ""252.97"", ""revised"": ""0.00"", ""expenditure"": ""0.19""}"
619292,4L Medinipur to Ballupur from Km. 458.65 to Km. 487.65 of NH-07Pkg-2,,NHAI,,Uttarakhand,2022-03,2023-02,2025-02,2026-09,,1092.9,0.0,745.31,93.9,2026-08,FlashReport_August_2026.pdf,146,"{""approval"": ""03/2022"", ""start"": ""(02/2023)"", ""actual"": null, ""original"": ""02/2025"", ""revised"": ""(09/2026)""}","{""original"": ""1,092.90"", ""revised"": ""0.00"", ""expenditure"": ""745.31""}"
619293,Construction of 4 Lane Access Controlled Bypass for Dehradun on NH307 from Design Chainage km 0050 Jhajra on NH-07 to Design Chainage km 12220 Asharori on EPC Mode in the State of Uttarakhand under NHO,,NHAI,,Uttarakhand,2023-12,2025-04,2027-04,2027-04,,715.97,0.0,204.77,62.79,2026-08,FlashReport_August_2026.pdf,147,"{""approval"": ""12/2023"", ""start"": ""(04/2025)"", ""actual"": null, ""original"": ""04/2027"", ""revised"": ""(04/2027)""}","{""original"": ""715.97"", ""revised"": ""0.00"", ""expenditure"": ""204.77""}"
619294,Road Safety Improvement of existing four lane section of Dehradun-Lal Tappar-Nepali Farm Section of NH-7 and Nepali Farm-Motichur NH-34 on EPC Mode in Uttarakhand under NHO.,,NHAI,,Uttarakhand,2025-05,2026-02,2028-08,2028-08,,720.67,0.0,19.14,5.13,2026-08,FlashReport_August_2026.pdf,147,"{""approval"": ""05/2025"", ""start"": ""(02/2026)"", ""actual"": null, ""original"": ""08/2028"", ""revised"": ""(08/2028)""}","{""original"": ""720.67"", ""revised"": ""0.00"", ""expenditure"": ""19.14""}"
619295,Four/Six laning of Bhaniyawala-Jollygrant-Rishikesh spur section of NH-07 from Km. 0.000 to Km 19.780,,NHAI,,Uttarakhand,2023-02,2025-12,2027-11,2027-11,,742.43,0.0,13.35,0.0,2026-08,FlashReport_August_2026.pdf,147,"{""approval"": ""02/2023"", ""start"": ""(12/2025)"", ""actual"": null, ""original"": ""11/2027"", ""revised"": ""(11/2027)""}","{""original"": ""742.43"", ""revised"": ""0.00"", ""expenditure"": ""13.35""}"
617893,Construction of additional major Bridge with 4- lane configuration of length 1.48 km on NH-60 NH-14 over River Kangshabati from Km. 117.770 to Km 119.250 and additional major Bridge with 4- lane configuration of length 0.900 km on NH-60 NH- 14 over River Shilabati from Km. 173.220 to Km 174.120 in the district of Paschim Medinipur of West Bengal under Annual Plan for FY 2023-24 on EPC mode. Job No 014-W8-2023-24/527 .,,MoRTH,,West Bengal,2023-11,2025-11,2028-05,2028-05,,304.83,0.0,0.9,3.68,2026-08,FlashReport_August_2026.pdf,147,"{""approval"": ""11/2023"", ""start"": ""(11/2025)"", ""actual"": null, ""original"": ""05/2028"", ""revised"": ""(05/2028)""}","{""original"": ""304.83"", ""revised"": ""0.00"", ""expenditure"": ""0.90""}"
617894,"Construction or 4 lane Raniganj Bypass of length 5.261 km on NH-60 new NH-14 from km 273.00 of NH to km 478.18 of NH-2 New NH 16 in paschim Bardhaman, West Bengal in EPC Mode- reg. Job No. 014-WB-2022-23/514",,MoRTH,,West Bengal,2023-03,2024-03,2026-03,2027-05,,410.83,0.0,270.63,70.05,2026-08,FlashReport_August_2026.pdf,147,"{""approval"": ""03/2023"", ""start"": ""(03/2024)"", ""actual"": null, ""original"": ""03/2026"", ""revised"": ""(05/2027)""}","{""original"": ""410.83"", ""revised"": ""0.00"", ""expenditure"": ""270.63""}"
617931,Construction of ROB and its approaches in lieu of LC No. 10/B/T at Km 307.050 of NH-60.,,MoRTH,,West Bengal,2016-03,2023-08,2025-08,2027-10,,155.87,0.0,20.6,17.08,2026-08,FlashReport_August_2026.pdf,147,"{""approval"": ""03/2016"", ""start"": ""(08/2023)"", ""actual"": null, ""original"": ""08/2025"", ""revised"": ""(10/2027)""}","{""original"": ""155.87"", ""revised"": ""0.00"", ""expenditure"": ""20.60""}"
617960,Construction of new road at the missing link portion of NH-81 along approved alignment between Harishchandrapur and Eastern approach of Kalindri Bridge from Km 46.550 to Km 59.697 in the district of Malda. Job No-081-WB-2015-16/400,,MoRTH,,West Bengal,2016-08,2016-11,2018-11,2026-10,,271.17,0.0,226.54,85.62,2026-08,FlashReport_August_2026.pdf,147,"{""approval"": ""08/2016"", ""start"": ""(11/2016)"", ""actual"": null, ""original"": ""11/2018"", ""revised"": ""(10/2026)""}","{""original"": ""271.17"", ""revised"": ""0.00"", ""expenditure"": ""226.54""}"
618227,Development to 4/6-lanning of NH-31 New NH-10 with both side service roads from km 569.258 to km 581.030 end of AH-02 project on NH- 31 near Shivmandir to Sevoke Army Cantonment in districts of Darjeeling and Jalpaiguri in the state of West Bengal on EPC Mode Job No. 010/WB/2021-22/490,,MoRTH,,West Bengal,2022-03,2023-03,2025-09,2027-03,,995.04,0.0,676.6,76.17,2026-08,FlashReport_August_2026.pdf,147,"{""approval"": ""03/2022"", ""start"": ""(03/2023)"", ""actual"": null, ""original"": ""09/2025"", ""revised"": ""(03/2027)""}","{""original"": ""995.04"", ""revised"": ""0.00"", ""expenditure"": ""676.60""}"
618427,Construction & upgradation of existing road to 2-lane with paved shoulder including geometric improvement of Kafer- Lava More section from km 40.00 to km 61.100 of NH717-A on EPC under SARDP-NE A in state of West Bengal Pkg-VA,,NHIDCL,,West Bengal,2020-06,2020-10,2023-04,2026-12,,311.02,0.0,268.2,95.98,2026-08,FlashReport_August_2026.pdf,147,"{""approval"": ""06/2020"", ""start"": ""(10/2020)"", ""actual"": null, ""original"": ""04/2023"", ""revised"": ""(12/2026)""}","{""original"": ""311.02"", ""revised"": ""0.00"", ""expenditure"": ""268.20""}"
618429,Construction & upgradation of existing road to 2-lane with paved shoulder including geometric improvement of sect. from Pedong bypass to Reshi Border km 79.700 to km 96.254 of NH-717A under SARDP-NE-A on EPC as part of Alternate connectivity to Gangtok Lava More-Reshi Border Pkg-VB,,NHIDCL,,West Bengal,2020-06,2020-10,2022-04,2026-08,,345.38,0.0,418.73,97.22,2026-08,FlashReport_August_2026.pdf,147,"{""approval"": ""06/2020"", ""start"": ""(10/2020)"", ""actual"": null, ""original"": ""04/2022"", ""revised"": ""(08/2026)""}","{""original"": ""345.38"", ""revised"": ""0.00"", ""expenditure"": ""418.73""}"
618430,Construction of alternative highway to Gangtok in Sikkim via Bagrakot -Chuikhim- Nimbong -Kafer-Bakhim-Algarah-Rhenock in the State of West Bengal and from Rhenok-Rorathang-Pakyong along with spur from Aritar-Rolep-Menla in the State of Sikkim from Km 0.00 to Km 13.00 of Bagrakot -Kafer section of NH 717A on EPC Mode under Phase-A of SARDP-NE in the State of West Bengal PKG- IVA,,NHIDCL,,West Bengal,2018-03,2019-10,2022-04,2026-08,,402.94,0.0,261.9,99.23,2026-08,FlashReport_August_2026.pdf,147,"{""approval"": ""03/2018"", ""start"": ""(10/2019)"", ""actual"": null, ""original"": ""04/2022"", ""revised"": ""(08/2026)""}","{""original"": ""402.94"", ""revised"": ""0.00"", ""expenditure"": ""261.90""}"
618431,Construction of alternative highway to Gangtok in Sikkim via Bagrakot -Chuikhim- Nimbong -Kafer-Bakhim-Algarah-Rhenock in the State of West Bengal and from Rhenok-Rorathang-Pakyong along with spur from Aritar-Rolep-Menla in the State of Sikkim from Km 13.00 to Km 25.60 of Bagrakot -Kafer section of NH 717A on EPC Mode under Phase-A of SARDP-NE in the State of West Bengal PKG- IVB,,NHIDCL,,West Bengal,2018-03,2020-10,2023-04,2026-12,,295.97,0.0,255.94,97.73,2026-08,FlashReport_August_2026.pdf,147,"{""approval"": ""03/2018"", ""start"": ""(10/2020)"", ""actual"": null, ""original"": ""04/2023"", ""revised"": ""(12/2026)""}","{""original"": ""295.97"", ""revised"": ""0.00"", ""expenditure"": ""255.94""}"
618572,Binnaguri Bypass-Descoped portion of Ghoshpukur-Dhupguri Section of NH-31Dpkg-1,,NHAI,,West Bengal,2025-03,2025-11,2027-11,2027-11,,309.99,0.0,4.92,3.67,2026-08,FlashReport_August_2026.pdf,147,"{""approval"": ""03/2025"", ""start"": ""(11/2025)"", ""actual"": null, ""original"": ""11/2027"", ""revised"": ""(11/2027)""}","{""original"": ""309.99"", ""revised"": ""0.00"", ""expenditure"": ""4.92""}"
618574,Balance Works of 4L of NH-31D from Km. 113.200 to Km. 154.854 Package-II A Ghoshpukur-Salsalabari Section,,NHAI,,West Bengal,2023-11,2024-12,2027-06,2027-06,,1818.46,0.0,461.24,61.1,2026-08,FlashReport_August_2026.pdf,147,"{""approval"": ""11/2023"", ""start"": ""(12/2024)"", ""actual"": null, ""original"": ""06/2027"", ""revised"": ""(06/2027)""}","{""original"": ""1,818.46"", ""revised"": ""0.00"", ""expenditure"": ""461.24""}"
618808,6L Elevated Kona Expressway from Km. 0.145 to Km. 7.337 of NH-117,,NHAI,,West Bengal,2023-03,2024-06,2026-12,2027-12,,1212.56,0.0,451.59,39.99,2026-08,FlashReport_August_2026.pdf,147,"{""approval"": ""03/2023"", ""start"": ""(06/2024)"", ""actual"": null, ""original"": ""12/2026"", ""revised"": ""(12/2027)""}","{""original"": ""1,212.56"", ""revised"": ""0.00"", ""expenditure"": ""451.59""}"
618823,4 laning of Barasat - Barajaguli Section of NH-12 from Km. 31.000 to Km. 48.679 in the district of North 24 - Parganas,,NHAI,,West Bengal,2024-02,2024-08,2026-02,2027-10,,352.01,0.0,98.02,43.52,2026-08,FlashReport_August_2026.pdf,148,"{""approval"": ""02/2024"", ""start"": ""(08/2024)"", ""actual"": null, ""original"": ""02/2026"", ""revised"": ""(10/2027)""}","{""original"": ""352.01"", ""revised"": ""0.00"", ""expenditure"": ""98.02""}"
618824,"Development to 4-laning of the de-scoped stretches from Km 115.342 to Km 191.700 of NH-34 in Nadia District 3.962 & Murshidabad District 5.538 pertaining to Krishnagar to Berhampore section of NH-34 New NH-12 , in the state of West Bengal under NHO.",,NHAI,,West Bengal,2024-03,2024-07,2026-01,2027-06,,201.1,0.0,64.72,54.79,2026-08,FlashReport_August_2026.pdf,148,"{""approval"": ""03/2024"", ""start"": ""(07/2024)"", ""actual"": null, ""original"": ""01/2026"", ""revised"": ""(06/2027)""}","{""original"": ""201.10"", ""revised"": ""0.00"", ""expenditure"": ""64.72""}"
618825,Bridge over Ganga River at d/s of Farraka Barrage including Approaches connecting Farakka-Raiganj,,NHAI,,West Bengal,2018-08,2018-12,2021-12,2026-09,,622.04,0.0,637.37,96.71,2026-08,FlashReport_August_2026.pdf,148,"{""approval"": ""08/2018"", ""start"": ""(12/2018)"", ""actual"": null, ""original"": ""12/2021"", ""revised"": ""(09/2026)""}","{""original"": ""622.04"", ""revised"": ""0.00"", ""expenditure"": ""637.37""}"
619004,"Construction of Dubrajpur Bypass with 4-lane configuration of length 5.676 km on NH- 60 new NH-14 from design chainage 0.00 existing km 316.135 on NH-60 to design chainage 5.676 existing km 320.980 on NH-60 in the district of Birbhum, West Bengal under Annual Plan 2022-23 in EPC Mode- reg. Job. No. 014-WB-2022- 23/518 .",,MoRTH,,West Bengal,2023-03,2025-12,2027-12,2027-12,,560.79,0.0,155.66,11.5,2026-08,FlashReport_August_2026.pdf,148,"{""approval"": ""03/2023"", ""start"": ""(12/2025)"", ""actual"": null, ""original"": ""12/2027"", ""revised"": ""(12/2027)""}","{""original"": ""560.79"", ""revised"": ""0.00"", ""expenditure"": ""155.66""}"
619187,"Slope protection and landslide mitigation at 4 vulnerable locations km 1.950 to Km 2.100, km 11.100 to 11.450, km 22.435 to km 22.485 and km 22.610 to km 22.680 within Sevoke-Rangpo section of NH-10 old NH-31A in Darjeeling & Kalimpong district in the State of West Bengal on EPC mode",,NHIDCL,,West Bengal,2024-02,2025-06,2027-06,2027-06,,152.27,0.0,22.06,36.11,2026-08,FlashReport_August_2026.pdf,148,"{""approval"": ""02/2024"", ""start"": ""(06/2025)"", ""actual"": null, ""original"": ""06/2027"", ""revised"": ""(06/2027)""}","{""original"": ""152.27"", ""revised"": ""0.00"", ""expenditure"": ""22.06""}"
609424,"Development of Container Terminal at Tuna-Tekra, Deendayal Port on BOT Basis Under PPP Mode",,Deendayal Port Trust,,Gujarat,2022-10,2024-03,2027-03,2027-09,,4243.64,0.0,2878.7,60.0,2026-08,FlashReport_August_2026.pdf,148,"{""approval"": ""10/2022"", ""start"": ""(03/2024)"", ""actual"": null, ""original"": ""03/2027"", ""revised"": ""(09/2027)""}","{""original"": ""4,243.64"", ""revised"": ""0.00"", ""expenditure"": ""2,878.70""}"
701570,"Replacement and revamping of pipeline projects in oil jetty area, Kandla",,Deendayal Port Trust [DPT],,Gujarat,2021-09,2021-09,2023-09,2025-03,,171.0,0.0,149.5,92.0,2026-08,FlashReport_August_2026.pdf,148,"{""approval"": ""09/2021"", ""start"": ""(09/2021)"", ""actual"": null, ""original"": ""09/2023"", ""revised"": ""(03/2025)""}","{""original"": ""171.00"", ""revised"": ""0.00"", ""expenditure"": ""149.50""}"
617804,Mechanization of Berth No.14 for handling Containers and other cargo on DBFOT basis - Phase II,,New Mangalore Port Authority,,Karnataka,2023-12,2024-06,2027-03,,,153.23,0.0,97.45,95.0,2026-08,FlashReport_August_2026.pdf,148,"{""approval"": ""12/2023"", ""start"": ""(06/2024)"", ""actual"": null, ""original"": ""03/2027"", ""revised"": ""(-)""}","{""original"": ""153.23"", ""revised"": ""0.00"", ""expenditure"": ""97.45""}"
701574,Deepening and Optimization of Inner Harbour facilities including development of Western Dock on BOT basis to handle Cape size vessels,,Paradip Port Trust [PPT],,Odisha,2022-05,2023-01,2027-12,2028-10,,3004.63,0.0,2279.12,78.0,2026-08,FlashReport_August_2026.pdf,148,"{""approval"": ""05/2022"", ""start"": ""(01/2023)"", ""actual"": null, ""original"": ""12/2027"", ""revised"": ""(10/2028)""}","{""original"": ""3,004.63"", ""revised"": ""0.00"", ""expenditure"": ""2,279.12""}"
707215,National Maritime Heritage Complex [NMHC] Phase-I,,Indian Port Rail & Ropeway Corporation Ltd. [IPRCL],,Gujarat,2019-02,2022-01,2026-12,2026-10,,573.0,0.0,674.35,80.06,2026-08,FlashReport_August_2026.pdf,148,"{""approval"": ""02/2019"", ""start"": ""(01/2022)"", ""actual"": null, ""original"": ""12/2026"", ""revised"": ""(10/2026)""}","{""original"": ""573.00"", ""revised"": ""0.00"", ""expenditure"": ""674.35""}"
709859,SETTING UP OF PHYSICAL INFRASTRUCTURE FOR THE NATIONAL INSTITUTE OF COMMUNICATION FINANCE [NICF] AT GHITORNI,,National Communication Academy - Finance [Erstwhile NICF],,Delhi,2014-10,2018-04,2020-02,2027-01,,248.2,0.0,237.43,98.0,2026-08,FlashReport_August_2026.pdf,148,"{""approval"": ""10/2014"", ""start"": ""(04/2018)"", ""actual"": null, ""original"": ""02/2020"", ""revised"": ""(01/2027)""}","{""original"": ""248.20"", ""revised"": ""0.00"", ""expenditure"": ""237.43""}"
701598,Provision of 4G based Mobile Services in Uncovered Villages and National Highways of Meghalaya,,Department of Telecommunications,,Meghalaya,2019-09,2020-09,2022-03,2026-06,,971.96,0.0,167.23,100.0,2026-08,FlashReport_August_2026.pdf,148,"{""approval"": ""09/2019"", ""start"": ""(09/2020)"", ""actual"": null, ""original"": ""03/2022"", ""revised"": ""(06/2026)""}","{""original"": ""971.96"", ""revised"": ""0.00"", ""expenditure"": ""167.23""}"
617413,Mobile connectivity in Left Wing Extremism [LWE] affected areas-Phase 1 Upgradation (Andhra,,Department of Telecommunications [DoT],,"Jharkhand, Pradesh, Maharashtra,",2022-04,2024-05,2025-05,2026-12,,1884.6,0.0,376.8,99.53,2026-08,FlashReport_August_2026.pdf,148,"{""approval"": ""04/2022"", ""start"": ""(05/2024)"", ""actual"": null, ""original"": ""05/2025"", ""revised"": ""(12/2026)""}","{""original"": ""1,884.60"", ""revised"": ""0.00"", ""expenditure"": ""376.80""}"
701599,Mobile connectivity in Left Wing Extremism [LWE] affected areas-Phase2 (Andhra,,Department of Telecommunications [DoT],,"Jharkhand, Pradesh, Maharashtra,",2018-05,2021-09,2023-03,2026-11,,1577.57,0.0,493.48,90.27,2026-08,FlashReport_August_2026.pdf,149,"{""approval"": ""05/2018"", ""start"": ""(09/2021)"", ""actual"": null, ""original"": ""03/2023"", ""revised"": ""(11/2026)""}","{""original"": ""1,577.57"", ""revised"": ""0.00"", ""expenditure"": ""493.48""}"
701602,"Provision of 4G based mobile services in 7,287 uncovered villages of 44 Aspirational District across 5 states of Andhra Pradesh, Chhattisgarh, Jharkhand, Maharashtra & (Andhra Odisha",,Department of Telecommunications [DoT],,"Chhattisgarh, Jharkhand,",2021-11,2022-05,2023-11,2027-01,,3685.0,0.0,1108.93,82.72,2026-08,FlashReport_August_2026.pdf,149,"{""approval"": ""11/2021"", ""start"": ""(05/2022)"", ""actual"": null, ""original"": ""11/2023"", ""revised"": ""(01/2027)""}","{""original"": ""3,685.00"", ""revised"": ""0.00"", ""expenditure"": ""1,108.93""}"
108841,"Amended BharatNet Program - KTK, GOA, PY",,Department of Telecommunications,,PAN India,2023-08,2025-06,2028-06,,,3742.0,0.0,435.31,10.34,2026-08,FlashReport_August_2026.pdf,149,"{""approval"": ""08/2023"", ""start"": ""(06/2025)"", ""actual"": null, ""original"": ""06/2028"", ""revised"": ""(-)""}","{""original"": ""3,742.00"", ""revised"": ""0.00"", ""expenditure"": ""435.31""}"
124199,Amended BharatNet Program - HR,,Department of Telecommunications,,PAN India,2023-08,2026-03,2029-03,,,837.0,0.0,83.68,0.0,2026-08,FlashReport_August_2026.pdf,149,"{""approval"": ""08/2023"", ""start"": ""(03/2026)"", ""actual"": null, ""original"": ""03/2029"", ""revised"": ""(-)""}","{""original"": ""837.00"", ""revised"": ""0.00"", ""expenditure"": ""83.68""}"
171218,Amended BharatNet Program - PB,,Department of Telecommunications,,PAN India,2023-08,2025-02,2028-02,,,1245.0,0.0,0.0,31.29,2026-08,FlashReport_August_2026.pdf,149,"{""approval"": ""08/2023"", ""start"": ""(02/2025)"", ""actual"": null, ""original"": ""02/2028"", ""revised"": ""(-)""}","{""original"": ""1,245.00"", ""revised"": ""0.00"", ""expenditure"": ""0.00""}"
175860,"Amended BharatNet Program - MP, DD and DNH",,Department of Telecommunications,,PAN India,2023-06,2025-05,2028-05,,,4943.0,0.0,562.13,9.29,2026-08,FlashReport_August_2026.pdf,149,"{""approval"": ""06/2023"", ""start"": ""(05/2025)"", ""actual"": null, ""original"": ""05/2028"", ""revised"": ""(-)""}","{""original"": ""4,943.00"", ""revised"": ""0.00"", ""expenditure"": ""562.13""}"
210914,Amended BharatNet Program - WB & ANI,,Department of Telecommunications,,PAN India,2023-08,2025-02,2028-02,,,1674.0,0.0,223.41,16.65,2026-08,FlashReport_August_2026.pdf,149,"{""approval"": ""08/2023"", ""start"": ""(02/2025)"", ""actual"": null, ""original"": ""02/2028"", ""revised"": ""(-)""}","{""original"": ""1,674.00"", ""revised"": ""0.00"", ""expenditure"": ""223.41""}"
240484,Amended BharatNet Program - AS,,Department of Telecommunications,,PAN India,2023-08,2026-03,2029-03,,,832.0,0.0,83.16,0.0,2026-08,FlashReport_August_2026.pdf,149,"{""approval"": ""08/2023"", ""start"": ""(03/2026)"", ""actual"": null, ""original"": ""03/2029"", ""revised"": ""(-)""}","{""original"": ""832.00"", ""revised"": ""0.00"", ""expenditure"": ""83.16""}"
317725,Amended BharatNet Program - OD,,Department of Telecommunications,,PAN India,2023-08,2026-07,2029-07,,,1713.0,0.0,0.0,0.0,2026-08,FlashReport_August_2026.pdf,149,"{""approval"": ""08/2023"", ""start"": ""(07/2026)"", ""actual"": null, ""original"": ""07/2029"", ""revised"": ""(-)""}","{""original"": ""1,713.00"", ""revised"": ""0.00"", ""expenditure"": ""0.00""}"
400013,Saturation 4G mobile coverage of Uncovered Villages through USOF,,Department of Telecommunications [DoT],,PAN India,2022-07,2022-07,2024-06,2027-03,,26316.0,0.0,8722.82,89.4,2026-08,FlashReport_August_2026.pdf,149,"{""approval"": ""07/2022"", ""start"": ""(07/2022)"", ""actual"": null, ""original"": ""06/2024"", ""revised"": ""(03/2027)""}","{""original"": ""26,316.00"", ""revised"": ""0.00"", ""expenditure"": ""8,722.82""}"
437130,"Amended BharatNet Program - J&K, LAD",,Department of Telecommunications,,PAN India,2023-08,2025-06,2028-06,,,1621.0,0.0,170.05,10.15,2026-08,FlashReport_August_2026.pdf,149,"{""approval"": ""08/2023"", ""start"": ""(06/2025)"", ""actual"": null, ""original"": ""06/2028"", ""revised"": ""(-)""}","{""original"": ""1,621.00"", ""revised"": ""0.00"", ""expenditure"": ""170.05""}"
462136,"Amended BharatNet Program - MGH, MZM, TRP",,Department of Telecommunications,,PAN India,2023-08,2025-04,2029-04,,,768.0,0.0,0.0,0.0,2026-08,FlashReport_August_2026.pdf,149,"{""approval"": ""08/2023"", ""start"": ""(04/2025)"", ""actual"": null, ""original"": ""04/2029"", ""revised"": ""(-)""}","{""original"": ""768.00"", ""revised"": ""0.00"", ""expenditure"": ""0.00""}"
476006,Amended BharatNet Program - HP,,Department of Telecommunications,,PAN India,2023-08,2025-02,2028-02,,,1292.0,0.0,148.93,25.62,2026-08,FlashReport_August_2026.pdf,149,"{""approval"": ""08/2023"", ""start"": ""(02/2025)"", ""actual"": null, ""original"": ""02/2028"", ""revised"": ""(-)""}","{""original"": ""1,292.00"", ""revised"": ""0.00"", ""expenditure"": ""148.93""}"
547243,BharatNet Phase-II,,Department of Telecommunications,,PAN India,2017-07,2017-11,2023-05,,,22174.56,0.0,20691.72,93.33,2026-08,FlashReport_August_2026.pdf,149,"{""approval"": ""07/2017"", ""start"": ""(11/2017)"", ""actual"": null, ""original"": ""05/2023"", ""revised"": ""(-)""}","{""original"": ""22,174.56"", ""revised"": ""0.00"", ""expenditure"": ""20,691.72""}"
660056,Amended BharatNet Program - KL,,Department of Telecommunications,,PAN India,2023-08,2025-06,2028-06,,,765.0,0.0,94.95,1.64,2026-08,FlashReport_August_2026.pdf,149,"{""approval"": ""08/2023"", ""start"": ""(06/2025)"", ""actual"": null, ""original"": ""06/2028"", ""revised"": ""(-)""}","{""original"": ""765.00"", ""revised"": ""0.00"", ""expenditure"": ""94.95""}"
665021,Amended BharatNet Program - UKD,,Department of Telecommunications,,PAN India,2023-08,2025-05,2028-05,,,1821.0,0.0,209.87,22.14,2026-08,FlashReport_August_2026.pdf,149,"{""approval"": ""08/2023"", ""start"": ""(05/2025)"", ""actual"": null, ""original"": ""05/2028"", ""revised"": ""(-)""}","{""original"": ""1,821.00"", ""revised"": ""0.00"", ""expenditure"": ""209.87""}"
701593,4G Services by BSNL,,Department of Telecommunications [DoT],,PAN India,2020-11,2020-11,2024-03,2026-03,,28466.0,0.0,9173.0,98.63,2026-08,FlashReport_August_2026.pdf,149,"{""approval"": ""11/2020"", ""start"": ""(11/2020)"", ""actual"": null, ""original"": ""03/2024"", ""revised"": ""(03/2026)""}","{""original"": ""28,466.00"", ""revised"": ""0.00"", ""expenditure"": ""9,173.00""}"
706775,BharatNet,,Department of Telecommunications [DoT],,PAN India,2017-07,2011-10,2023-08,2019-03,,12709.0,0.0,10320.0,99.98,2026-08,FlashReport_August_2026.pdf,149,"{""approval"": ""07/2017"", ""start"": ""(10/2011)"", ""actual"": null, ""original"": ""08/2023"", ""revised"": ""(03/2019)""}","{""original"": ""12,709.00"", ""revised"": ""0.00"", ""expenditure"": ""10,320.00""}"
709856,MPLS-IP BASED ACCESS AND AGGREGATION NETWORK [MAAN] IN BSNL ALONG WITH TEST AND MEASURING EQUIPMENT,,BSNL,,PAN India,2023-05,2023-05,2024-08,2026-08,,645.13,0.0,410.4,100.0,2026-08,FlashReport_August_2026.pdf,150,"{""approval"": ""05/2023"", ""start"": ""(05/2023)"", ""actual"": null, ""original"": ""08/2024"", ""revised"": ""(08/2026)""}","{""original"": ""645.13"", ""revised"": ""0.00"", ""expenditure"": ""410.40""}"
709857,"Planning, Engineering, Supply, Installation, Testing, Commissioning, Integration & Annual Maintenance of 4G mobile network at 1 Lakh sites on PAN India basis including Mumbai & Delhi LSA on turnkey basis under Phase IX.2 Project.",,BSNL,,PAN India,2023-05,2023-06,2025-06,2026-09,,24544.55,0.0,9173.85,98.63,2026-08,FlashReport_August_2026.pdf,150,"{""approval"": ""05/2023"", ""start"": ""(06/2023)"", ""actual"": null, ""original"": ""06/2025"", ""revised"": ""(09/2026)""}","{""original"": ""24,544.55"", ""revised"": ""0.00"", ""expenditure"": ""9,173.85""}"
914467,Amended BharatNet Program - BR,,Department of Telecommunications,,PAN India,2023-08,2025-03,2028-03,,,1550.0,0.0,222.77,19.18,2026-08,FlashReport_August_2026.pdf,150,"{""approval"": ""08/2023"", ""start"": ""(03/2025)"", ""actual"": null, ""original"": ""03/2028"", ""revised"": ""(-)""}","{""original"": ""1,550.00"", ""revised"": ""0.00"", ""expenditure"": ""222.77""}"
938832,Amended BharatNet Program - RJ,,Department of Telecommunications,,PAN India,2023-08,2026-03,2029-03,,,2839.0,0.0,283.93,0.0,2026-08,FlashReport_August_2026.pdf,150,"{""approval"": ""08/2023"", ""start"": ""(03/2026)"", ""actual"": null, ""original"": ""03/2029"", ""revised"": ""(-)""}","{""original"": ""2,839.00"", ""revised"": ""0.00"", ""expenditure"": ""283.93""}"
946208,Amended BharatNet Program - SKM,,Department of Telecommunications,,PAN India,2023-08,2026-06,2029-06,,,160.0,0.0,0.0,0.0,2026-08,FlashReport_August_2026.pdf,150,"{""approval"": ""08/2023"", ""start"": ""(06/2026)"", ""actual"": null, ""original"": ""06/2029"", ""revised"": ""(-)""}","{""original"": ""160.00"", ""revised"": ""0.00"", ""expenditure"": ""0.00""}"
976009,"Amended BharatNet Program - ARP, NGL, MNP",,Department of Telecommunications,,PAN India,2023-08,2025-06,2028-06,,,1168.0,0.0,123.28,0.71,2026-08,FlashReport_August_2026.pdf,150,"{""approval"": ""08/2023"", ""start"": ""(06/2025)"", ""actual"": null, ""original"": ""06/2028"", ""revised"": ""(-)""}","{""original"": ""1,168.00"", ""revised"": ""0.00"", ""expenditure"": ""123.28""}"
222253,Amended BharatNet Program - UP (East),,Department of Telecommunications,,Uttar Pradesh,2023-08,2025-02,2028-02,,,5008.0,0.0,502.0,8.18,2026-08,FlashReport_August_2026.pdf,150,"{""approval"": ""08/2023"", ""start"": ""(02/2025)"", ""actual"": null, ""original"": ""02/2028"", ""revised"": ""(-)""}","{""original"": ""5,008.00"", ""revised"": ""0.00"", ""expenditure"": ""502.00""}"
708687,Amended BharatNet Program - UP (West),,Department of Telecommunications,,Uttar Pradesh,2023-08,2025-02,2028-02,,,1917.0,0.0,0.0,8.79,2026-08,FlashReport_August_2026.pdf,150,"{""approval"": ""08/2023"", ""start"": ""(02/2025)"", ""actual"": null, ""original"": ""02/2028"", ""revised"": ""(-)""}","{""original"": ""1,917.00"", ""revised"": ""0.00"", ""expenditure"": ""0.00""}"
616600,Interception and Diversion and STP works in Bhagalpur under Hybrid annuity based PPP mode-Namami Gange Programme,,National Mission for Clean Ganga,,Bihar,2017-10,2022-03,2025-02,2026-12,,413.29,0.0,126.67,97.0,2026-08,FlashReport_August_2026.pdf,150,"{""approval"": ""10/2017"", ""start"": ""(03/2022)"", ""actual"": null, ""original"": ""02/2025"", ""revised"": ""(12/2026)""}","{""original"": ""413.29"", ""revised"": ""0.00"", ""expenditure"": ""126.67""}"
616611,Sewage Treatment Plant 100MLD and Sewerage Network 288 km in Digha-Patna under Hybrid annuity based PPP mode-Namami Gange Programme,,National Mission for Clean Ganga,,Bihar,2017-08,2019-07,2025-12,2026-09,,824.0,0.0,403.34,59.0,2026-08,FlashReport_August_2026.pdf,150,"{""approval"": ""08/2017"", ""start"": ""(07/2019)"", ""actual"": null, ""original"": ""12/2025"", ""revised"": ""(09/2026)""}","{""original"": ""824.00"", ""revised"": ""0.00"", ""expenditure"": ""403.34""}"
616612,Sewage Treatment Plant 50MLD and Sewerage Network 150 km in Kankarbagh Patna under Hybrid annuity based PPP mode Namami Gange Programme,,NMCG1,,Bihar,2017-08,2019-07,2025-12,,,578.89,0.0,348.61,55.0,2026-08,FlashReport_August_2026.pdf,150,"{""approval"": ""08/2017"", ""start"": ""(07/2019)"", ""actual"": null, ""original"": ""12/2025"", ""revised"": ""(-)""}","{""original"": ""578.89"", ""revised"": ""0.00"", ""expenditure"": ""348.61""}"
616615,"Sewer Network, SPS and STP at Begusarai",,National Mission for Clean Ganga,,Bihar,2010-03,2018-03,2025-04,2026-12,,230.06,0.0,261.82,97.0,2026-08,FlashReport_August_2026.pdf,150,"{""approval"": ""03/2010"", ""start"": ""(03/2018)"", ""actual"": null, ""original"": ""04/2025"", ""revised"": ""(12/2026)""}","{""original"": ""230.06"", ""revised"": ""0.00"", ""expenditure"": ""261.82""}"
616616,"Sewer Networks, SPS and STP at Hajipur",,National Mission for Clean Ganga,,Bihar,2010-03,2018-03,2025-06,2026-12,,305.19,0.0,346.46,95.0,2026-08,FlashReport_August_2026.pdf,150,"{""approval"": ""03/2010"", ""start"": ""(03/2018)"", ""actual"": null, ""original"": ""06/2025"", ""revised"": ""(12/2026)""}","{""original"": ""305.19"", ""revised"": ""0.00"", ""expenditure"": ""346.46""}"
616594,Interception & Diversion with Rehabilitation of sewerage scheme at Agra under Hybrid annuity based PPP model-Namami Gange Programme,,National Mission for Clean Ganga,,Uttar Pradesh,2020-05,2023-04,2025-04,2026-12,,842.25,0.0,208.64,86.0,2026-08,FlashReport_August_2026.pdf,150,"{""approval"": ""05/2020"", ""start"": ""(04/2023)"", ""actual"": null, ""original"": ""04/2025"", ""revised"": ""(12/2026)""}","{""original"": ""842.25"", ""revised"": ""0.00"", ""expenditure"": ""208.64""}"
616605,Pollution Abatement Works for River Kali Meerut under Meerut Municipality Interception & Diversion with STP,,National Mission for Clean Ganga,,Uttar Pradesh,2020-05,2024-11,2024-12,2027-03,,690.71,0.0,34.79,63.0,2026-08,FlashReport_August_2026.pdf,150,"{""approval"": ""05/2020"", ""start"": ""(11/2024)"", ""actual"": null, ""original"": ""12/2024"", ""revised"": ""(03/2027)""}","{""original"": ""690.71"", ""revised"": ""0.00"", ""expenditure"": ""34.79""}"
616604,Pollution Abatement works for River Ganga at Hooghly Chinsurah- Municipal Town Interception & Diversion with STP,,National Mission for Clean Ganga,,West Bengal,2018-05,2021-12,2025-03,2026-09,,154.73,0.0,103.28,94.0,2026-08,FlashReport_August_2026.pdf,150,"{""approval"": ""05/2018"", ""start"": ""(12/2021)"", ""actual"": null, ""original"": ""03/2025"", ""revised"": ""(09/2026)""}","{""original"": ""154.73"", ""revised"": ""0.00"", ""expenditure"": ""103.28""}"
400100,Sardar Gouthu Latchanna Thotapalli Barrage Project,,Water Resources-AP,,Andhra Pradesh,2005-04,2006-01,2019-12,2027-12,,353.05,0.0,879.15,95.88,2026-08,FlashReport_August_2026.pdf,150,"{""approval"": ""04/2005"", ""start"": ""(01/2006)"", ""actual"": null, ""original"": ""12/2019"", ""revised"": ""(12/2027)""}","{""original"": ""353.05"", ""revised"": ""0.00"", ""expenditure"": ""879.15""}"
400101,Gundlakamma project,,Water Resources-AP,,Andhra Pradesh,2005-04,2005-04,2019-12,2027-03,,397.41,0.0,624.78,98.3,2026-08,FlashReport_August_2026.pdf,150,"{""approval"": ""04/2005"", ""start"": ""(04/2005)"", ""actual"": null, ""original"": ""12/2019"", ""revised"": ""(03/2027)""}","{""original"": ""397.41"", ""revised"": ""0.00"", ""expenditure"": ""624.78""}"
701415,Polavaram Irrigation Project,,Water Resources-AP,,Andhra Pradesh,2009-01,2009-11,2022-04,2027-06,,10151.04,0.0,28159.22,86.2,2026-08,FlashReport_August_2026.pdf,150,"{""approval"": ""01/2009"", ""start"": ""(11/2009)"", ""actual"": null, ""original"": ""04/2022"", ""revised"": ""(06/2027)""}","{""original"": ""10,151.04"", ""revised"": ""0.00"", ""expenditure"": ""28,159.22""}"
701370,Borolia Irrigation Project,,"Department of Water Resources, River Development & GR",,Assam,1996-04,1996-12,2022-12,2026-03,,256.16,0.0,44.7,55.44,2026-08,FlashReport_August_2026.pdf,151,"{""approval"": ""04/1996"", ""start"": ""(12/1996)"", ""actual"": null, ""original"": ""12/2022"", ""revised"": ""(03/2026)""}","{""original"": ""256.16"", ""revised"": ""0.00"", ""expenditure"": ""44.70""}"
400111,Kelo Irrigation Project,,Water Resources-CT,,Chhattisgarh,2008-04,2008-04,2019-12,2026-06,,459.97,0.0,620.15,73.0,2026-08,FlashReport_August_2026.pdf,151,"{""approval"": ""04/2008"", ""start"": ""(04/2008)"", ""actual"": null, ""original"": ""12/2019"", ""revised"": ""(06/2026)""}","{""original"": ""459.97"", ""revised"": ""0.00"", ""expenditure"": ""620.15""}"
701399,Kudali Irrigation Project,,"Department of Water Resources, River Development & GR",,Chhattisgarh,2009-04,2009-12,2025-12,2026-03,,382.29,0.0,249.06,86.31,2026-08,FlashReport_August_2026.pdf,151,"{""approval"": ""04/2009"", ""start"": ""(12/2009)"", ""actual"": null, ""original"": ""12/2025"", ""revised"": ""(03/2026)""}","{""original"": ""382.29"", ""revised"": ""0.00"", ""expenditure"": ""249.06""}"
701372,Sardar Sarovar Project,,"Narmada and Water Resources, Water Supply and Kalpsar Department-GJ",,Gujarat,1996-04,1996-04,2019-12,2028-03,,20718.17,0.0,31986.52,93.7,2026-08,FlashReport_August_2026.pdf,151,"{""approval"": ""04/1996"", ""start"": ""(04/1996)"", ""actual"": null, ""original"": ""12/2019"", ""revised"": ""(03/2028)""}","{""original"": ""20,718.17"", ""revised"": ""0.00"", ""expenditure"": ""31,986.52""}"
701376,"Subernarekha Multipurpose Project, Jharkhand",,Department of Water Resources-JH,,Jharkhand,2011-04,2012-01,2019-12,2026-03,,3807.77,0.0,6089.12,70.0,2026-08,FlashReport_August_2026.pdf,151,"{""approval"": ""04/2011"", ""start"": ""(01/2012)"", ""actual"": null, ""original"": ""12/2019"", ""revised"": ""(03/2026)""}","{""original"": ""3,807.77"", ""revised"": ""0.00"", ""expenditure"": ""6,089.12""}"
701377,Upper Tunga Irrigation Project,,Water Resources-KA,,Karnataka,2014-04,2014-04,2019-12,2026-11,,770.16,0.0,1517.1,99.9,2026-08,FlashReport_August_2026.pdf,151,"{""approval"": ""04/2014"", ""start"": ""(04/2014)"", ""actual"": null, ""original"": ""12/2019"", ""revised"": ""(11/2026)""}","{""original"": ""770.16"", ""revised"": ""0.00"", ""expenditure"": ""1,517.10""}"
400115,Bargi Diversion Project Phase - IV [km. 154 to km 197],,Water Resources-MP,,Madhya Pradesh,2008-04,2009-01,2019-12,2026-03,,751.03,0.0,814.02,75.0,2026-08,FlashReport_August_2026.pdf,151,"{""approval"": ""04/2008"", ""start"": ""(01/2009)"", ""actual"": null, ""original"": ""12/2019"", ""revised"": ""(03/2026)""}","{""original"": ""751.03"", ""revised"": ""0.00"", ""expenditure"": ""814.02""}"
400116,Bargi Diversion Project Phase - III [km. 104 to km 154],,Water Resources-MP,,Madhya Pradesh,2007-04,2007-04,2019-12,2026-12,,1229.15,0.0,2271.97,82.09,2026-08,FlashReport_August_2026.pdf,151,"{""approval"": ""04/2007"", ""start"": ""(04/2007)"", ""actual"": null, ""original"": ""12/2019"", ""revised"": ""(12/2026)""}","{""original"": ""1,229.15"", ""revised"": ""0.00"", ""expenditure"": ""2,271.97""}"
617422,Bodwad Parisar Sinchan Yojna,,Department of Water Resources-MH,,Maharashtra,2002-05,2017-01,2027-07,,,1923.81,0.0,338.91,49.6,2026-08,FlashReport_August_2026.pdf,151,"{""approval"": ""05/2002"", ""start"": ""(01/2017)"", ""actual"": null, ""original"": ""07/2027"", ""revised"": ""(-)""}","{""original"": ""1,923.81"", ""revised"": ""0.00"", ""expenditure"": ""338.91""}"
701383,Waghur Project,,Department of water resources-MH - II,,Maharashtra,1996-04,1996-04,2019-12,2026-03,,1058.99,0.0,1642.68,89.57,2026-08,FlashReport_August_2026.pdf,151,"{""approval"": ""04/1996"", ""start"": ""(04/1996)"", ""actual"": null, ""original"": ""12/2019"", ""revised"": ""(03/2026)""}","{""original"": ""1,058.99"", ""revised"": ""0.00"", ""expenditure"": ""1,642.68""}"
701386,Gosikhurd Project,,Department of water resources-MH - II,,Maharashtra,2008-04,2008-04,2019-12,2028-06,,7196.47,0.0,14439.47,72.65,2026-08,FlashReport_August_2026.pdf,151,"{""approval"": ""04/2008"", ""start"": ""(04/2008)"", ""actual"": null, ""original"": ""12/2019"", ""revised"": ""(06/2028)""}","{""original"": ""7,196.47"", ""revised"": ""0.00"", ""expenditure"": ""14,439.47""}"
701391,Aruna Medium Irrigation Project,,Department of water resources-MH - II,,Maharashtra,2009-04,2010-01,2019-12,2026-06,,210.45,0.0,1734.71,100.0,2026-08,FlashReport_August_2026.pdf,151,"{""approval"": ""04/2009"", ""start"": ""(01/2010)"", ""actual"": null, ""original"": ""12/2019"", ""revised"": ""(06/2026)""}","{""original"": ""210.45"", ""revised"": ""0.00"", ""expenditure"": ""1,734.71""}"
701396,Lower Pedhi Project,,Department of water resources-MH - II,,Maharashtra,2008-04,2008-04,2019-12,2026-03,,255.97,0.0,3066.05,65.0,2026-08,FlashReport_August_2026.pdf,151,"{""approval"": ""04/2008"", ""start"": ""(04/2008)"", ""actual"": null, ""original"": ""12/2019"", ""revised"": ""(03/2026)""}","{""original"": ""255.97"", ""revised"": ""0.00"", ""expenditure"": ""3,066.05""}"
701398,Nardave Medium Irrigation Project,,Department of water resources-MH - II,,Maharashtra,2009-04,2009-04,2019-12,2028-06,,211.46,0.0,879.8,75.0,2026-08,FlashReport_August_2026.pdf,151,"{""approval"": ""04/2009"", ""start"": ""(04/2009)"", ""actual"": null, ""original"": ""12/2019"", ""revised"": ""(06/2028)""}","{""original"": ""211.46"", ""revised"": ""0.00"", ""expenditure"": ""879.80""}"
701400,Thoubal Multipurpose Project,,Water Resources Department-MN,,Manipur,1997-04,1997-04,2019-12,2026-12,,1449.44,0.0,1848.17,99.0,2026-08,FlashReport_August_2026.pdf,151,"{""approval"": ""04/1997"", ""start"": ""(04/1997)"", ""actual"": null, ""original"": ""12/2019"", ""revised"": ""(12/2026)""}","{""original"": ""1,449.44"", ""revised"": ""0.00"", ""expenditure"": ""1,848.17""}"
603945,Integrated Anandpur Barrage Project,,Water Resources-OR,,Odisha,1997-04,1998-01,2019-12,2028-06,,567.03,0.0,2836.51,62.85,2026-08,FlashReport_August_2026.pdf,151,"{""approval"": ""04/1997"", ""start"": ""(01/1998)"", ""actual"": null, ""original"": ""12/2019"", ""revised"": ""(06/2028)""}","{""original"": ""567.03"", ""revised"": ""0.00"", ""expenditure"": ""2,836.51""}"
701402,"Subernarekha Project, Odisha",,"Department of Water Resources, River Development & GR",,Odisha,1995-12,1998-01,2019-12,2026-03,,3055.88,0.0,8330.62,95.5,2026-08,FlashReport_August_2026.pdf,151,"{""approval"": ""12/1995"", ""start"": ""(01/1998)"", ""actual"": null, ""original"": ""12/2019"", ""revised"": ""(03/2026)""}","{""original"": ""3,055.88"", ""revised"": ""0.00"", ""expenditure"": ""8,330.62""}"
701404,Kanupur Irrigation Project,,Irrigation and CAD-TG,,Odisha,2003-04,2004-01,2019-12,2027-06,,989.43,0.0,2804.16,79.5,2026-08,FlashReport_August_2026.pdf,151,"{""approval"": ""04/2003"", ""start"": ""(01/2004)"", ""actual"": null, ""original"": ""12/2019"", ""revised"": ""(06/2027)""}","{""original"": ""989.43"", ""revised"": ""0.00"", ""expenditure"": ""2,804.16""}"
701410,Relining of Rajasthan feeder and Sirhind Feeder canal,,Department of Water Resources-PB,,Punjab,2016-02,2018-04,2021-06,2026-06,,1441.26,0.0,2380.88,100.0,2026-08,FlashReport_August_2026.pdf,151,"{""approval"": ""02/2016"", ""start"": ""(04/2018)"", ""actual"": null, ""original"": ""06/2021"", ""revised"": ""(06/2026)""}","{""original"": ""1,441.26"", ""revised"": ""0.00"", ""expenditure"": ""2,380.88""}"
701411,Shahpur Kandi Dam Project,,Department of Water Resources-PB,,Punjab,2010-02,2018-04,2022-06,2026-06,,2285.81,0.0,2201.94,88.0,2026-08,FlashReport_August_2026.pdf,151,"{""approval"": ""02/2010"", ""start"": ""(04/2018)"", ""actual"": null, ""original"": ""06/2022"", ""revised"": ""(06/2026)""}","{""original"": ""2,285.81"", ""revised"": ""0.00"", ""expenditure"": ""2,201.94""}"
400102,Sri Ram Sagar Project Stage - II,,Irrigation and CAD-TG,,Telangana,1996-04,2005-04,2019-12,2025-12,,736.13,0.0,971.47,97.0,2026-08,FlashReport_August_2026.pdf,151,"{""approval"": ""04/1996"", ""start"": ""(04/2005)"", ""actual"": null, ""original"": ""12/2019"", ""revised"": ""(12/2025)""}","{""original"": ""736.13"", ""revised"": ""0.00"", ""expenditure"": ""971.47""}"
400103,Indiramma Flood Flow Canal Project,,Irrigation and CAD-TG,,Telangana,1996-04,2006-01,2019-12,2026-12,,1331.3,0.0,4491.08,92.0,2026-08,FlashReport_August_2026.pdf,152,"{""approval"": ""04/1996"", ""start"": ""(01/2006)"", ""actual"": null, ""original"": ""12/2019"", ""revised"": ""(12/2026)""}","{""original"": ""1,331.30"", ""revised"": ""0.00"", ""expenditure"": ""4,491.08""}"
701405,J. Chokka Rao Devadula Lift Irrigation Scheme,,Irrigation and CAD-TG,,Telangana,2006-04,2006-04,2019-12,2025-12,,8200.71,0.0,4841.09,87.7,2026-08,FlashReport_August_2026.pdf,152,"{""approval"": ""04/2006"", ""start"": ""(04/2006)"", ""actual"": null, ""original"": ""12/2019"", ""revised"": ""(12/2025)""}","{""original"": ""8,200.71"", ""revised"": ""0.00"", ""expenditure"": ""4,841.09""}"
701408,Madhya Ganga canal Phase-II,,Irrigation & Water Resources-UP,,Uttar Pradesh,2008-04,2008-04,2019-12,2025-12,,1060.67,0.0,4575.74,82.39,2026-08,FlashReport_August_2026.pdf,152,"{""approval"": ""04/2008"", ""start"": ""(04/2008)"", ""actual"": null, ""original"": ""12/2019"", ""revised"": ""(12/2025)""}","{""original"": ""1,060.67"", ""revised"": ""0.00"", ""expenditure"": ""4,575.74""}"
613787,Jamrani Dam Multipurpose Project,,Irrigation-UK,,Uttarakhand,2023-10,2023-11,2029-06,,,2584.1,0.0,1379.51,29.44,2026-08,FlashReport_August_2026.pdf,152,"{""approval"": ""10/2023"", ""start"": ""(11/2023)"", ""actual"": null, ""original"": ""06/2029"", ""revised"": ""(-)""}","{""original"": ""2,584.10"", ""revised"": ""0.00"", ""expenditure"": ""1,379.51""}"
