project_id,entry_month,exit_month,duration_months,event_observed,censoring_reason,trajectory_resolution,first_observed_report_month,last_observed_report_month,last_ongoing_snapshot_month,reported_actual_completion_month,completion_date_consistency_flag,snapshots_observed_count
108841,2026-06,2026-08,2,0,ADMINISTRATIVE_END_OF_PANEL,ONGOING_ACTIVE,2026-06,2026-08,2026-08,,,3
124199,2026-07,2026-08,1,0,ADMINISTRATIVE_END_OF_PANEL,ONGOING_ACTIVE,2026-07,2026-08,2026-08,,,2
167179,2026-08,2026-08,0,0,ADMINISTRATIVE_END_OF_PANEL,ONGOING_ACTIVE,2026-08,2026-08,2026-08,,,1
168896,2026-08,2026-08,0,0,ADMINISTRATIVE_END_OF_PANEL,ONGOING_ACTIVE,2026-08,2026-08,2026-08,,,1
171218,2026-07,2026-08,1,0,ADMINISTRATIVE_END_OF_PANEL,ONGOING_ACTIVE,2026-07,2026-08,2026-08,,,2
175860,2026-07,2026-08,1,0,ADMINISTRATIVE_END_OF_PANEL,ONGOING_ACTIVE,2026-07,2026-08,2026-08,,,2
198592,2026-08,2026-08,0,0,ADMINISTRATIVE_END_OF_PANEL,ONGOING_ACTIVE,2026-08,2026-08,2026-08,,,1
210914,2026-07,2026-08,1,0,ADMINISTRATIVE_END_OF_PANEL,ONGOING_ACTIVE,2026-07,2026-08,2026-08,,,2
222253,2026-06,2026-08,2,0,ADMINISTRATIVE_END_OF_PANEL,ONGOING_ACTIVE,2026-06,2026-08,2026-08,,,3
240484,2026-07,2026-08,1,0,ADMINISTRATIVE_END_OF_PANEL,ONGOING_ACTIVE,2026-07,2026-08,2026-08,,,2
244981,2026-08,2026-08,0,0,ADMINISTRATIVE_END_OF_PANEL,ONGOING_ACTIVE,2026-08,2026-08,2026-08,,,1
245986,2026-07,2026-08,1,0,ADMINISTRATIVE_END_OF_PANEL,ONGOING_ACTIVE,2026-07,2026-08,2026-08,,,2
298178,2026-07,2026-08,1,0,ADMINISTRATIVE_END_OF_PANEL,ONGOING_ACTIVE,2026-07,2026-08,2026-08,,,2
304532,2026-08,2026-08,0,0,ADMINISTRATIVE_END_OF_PANEL,ONGOING_ACTIVE,2026-08,2026-08,2026-08,,,1
308266,2026-08,2026-08,0,0,ADMINISTRATIVE_END_OF_PANEL,ONGOING_ACTIVE,2026-08,2026-08,2026-08,,,1
317725,2026-07,2026-08,1,0,ADMINISTRATIVE_END_OF_PANEL,ONGOING_ACTIVE,2026-07,2026-08,2026-08,,,2
364934,2026-07,2026-08,1,0,ADMINISTRATIVE_END_OF_PANEL,ONGOING_ACTIVE,2026-07,2026-08,2026-08,,,2
368840,2026-08,2026-08,0,0,ADMINISTRATIVE_END_OF_PANEL,ONGOING_ACTIVE,2026-08,2026-08,2026-08,,,1
400010,2026-04,2026-08,4,0,ADMINISTRATIVE_END_OF_PANEL,ONGOING_ACTIVE,2026-04,2026-08,2026-08,,,5
400012,2026-07,2026-08,1,0,ADMINISTRATIVE_END_OF_PANEL,ONGOING_ACTIVE,2026-07,2026-08,2026-08,,,2
400013,2026-04,2026-08,4,0,ADMINISTRATIVE_END_OF_PANEL,ONGOING_ACTIVE,2026-04,2026-08,2026-08,,,5
400018,2026-04,2026-08,4,0,ADMINISTRATIVE_END_OF_PANEL,ONGOING_ACTIVE,2026-04,2026-08,2026-08,,,5
400033,2026-04,2026-08,4,0,ADMINISTRATIVE_END_OF_PANEL,ONGOING_ACTIVE,2026-04,2026-08,2026-08,,,5
400043,2026-04,2026-08,4,0,ADMINISTRATIVE_END_OF_PANEL,ONGOING_ACTIVE,2026-04,2026-08,2026-08,,,5
400062,2026-04,2026-08,4,0,ADMINISTRATIVE_END_OF_PANEL,ONGOING_ACTIVE,2026-04,2026-08,2026-08,,,5
400073,2026-04,2026-08,4,0,ADMINISTRATIVE_END_OF_PANEL,ONGOING_ACTIVE,2026-04,2026-08,2026-08,,,5
400074,2026-04,2026-08,4,0,ADMINISTRATIVE_END_OF_PANEL,ONGOING_ACTIVE,2026-04,2026-08,2026-08,,,5
400081,2026-04,2026-08,4,0,ADMINISTRATIVE_END_OF_PANEL,ONGOING_ACTIVE,2026-04,2026-08,2026-08,,,5
400087,2026-04,2026-08,4,0,ADMINISTRATIVE_END_OF_PANEL,ONGOING_ACTIVE,2026-04,2026-08,2026-08,,,5
400100,2026-04,2026-08,4,0,ADMINISTRATIVE_END_OF_PANEL,ONGOING_ACTIVE,2026-04,2026-08,2026-08,,,5
400101,2026-04,2026-08,4,0,ADMINISTRATIVE_END_OF_PANEL,ONGOING_ACTIVE,2026-04,2026-08,2026-08,,,5
400102,2026-04,2026-08,4,0,ADMINISTRATIVE_END_OF_PANEL,ONGOING_ACTIVE,2026-04,2026-08,2026-08,,,5
400103,2026-04,2026-08,4,0,ADMINISTRATIVE_END_OF_PANEL,ONGOING_ACTIVE,2026-04,2026-08,2026-08,,,5
400111,2026-04,2026-08,4,0,ADMINISTRATIVE_END_OF_PANEL,ONGOING_ACTIVE,2026-04,2026-08,2026-08,,,5
400115,2026-04,2026-08,4,0,ADMINISTRATIVE_END_OF_PANEL,ONGOING_ACTIVE,2026-04,2026-08,2026-08,,,5
400116,2026-04,2026-08,4,0,ADMINISTRATIVE_END_OF_PANEL,ONGOING_ACTIVE,2026-04,2026-08,2026-08,,,5
400119,2026-04,2026-08,4,0,ADMINISTRATIVE_END_OF_PANEL,ONGOING_ACTIVE,2026-04,2026-08,2026-08,,,5
400120,2026-04,2026-08,4,0,ADMINISTRATIVE_END_OF_PANEL,ONGOING_ACTIVE,2026-04,2026-08,2026-08,,,5
400121,2026-04,2026-08,4,0,ADMINISTRATIVE_END_OF_PANEL,ONGOING_ACTIVE,2026-04,2026-08,2026-08,,,5
400136,2026-04,2026-08,4,0,ADMINISTRATIVE_END_OF_PANEL,ONGOING_ACTIVE,2026-04,2026-08,2026-08,,,5
400138,2026-04,2026-08,4,0,ADMINISTRATIVE_END_OF_PANEL,ONGOING_ACTIVE,2026-04,2026-08,2026-08,,,5
400139,2026-04,2026-08,4,0,ADMINISTRATIVE_END_OF_PANEL,ONGOING_ACTIVE,2026-04,2026-08,2026-08,,,5
400141,2026-04,2026-08,4,0,ADMINISTRATIVE_END_OF_PANEL,ONGOING_ACTIVE,2026-04,2026-08,2026-08,,,5
400142,2026-04,2026-08,4,0,ADMINISTRATIVE_END_OF_PANEL,ONGOING_ACTIVE,2026-04,2026-08,2026-08,,,5
400144,2026-04,2026-08,4,0,ADMINISTRATIVE_END_OF_PANEL,ONGOING_ACTIVE,2026-04,2026-08,2026-08,,,5
400148,2026-04,2026-08,4,0,ADMINISTRATIVE_END_OF_PANEL,ONGOING_ACTIVE,2026-04,2026-08,2026-08,,,5
400149,2026-04,2026-08,4,0,ADMINISTRATIVE_END_OF_PANEL,ONGOING_ACTIVE,2026-04,2026-08,2026-08,,,5
400150,2026-04,2026-08,4,0,ADMINISTRATIVE_END_OF_PANEL,ONGOING_ACTIVE,2026-04,2026-08,2026-08,,,5
400151,2026-04,2026-08,4,0,ADMINISTRATIVE_END_OF_PANEL,ONGOING_ACTIVE,2026-04,2026-08,2026-08,,,5
400153,2026-04,2026-08,4,0,ADMINISTRATIVE_END_OF_PANEL,ONGOING_ACTIVE,2026-04,2026-08,2026-08,,,5
400154,2026-04,2026-08,4,0,ADMINISTRATIVE_END_OF_PANEL,ONGOING_ACTIVE,2026-04,2026-08,2026-08,,,5
400155,2026-04,2026-08,4,0,ADMINISTRATIVE_END_OF_PANEL,ONGOING_ACTIVE,2026-04,2026-08,2026-08,,,5
400156,2026-04,2026-08,4,0,ADMINISTRATIVE_END_OF_PANEL,ONGOING_ACTIVE,2026-04,2026-08,2026-08,,,5
400160,2026-04,2026-08,4,0,ADMINISTRATIVE_END_OF_PANEL,ONGOING_ACTIVE,2026-04,2026-08,2026-08,,,5
400162,2026-04,2026-08,4,0,ADMINISTRATIVE_END_OF_PANEL,ONGOING_ACTIVE,2026-04,2026-08,2026-08,,,5
400165,2026-04,2026-08,4,0,ADMINISTRATIVE_END_OF_PANEL,ONGOING_ACTIVE,2026-04,2026-08,2026-08,,,5
400166,2026-04,2026-08,4,0,ADMINISTRATIVE_END_OF_PANEL,ONGOING_ACTIVE,2026-04,2026-08,2026-08,,,5
400167,2026-04,2026-08,4,0,ADMINISTRATIVE_END_OF_PANEL,ONGOING_ACTIVE,2026-04,2026-08,2026-08,,,5
400168,2026-04,2026-08,4,0,ADMINISTRATIVE_END_OF_PANEL,ONGOING_ACTIVE,2026-04,2026-08,2026-08,,,5
400169,2026-04,2026-08,4,0,ADMINISTRATIVE_END_OF_PANEL,ONGOING_ACTIVE,2026-04,2026-08,2026-08,,,5
400171,2026-04,2026-08,4,0,ADMINISTRATIVE_END_OF_PANEL,ONGOING_ACTIVE,2026-04,2026-08,2026-08,,,5
400172,2026-04,2026-08,4,0,ADMINISTRATIVE_END_OF_PANEL,ONGOING_ACTIVE,2026-04,2026-08,2026-08,,,5
400173,2026-04,2026-08,4,0,ADMINISTRATIVE_END_OF_PANEL,ONGOING_ACTIVE,2026-04,2026-08,2026-08,,,5
400174,2026-04,2026-08,4,0,ADMINISTRATIVE_END_OF_PANEL,ONGOING_ACTIVE,2026-04,2026-08,2026-08,,,5
400177,2026-04,2026-08,4,0,ADMINISTRATIVE_END_OF_PANEL,ONGOING_ACTIVE,2026-04,2026-08,2026-08,,,5
400178,2026-04,2026-08,4,0,ADMINISTRATIVE_END_OF_PANEL,ONGOING_ACTIVE,2026-04,2026-08,2026-08,,,5
400180,2026-04,2026-08,4,0,ADMINISTRATIVE_END_OF_PANEL,ONGOING_ACTIVE,2026-04,2026-08,2026-08,,,5
400181,2026-04,2026-08,4,0,ADMINISTRATIVE_END_OF_PANEL,ONGOING_ACTIVE,2026-04,2026-08,2026-08,,,5
400183,2026-04,2026-08,4,0,ADMINISTRATIVE_END_OF_PANEL,ONGOING_ACTIVE,2026-04,2026-08,2026-08,,,5
400185,2026-04,2026-08,4,0,ADMINISTRATIVE_END_OF_PANEL,ONGOING_ACTIVE,2026-04,2026-08,2026-08,,,5
400186,2026-04,2026-08,4,0,ADMINISTRATIVE_END_OF_PANEL,ONGOING_ACTIVE,2026-04,2026-08,2026-08,,,5
400187,2026-04,2026-08,4,0,ADMINISTRATIVE_END_OF_PANEL,ONGOING_ACTIVE,2026-04,2026-08,2026-08,,,5
400188,2026-04,2026-08,4,0,ADMINISTRATIVE_END_OF_PANEL,ONGOING_ACTIVE,2026-04,2026-08,2026-08,,,5
400192,2026-04,2026-08,4,0,ADMINISTRATIVE_END_OF_PANEL,ONGOING_ACTIVE,2026-04,2026-08,2026-08,,,5
400203,2026-04,2026-08,4,0,ADMINISTRATIVE_END_OF_PANEL,ONGOING_ACTIVE,2026-04,2026-08,2026-08,,,5
400204,2026-04,2026-08,4,0,ADMINISTRATIVE_END_OF_PANEL,ONGOING_ACTIVE,2026-04,2026-08,2026-08,,,5
400205,2026-04,2026-08,4,0,ADMINISTRATIVE_END_OF_PANEL,ONGOING_ACTIVE,2026-04,2026-08,2026-08,,,5
400231,2026-04,2026-08,4,0,ADMINISTRATIVE_END_OF_PANEL,ONGOING_ACTIVE,2026-04,2026-08,2026-08,,,5
400232,2026-04,2026-08,4,0,ADMINISTRATIVE_END_OF_PANEL,ONGOING_ACTIVE,2026-04,2026-08,2026-08,,,5
400247,2026-04,2026-08,4,0,ADMINISTRATIVE_END_OF_PANEL,ONGOING_ACTIVE,2026-04,2026-08,2026-08,,,5
400254,2026-04,2026-08,4,0,ADMINISTRATIVE_END_OF_PANEL,ONGOING_ACTIVE,2026-04,2026-08,2026-08,,,5
400261,2026-04,2026-08,4,0,ADMINISTRATIVE_END_OF_PANEL,ONGOING_ACTIVE,2026-04,2026-08,2026-08,,,5
400291,2026-04,2026-08,4,0,ADMINISTRATIVE_END_OF_PANEL,ONGOING_ACTIVE,2026-04,2026-08,2026-08,,,5
400298,2026-04,2026-08,4,0,ADMINISTRATIVE_END_OF_PANEL,ONGOING_ACTIVE,2026-04,2026-08,2026-08,,,5
400299,2026-04,2026-08,4,0,ADMINISTRATIVE_END_OF_PANEL,ONGOING_ACTIVE,2026-04,2026-08,2026-08,,,5
400301,2026-07,2026-08,1,0,ADMINISTRATIVE_END_OF_PANEL,ONGOING_ACTIVE,2026-07,2026-08,2026-08,,,2
400312,2026-04,2026-08,4,0,ADMINISTRATIVE_END_OF_PANEL,ONGOING_ACTIVE,2026-04,2026-08,2026-08,,,5
400315,2026-04,2026-08,4,0,ADMINISTRATIVE_END_OF_PANEL,ONGOING_ACTIVE,2026-04,2026-08,2026-08,,,5
400321,2026-04,2026-08,4,0,ADMINISTRATIVE_END_OF_PANEL,ONGOING_ACTIVE,2026-04,2026-08,2026-08,,,5
400352,2026-04,2026-08,4,0,ADMINISTRATIVE_END_OF_PANEL,ONGOING_ACTIVE,2026-04,2026-08,2026-08,,,5
400353,2026-04,2026-08,4,0,ADMINISTRATIVE_END_OF_PANEL,ONGOING_ACTIVE,2026-04,2026-08,2026-08,,,5
400354,2026-04,2026-08,4,0,ADMINISTRATIVE_END_OF_PANEL,ONGOING_ACTIVE,2026-04,2026-08,2026-08,,,5
400392,2026-04,2026-08,4,0,ADMINISTRATIVE_END_OF_PANEL,ONGOING_ACTIVE,2026-04,2026-08,2026-08,,,5
400416,2026-04,2026-08,4,0,ADMINISTRATIVE_END_OF_PANEL,ONGOING_ACTIVE,2026-04,2026-08,2026-08,,,5
400424,2026-04,2026-08,4,0,ADMINISTRATIVE_END_OF_PANEL,ONGOING_ACTIVE,2026-04,2026-08,2026-08,,,5
400425,2026-04,2026-08,4,0,ADMINISTRATIVE_END_OF_PANEL,ONGOING_ACTIVE,2026-04,2026-08,2026-08,,,5
400426,2026-04,2026-08,4,0,ADMINISTRATIVE_END_OF_PANEL,ONGOING_ACTIVE,2026-04,2026-08,2026-08,,,5
409131,2026-08,2026-08,0,0,ADMINISTRATIVE_END_OF_PANEL,ONGOING_ACTIVE,2026-08,2026-08,2026-08,,,1
425828,2026-07,2026-08,1,0,ADMINISTRATIVE_END_OF_PANEL,ONGOING_ACTIVE,2026-07,2026-08,2026-08,,,2
432726,2026-08,2026-08,0,0,ADMINISTRATIVE_END_OF_PANEL,ONGOING_ACTIVE,2026-08,2026-08,2026-08,,,1
437130,2026-07,2026-08,1,0,ADMINISTRATIVE_END_OF_PANEL,ONGOING_ACTIVE,2026-07,2026-08,2026-08,,,2
462136,2026-07,2026-08,1,0,ADMINISTRATIVE_END_OF_PANEL,ONGOING_ACTIVE,2026-07,2026-08,2026-08,,,2
476006,2026-07,2026-08,1,0,ADMINISTRATIVE_END_OF_PANEL,ONGOING_ACTIVE,2026-07,2026-08,2026-08,,,2
478482,2026-07,2026-08,1,0,ADMINISTRATIVE_END_OF_PANEL,ONGOING_ACTIVE,2026-07,2026-08,2026-08,,,2
496150,2026-08,2026-08,0,0,ADMINISTRATIVE_END_OF_PANEL,ONGOING_ACTIVE,2026-08,2026-08,2026-08,,,1
503783,2026-08,2026-08,0,0,ADMINISTRATIVE_END_OF_PANEL,ONGOING_ACTIVE,2026-08,2026-08,2026-08,,,1
505106,2026-08,2026-08,0,0,ADMINISTRATIVE_END_OF_PANEL,ONGOING_ACTIVE,2026-08,2026-08,2026-08,,,1
505491,2026-07,2026-08,1,0,ADMINISTRATIVE_END_OF_PANEL,ONGOING_ACTIVE,2026-07,2026-08,2026-08,,,2
540543,2026-08,2026-08,0,0,ADMINISTRATIVE_END_OF_PANEL,ONGOING_ACTIVE,2026-08,2026-08,2026-08,,,1
547243,2026-07,2026-08,1,0,ADMINISTRATIVE_END_OF_PANEL,ONGOING_ACTIVE,2026-07,2026-08,2026-08,,,2
553920,2026-08,2026-08,0,0,ADMINISTRATIVE_END_OF_PANEL,ONGOING_ACTIVE,2026-08,2026-08,2026-08,,,1
589703,2026-07,2026-08,1,0,ADMINISTRATIVE_END_OF_PANEL,ONGOING_ACTIVE,2026-07,2026-08,2026-08,,,2
601812,2026-04,2026-08,4,0,ADMINISTRATIVE_END_OF_PANEL,ONGOING_ACTIVE,2026-04,2026-08,2026-08,,,5
602098,2026-04,2026-08,4,0,ADMINISTRATIVE_END_OF_PANEL,ONGOING_ACTIVE,2026-04,2026-08,2026-08,,,5
602099,2026-04,2026-08,4,0,ADMINISTRATIVE_END_OF_PANEL,ONGOING_ACTIVE,2026-04,2026-08,2026-08,,,5
602181,2026-04,2026-08,4,0,ADMINISTRATIVE_END_OF_PANEL,ONGOING_ACTIVE,2026-04,2026-08,2026-08,,,5
602182,2026-04,2026-08,4,0,ADMINISTRATIVE_END_OF_PANEL,ONGOING_ACTIVE,2026-04,2026-08,2026-08,,,5
602184,2026-04,2026-08,4,0,ADMINISTRATIVE_END_OF_PANEL,ONGOING_ACTIVE,2026-04,2026-08,2026-08,,,5
602185,2026-04,2026-08,4,0,ADMINISTRATIVE_END_OF_PANEL,ONGOING_ACTIVE,2026-04,2026-08,2026-08,,,5
602195,2026-04,2026-08,4,0,ADMINISTRATIVE_END_OF_PANEL,ONGOING_ACTIVE,2026-04,2026-08,2026-08,,,5
602525,2026-04,2026-08,4,0,ADMINISTRATIVE_END_OF_PANEL,ONGOING_ACTIVE,2026-04,2026-08,2026-08,,,5
602532,2026-04,2026-08,4,0,ADMINISTRATIVE_END_OF_PANEL,ONGOING_ACTIVE,2026-04,2026-08,2026-08,,,5
602535,2026-04,2026-08,4,0,ADMINISTRATIVE_END_OF_PANEL,ONGOING_ACTIVE,2026-04,2026-08,2026-08,,,5
602538,2026-04,2026-08,4,0,ADMINISTRATIVE_END_OF_PANEL,ONGOING_ACTIVE,2026-04,2026-08,2026-08,,,5
602579,2026-04,2026-08,4,0,ADMINISTRATIVE_END_OF_PANEL,ONGOING_ACTIVE,2026-04,2026-08,2026-08,,,5
602582,2026-04,2026-08,4,0,ADMINISTRATIVE_END_OF_PANEL,ONGOING_ACTIVE,2026-04,2026-08,2026-08,,,5
602593,2026-04,2026-08,4,0,ADMINISTRATIVE_END_OF_PANEL,ONGOING_ACTIVE,2026-04,2026-08,2026-08,,,5
602961,2026-04,2026-08,4,0,ADMINISTRATIVE_END_OF_PANEL,ONGOING_ACTIVE,2026-04,2026-08,2026-08,,,5
603210,2026-05,2026-08,3,0,ADMINISTRATIVE_END_OF_PANEL,ONGOING_ACTIVE,2026-05,2026-08,2026-08,,,4
603293,2026-04,2026-08,4,0,ADMINISTRATIVE_END_OF_PANEL,ONGOING_ACTIVE,2026-04,2026-08,2026-08,,,5
603945,2026-04,2026-08,4,0,ADMINISTRATIVE_END_OF_PANEL,ONGOING_ACTIVE,2026-04,2026-08,2026-08,,,5
604791,2026-04,2026-08,4,0,ADMINISTRATIVE_END_OF_PANEL,ONGOING_ACTIVE,2026-04,2026-08,2026-08,,,5
604795,2026-04,2026-08,4,0,ADMINISTRATIVE_END_OF_PANEL,ONGOING_ACTIVE,2026-04,2026-08,2026-08,,,5
604833,2026-04,2026-08,4,0,ADMINISTRATIVE_END_OF_PANEL,ONGOING_ACTIVE,2026-04,2026-08,2026-08,,,5
604852,2026-04,2026-08,4,0,ADMINISTRATIVE_END_OF_PANEL,ONGOING_ACTIVE,2026-04,2026-08,2026-08,,,5
604853,2026-04,2026-08,4,0,ADMINISTRATIVE_END_OF_PANEL,ONGOING_ACTIVE,2026-04,2026-08,2026-08,,,5
604859,2026-04,2026-08,4,0,ADMINISTRATIVE_END_OF_PANEL,ONGOING_ACTIVE,2026-04,2026-08,2026-08,,,5
604863,2026-04,2026-08,4,0,ADMINISTRATIVE_END_OF_PANEL,ONGOING_ACTIVE,2026-04,2026-08,2026-08,,,5
605155,2026-04,2026-08,4,0,ADMINISTRATIVE_END_OF_PANEL,ONGOING_ACTIVE,2026-04,2026-08,2026-08,,,5
605156,2026-04,2026-08,4,0,ADMINISTRATIVE_END_OF_PANEL,ONGOING_ACTIVE,2026-04,2026-08,2026-08,,,5
605292,2026-04,2026-08,4,0,ADMINISTRATIVE_END_OF_PANEL,ONGOING_ACTIVE,2026-04,2026-08,2026-08,,,5
606013,2026-04,2026-08,4,0,ADMINISTRATIVE_END_OF_PANEL,ONGOING_ACTIVE,2026-04,2026-08,2026-08,,,5
606112,2026-04,2026-08,4,0,ADMINISTRATIVE_END_OF_PANEL,ONGOING_ACTIVE,2026-04,2026-08,2026-08,,,5
606431,2026-04,2026-08,4,0,ADMINISTRATIVE_END_OF_PANEL,ONGOING_ACTIVE,2026-04,2026-08,2026-08,,,5
606479,2026-04,2026-08,4,0,ADMINISTRATIVE_END_OF_PANEL,ONGOING_ACTIVE,2026-04,2026-08,2026-08,,,5
607701,2026-04,2026-05,1,1,,REPORTED_COMPLETED_EXPLICIT_DATE,2026-04,2026-05,2026-04,2026-05,True,2
607709,2026-04,2026-08,4,0,ADMINISTRATIVE_END_OF_PANEL,ONGOING_ACTIVE,2026-04,2026-08,2026-08,,,5
609019,2026-04,2026-08,4,0,ADMINISTRATIVE_END_OF_PANEL,ONGOING_ACTIVE,2026-04,2026-08,2026-08,,,5
609424,2026-04,2026-08,4,0,ADMINISTRATIVE_END_OF_PANEL,ONGOING_ACTIVE,2026-04,2026-08,2026-08,,,5
609736,2026-04,2026-08,4,0,ADMINISTRATIVE_END_OF_PANEL,ONGOING_ACTIVE,2026-04,2026-08,2026-08,,,5
609996,2026-04,2026-08,4,0,ADMINISTRATIVE_END_OF_PANEL,ONGOING_ACTIVE,2026-04,2026-08,2026-08,,,5
610315,2026-04,2026-08,4,0,ADMINISTRATIVE_END_OF_PANEL,ONGOING_ACTIVE,2026-04,2026-08,2026-08,,,5
610984,2026-04,2026-08,4,0,ADMINISTRATIVE_END_OF_PANEL,ONGOING_ACTIVE,2026-04,2026-08,2026-08,,,5
611047,2026-04,2026-08,4,0,ADMINISTRATIVE_END_OF_PANEL,ONGOING_ACTIVE,2026-04,2026-08,2026-08,,,5
611495,2026-04,2026-08,4,0,ADMINISTRATIVE_END_OF_PANEL,ONGOING_ACTIVE,2026-04,2026-08,2026-08,,,5
611509,2026-04,2026-08,4,0,ADMINISTRATIVE_END_OF_PANEL,ONGOING_ACTIVE,2026-04,2026-08,2026-08,,,5
611586,2026-04,2026-08,4,0,ADMINISTRATIVE_END_OF_PANEL,ONGOING_ACTIVE,2026-04,2026-08,2026-08,,,5
611602,2026-04,2026-08,4,0,ADMINISTRATIVE_END_OF_PANEL,ONGOING_ACTIVE,2026-04,2026-08,2026-08,,,5
611698,2026-04,2026-08,4,0,ADMINISTRATIVE_END_OF_PANEL,ONGOING_ACTIVE,2026-04,2026-08,2026-08,,,5
611699,2026-04,2026-08,4,0,ADMINISTRATIVE_END_OF_PANEL,ONGOING_ACTIVE,2026-04,2026-08,2026-08,,,5
611716,2026-04,2026-08,4,0,ADMINISTRATIVE_END_OF_PANEL,ONGOING_ACTIVE,2026-04,2026-08,2026-08,,,5
611751,2026-04,2026-08,4,0,ADMINISTRATIVE_END_OF_PANEL,ONGOING_ACTIVE,2026-04,2026-08,2026-08,,,5
611752,2026-04,2026-08,4,0,ADMINISTRATIVE_END_OF_PANEL,ONGOING_ACTIVE,2026-04,2026-08,2026-08,,,4
611754,2026-04,2026-08,4,0,ADMINISTRATIVE_END_OF_PANEL,ONGOING_ACTIVE,2026-04,2026-08,2026-08,,,5
611855,2026-04,2026-08,4,0,ADMINISTRATIVE_END_OF_PANEL,ONGOING_ACTIVE,2026-04,2026-08,2026-08,,,5
611864,2026-04,2026-08,4,0,ADMINISTRATIVE_END_OF_PANEL,ONGOING_ACTIVE,2026-04,2026-08,2026-08,,,5
611884,2026-04,2026-08,4,0,ADMINISTRATIVE_END_OF_PANEL,ONGOING_ACTIVE,2026-04,2026-08,2026-08,,,5
611917,2026-04,2026-08,4,0,ADMINISTRATIVE_END_OF_PANEL,ONGOING_ACTIVE,2026-04,2026-08,2026-08,,,5
611918,2026-04,2026-08,4,0,ADMINISTRATIVE_END_OF_PANEL,ONGOING_ACTIVE,2026-04,2026-08,2026-08,,,5
611930,2026-04,2026-08,4,0,ADMINISTRATIVE_END_OF_PANEL,ONGOING_ACTIVE,2026-04,2026-08,2026-08,,,5
611943,2026-04,2026-08,4,0,ADMINISTRATIVE_END_OF_PANEL,ONGOING_ACTIVE,2026-04,2026-08,2026-08,,,5
611945,2026-04,2026-08,4,0,ADMINISTRATIVE_END_OF_PANEL,ONGOING_ACTIVE,2026-04,2026-08,2026-08,,,5
611947,2026-04,2026-05,1,1,,REPORTED_COMPLETED_EXPLICIT_DATE,2026-04,2026-05,2026-04,2026-05,True,2
611949,2026-04,2026-08,4,0,ADMINISTRATIVE_END_OF_PANEL,ONGOING_ACTIVE,2026-04,2026-08,2026-08,,,5
611957,2026-04,2026-08,4,0,ADMINISTRATIVE_END_OF_PANEL,ONGOING_ACTIVE,2026-04,2026-08,2026-08,,,5
611961,2026-04,2026-08,4,0,ADMINISTRATIVE_END_OF_PANEL,ONGOING_ACTIVE,2026-04,2026-08,2026-08,,,5
611963,2026-04,2026-08,4,0,ADMINISTRATIVE_END_OF_PANEL,ONGOING_ACTIVE,2026-04,2026-08,2026-08,,,5
611966,2026-04,2026-06,2,1,,REPORTED_COMPLETED_EXPLICIT_DATE,2026-04,2026-07,2026-06,2026-06,True,4
611970,2026-04,2026-08,4,0,ADMINISTRATIVE_END_OF_PANEL,ONGOING_ACTIVE,2026-04,2026-08,2026-08,,,5
611971,2026-04,2026-08,4,0,ADMINISTRATIVE_END_OF_PANEL,ONGOING_ACTIVE,2026-04,2026-08,2026-08,,,5
611974,2026-04,2026-08,4,0,ADMINISTRATIVE_END_OF_PANEL,ONGOING_ACTIVE,2026-04,2026-08,2026-08,,,5
612066,2026-05,2026-08,3,0,ADMINISTRATIVE_END_OF_PANEL,ONGOING_ACTIVE,2026-05,2026-08,2026-08,,,4
612068,2026-05,2026-08,3,0,ADMINISTRATIVE_END_OF_PANEL,ONGOING_ACTIVE,2026-05,2026-08,2026-08,,,4
612072,2026-04,2026-08,4,0,ADMINISTRATIVE_END_OF_PANEL,ONGOING_ACTIVE,2026-04,2026-08,2026-08,,,5
612128,2026-04,2026-08,4,0,ADMINISTRATIVE_END_OF_PANEL,ONGOING_ACTIVE,2026-04,2026-08,2026-08,,,5
612134,2026-04,2026-08,4,0,ADMINISTRATIVE_END_OF_PANEL,ONGOING_ACTIVE,2026-04,2026-08,2026-08,,,5
612139,2026-04,2026-08,4,0,ADMINISTRATIVE_END_OF_PANEL,ONGOING_ACTIVE,2026-04,2026-08,2026-08,,,5
612140,2026-04,2026-08,4,0,ADMINISTRATIVE_END_OF_PANEL,ONGOING_ACTIVE,2026-04,2026-08,2026-08,,,5
612142,2026-04,2026-08,4,0,ADMINISTRATIVE_END_OF_PANEL,ONGOING_ACTIVE,2026-04,2026-08,2026-08,,,5
612167,2026-04,2026-08,4,0,ADMINISTRATIVE_END_OF_PANEL,ONGOING_ACTIVE,2026-04,2026-08,2026-08,,,5
612183,2026-04,2026-08,4,0,ADMINISTRATIVE_END_OF_PANEL,ONGOING_ACTIVE,2026-04,2026-08,2026-08,,,5
612186,2026-04,2026-08,4,0,ADMINISTRATIVE_END_OF_PANEL,ONGOING_ACTIVE,2026-04,2026-08,2026-08,,,5
612194,2026-04,2026-08,4,0,ADMINISTRATIVE_END_OF_PANEL,ONGOING_ACTIVE,2026-04,2026-08,2026-08,,,5
612201,2026-04,2026-05,1,1,,REPORTED_COMPLETED_EXPLICIT_DATE,2026-04,2026-05,2026-04,2026-05,True,2
612211,2026-04,2026-08,4,0,ADMINISTRATIVE_END_OF_PANEL,ONGOING_ACTIVE,2026-04,2026-08,2026-08,,,5
612213,2026-04,2026-08,4,0,ADMINISTRATIVE_END_OF_PANEL,ONGOING_ACTIVE,2026-04,2026-08,2026-08,,,5
612259,2026-04,2026-08,4,0,ADMINISTRATIVE_END_OF_PANEL,ONGOING_ACTIVE,2026-04,2026-08,2026-08,,,5
612513,2026-04,2026-08,4,0,ADMINISTRATIVE_END_OF_PANEL,ONGOING_ACTIVE,2026-04,2026-08,2026-08,,,5
612745,2026-04,2026-08,4,0,ADMINISTRATIVE_END_OF_PANEL,ONGOING_ACTIVE,2026-04,2026-08,2026-08,,,5
612748,2026-04,2026-08,4,0,ADMINISTRATIVE_END_OF_PANEL,ONGOING_ACTIVE,2026-04,2026-08,2026-08,,,5
612781,2026-04,2026-08,4,0,ADMINISTRATIVE_END_OF_PANEL,ONGOING_ACTIVE,2026-04,2026-08,2026-08,,,5
612786,2026-04,2026-08,4,0,ADMINISTRATIVE_END_OF_PANEL,ONGOING_ACTIVE,2026-04,2026-08,2026-08,,,5
612787,2026-04,2026-08,4,0,ADMINISTRATIVE_END_OF_PANEL,ONGOING_ACTIVE,2026-04,2026-08,2026-08,,,5
612788,2026-04,2026-08,4,0,ADMINISTRATIVE_END_OF_PANEL,ONGOING_ACTIVE,2026-04,2026-08,2026-08,,,5
612789,2026-04,2026-08,4,0,ADMINISTRATIVE_END_OF_PANEL,ONGOING_ACTIVE,2026-04,2026-08,2026-08,,,5
612790,2026-04,2026-08,4,0,ADMINISTRATIVE_END_OF_PANEL,ONGOING_ACTIVE,2026-04,2026-08,2026-08,,,5
612791,2026-04,2026-08,4,0,ADMINISTRATIVE_END_OF_PANEL,ONGOING_ACTIVE,2026-04,2026-08,2026-08,,,5
612793,2026-04,2026-08,4,0,ADMINISTRATIVE_END_OF_PANEL,ONGOING_ACTIVE,2026-04,2026-08,2026-08,,,5
612815,2026-04,2026-08,4,0,ADMINISTRATIVE_END_OF_PANEL,ONGOING_ACTIVE,2026-04,2026-08,2026-08,,,5
612816,2026-04,2026-08,4,0,ADMINISTRATIVE_END_OF_PANEL,ONGOING_ACTIVE,2026-04,2026-08,2026-08,,,5
612827,2026-04,2026-08,4,0,ADMINISTRATIVE_END_OF_PANEL,ONGOING_ACTIVE,2026-04,2026-08,2026-08,,,5
612834,2026-04,2026-08,4,0,ADMINISTRATIVE_END_OF_PANEL,ONGOING_ACTIVE,2026-04,2026-08,2026-08,,,5
612845,2026-04,2026-08,4,0,ADMINISTRATIVE_END_OF_PANEL,ONGOING_ACTIVE,2026-04,2026-08,2026-08,,,5
612853,2026-07,2026-08,1,0,ADMINISTRATIVE_END_OF_PANEL,ONGOING_ACTIVE,2026-07,2026-08,2026-08,,,2
612855,2026-04,2026-08,4,0,ADMINISTRATIVE_END_OF_PANEL,ONGOING_ACTIVE,2026-04,2026-08,2026-08,,,5
612876,2026-04,2026-08,4,0,ADMINISTRATIVE_END_OF_PANEL,ONGOING_ACTIVE,2026-04,2026-08,2026-08,,,5
612877,2026-04,2026-08,4,1,,REPORTED_COMPLETED_EXPLICIT_DATE,2026-04,2026-08,2026-07,2026-08,True,5
612878,2026-04,2026-08,4,0,ADMINISTRATIVE_END_OF_PANEL,ONGOING_ACTIVE,2026-04,2026-08,2026-08,,,5
612883,2026-04,2026-08,4,0,ADMINISTRATIVE_END_OF_PANEL,ONGOING_ACTIVE,2026-04,2026-08,2026-08,,,5
612885,2026-04,2026-08,4,0,ADMINISTRATIVE_END_OF_PANEL,ONGOING_ACTIVE,2026-04,2026-08,2026-08,,,5
612898,2026-04,2026-08,4,0,ADMINISTRATIVE_END_OF_PANEL,ONGOING_ACTIVE,2026-04,2026-08,2026-08,,,5
612916,2026-04,2026-08,4,0,ADMINISTRATIVE_END_OF_PANEL,ONGOING_ACTIVE,2026-04,2026-08,2026-08,,,5
613008,2026-04,2026-08,4,0,ADMINISTRATIVE_END_OF_PANEL,ONGOING_ACTIVE,2026-04,2026-08,2026-08,,,5
613013,2026-04,2026-08,4,0,ADMINISTRATIVE_END_OF_PANEL,ONGOING_ACTIVE,2026-04,2026-08,2026-08,,,5
613787,2026-04,2026-08,4,0,ADMINISTRATIVE_END_OF_PANEL,ONGOING_ACTIVE,2026-04,2026-08,2026-08,,,5
613793,2026-04,2026-08,4,0,ADMINISTRATIVE_END_OF_PANEL,ONGOING_ACTIVE,2026-04,2026-08,2026-08,,,5
613794,2026-04,2026-08,4,0,ADMINISTRATIVE_END_OF_PANEL,ONGOING_ACTIVE,2026-04,2026-08,2026-08,,,5
613798,2026-04,2026-08,4,0,ADMINISTRATIVE_END_OF_PANEL,ONGOING_ACTIVE,2026-04,2026-08,2026-08,,,5
613799,2026-04,2026-08,4,0,ADMINISTRATIVE_END_OF_PANEL,ONGOING_ACTIVE,2026-04,2026-08,2026-08,,,5
613800,2026-04,2026-08,4,0,ADMINISTRATIVE_END_OF_PANEL,ONGOING_ACTIVE,2026-04,2026-08,2026-08,,,5
613801,2026-04,2026-08,4,0,ADMINISTRATIVE_END_OF_PANEL,ONGOING_ACTIVE,2026-04,2026-08,2026-08,,,5
613802,2026-04,2026-08,4,0,ADMINISTRATIVE_END_OF_PANEL,ONGOING_ACTIVE,2026-04,2026-08,2026-08,,,5
613803,2026-04,2026-08,4,0,ADMINISTRATIVE_END_OF_PANEL,ONGOING_ACTIVE,2026-04,2026-08,2026-08,,,5
613804,2026-04,2026-08,4,0,ADMINISTRATIVE_END_OF_PANEL,ONGOING_ACTIVE,2026-04,2026-08,2026-08,,,5
613808,2026-04,2026-08,4,0,ADMINISTRATIVE_END_OF_PANEL,ONGOING_ACTIVE,2026-04,2026-08,2026-08,,,5
615184,2026-04,2026-08,4,0,ADMINISTRATIVE_END_OF_PANEL,ONGOING_ACTIVE,2026-04,2026-08,2026-08,,,5
615185,2026-04,2026-08,4,0,ADMINISTRATIVE_END_OF_PANEL,ONGOING_ACTIVE,2026-04,2026-08,2026-08,,,5
615186,2026-04,2026-08,4,0,ADMINISTRATIVE_END_OF_PANEL,ONGOING_ACTIVE,2026-04,2026-08,2026-08,,,5
615187,2026-04,2026-08,4,0,ADMINISTRATIVE_END_OF_PANEL,ONGOING_ACTIVE,2026-04,2026-08,2026-08,,,5
615188,2026-04,2026-08,4,0,ADMINISTRATIVE_END_OF_PANEL,ONGOING_ACTIVE,2026-04,2026-08,2026-08,,,5
615189,2026-04,2026-08,4,0,ADMINISTRATIVE_END_OF_PANEL,ONGOING_ACTIVE,2026-04,2026-08,2026-08,,,5
615190,2026-04,2026-08,4,0,ADMINISTRATIVE_END_OF_PANEL,ONGOING_ACTIVE,2026-04,2026-08,2026-08,,,5
615191,2026-04,2026-08,4,0,ADMINISTRATIVE_END_OF_PANEL,ONGOING_ACTIVE,2026-04,2026-08,2026-08,,,5
615192,2026-04,2026-08,4,0,ADMINISTRATIVE_END_OF_PANEL,ONGOING_ACTIVE,2026-04,2026-08,2026-08,,,5
615194,2026-04,2026-08,4,0,ADMINISTRATIVE_END_OF_PANEL,ONGOING_ACTIVE,2026-04,2026-08,2026-08,,,5
615195,2026-04,2026-08,4,0,ADMINISTRATIVE_END_OF_PANEL,ONGOING_ACTIVE,2026-04,2026-08,2026-08,,,5
615199,2026-04,2026-08,4,0,ADMINISTRATIVE_END_OF_PANEL,ONGOING_ACTIVE,2026-04,2026-08,2026-08,,,5
615202,2026-04,2026-08,4,0,ADMINISTRATIVE_END_OF_PANEL,ONGOING_ACTIVE,2026-04,2026-08,2026-08,,,5
615206,2026-04,2026-08,4,0,ADMINISTRATIVE_END_OF_PANEL,ONGOING_ACTIVE,2026-04,2026-08,2026-08,,,5
615330,2026-04,2026-08,4,0,ADMINISTRATIVE_END_OF_PANEL,ONGOING_ACTIVE,2026-04,2026-08,2026-08,,,5
615331,2026-04,2026-08,4,0,ADMINISTRATIVE_END_OF_PANEL,ONGOING_ACTIVE,2026-04,2026-08,2026-08,,,5
615332,2026-04,2026-08,4,0,ADMINISTRATIVE_END_OF_PANEL,ONGOING_ACTIVE,2026-04,2026-08,2026-08,,,5
615335,2026-04,2026-08,4,0,ADMINISTRATIVE_END_OF_PANEL,ONGOING_ACTIVE,2026-04,2026-08,2026-08,,,5
615336,2026-04,2026-08,4,0,ADMINISTRATIVE_END_OF_PANEL,ONGOING_ACTIVE,2026-04,2026-08,2026-08,,,5
615337,2026-04,2026-08,4,0,ADMINISTRATIVE_END_OF_PANEL,ONGOING_ACTIVE,2026-04,2026-08,2026-08,,,5
615338,2026-04,2026-08,4,0,ADMINISTRATIVE_END_OF_PANEL,ONGOING_ACTIVE,2026-04,2026-08,2026-08,,,5
615342,2026-04,2026-08,4,0,ADMINISTRATIVE_END_OF_PANEL,ONGOING_ACTIVE,2026-04,2026-08,2026-08,,,5
615343,2026-04,2026-08,4,0,ADMINISTRATIVE_END_OF_PANEL,ONGOING_ACTIVE,2026-04,2026-08,2026-08,,,5
615344,2026-04,2026-08,4,0,ADMINISTRATIVE_END_OF_PANEL,ONGOING_ACTIVE,2026-04,2026-08,2026-08,,,5
615345,2026-04,2026-08,4,0,ADMINISTRATIVE_END_OF_PANEL,ONGOING_ACTIVE,2026-04,2026-08,2026-08,,,5
615346,2026-04,2026-08,4,0,ADMINISTRATIVE_END_OF_PANEL,ONGOING_ACTIVE,2026-04,2026-08,2026-08,,,5
615349,2026-04,2026-08,4,0,ADMINISTRATIVE_END_OF_PANEL,ONGOING_ACTIVE,2026-04,2026-08,2026-08,,,5
615818,2026-04,2026-08,4,0,ADMINISTRATIVE_END_OF_PANEL,ONGOING_ACTIVE,2026-04,2026-08,2026-08,,,5
615820,2026-04,2026-08,4,0,ADMINISTRATIVE_END_OF_PANEL,ONGOING_ACTIVE,2026-04,2026-08,2026-08,,,5
615821,2026-04,2026-08,4,0,ADMINISTRATIVE_END_OF_PANEL,ONGOING_ACTIVE,2026-04,2026-08,2026-08,,,5
615822,2026-04,2026-08,4,0,ADMINISTRATIVE_END_OF_PANEL,ONGOING_ACTIVE,2026-04,2026-08,2026-08,,,5
615843,2026-04,2026-08,4,0,ADMINISTRATIVE_END_OF_PANEL,ONGOING_ACTIVE,2026-04,2026-08,2026-08,,,5
615857,2026-04,2026-08,4,0,ADMINISTRATIVE_END_OF_PANEL,ONGOING_ACTIVE,2026-04,2026-08,2026-08,,,5
615858,2026-04,2026-08,4,0,ADMINISTRATIVE_END_OF_PANEL,ONGOING_ACTIVE,2026-04,2026-08,2026-08,,,5
615860,2026-04,2026-08,4,0,ADMINISTRATIVE_END_OF_PANEL,ONGOING_ACTIVE,2026-04,2026-08,2026-08,,,5
615861,2026-04,2026-08,4,0,ADMINISTRATIVE_END_OF_PANEL,ONGOING_ACTIVE,2026-04,2026-08,2026-08,,,5
615862,2026-04,2026-08,4,0,ADMINISTRATIVE_END_OF_PANEL,ONGOING_ACTIVE,2026-04,2026-08,2026-08,,,5
615863,2026-04,2026-08,4,0,ADMINISTRATIVE_END_OF_PANEL,ONGOING_ACTIVE,2026-04,2026-08,2026-08,,,5
615865,2026-04,2026-08,4,0,ADMINISTRATIVE_END_OF_PANEL,ONGOING_ACTIVE,2026-04,2026-08,2026-08,,,5
615914,2026-04,2026-08,4,0,ADMINISTRATIVE_END_OF_PANEL,ONGOING_ACTIVE,2026-04,2026-08,2026-08,,,5
615915,2026-04,2026-08,4,0,ADMINISTRATIVE_END_OF_PANEL,ONGOING_ACTIVE,2026-04,2026-08,2026-08,,,5
615916,2026-04,2026-08,4,0,ADMINISTRATIVE_END_OF_PANEL,ONGOING_ACTIVE,2026-04,2026-08,2026-08,,,5
615917,2026-04,2026-08,4,0,ADMINISTRATIVE_END_OF_PANEL,ONGOING_ACTIVE,2026-04,2026-08,2026-08,,,5
615918,2026-04,2026-08,4,0,ADMINISTRATIVE_END_OF_PANEL,ONGOING_ACTIVE,2026-04,2026-08,2026-08,,,5
615919,2026-04,2026-08,4,0,ADMINISTRATIVE_END_OF_PANEL,ONGOING_ACTIVE,2026-04,2026-08,2026-08,,,5
615982,2026-04,2026-08,4,0,ADMINISTRATIVE_END_OF_PANEL,ONGOING_ACTIVE,2026-04,2026-08,2026-08,,,5
616044,2026-04,2026-08,4,0,ADMINISTRATIVE_END_OF_PANEL,ONGOING_ACTIVE,2026-04,2026-08,2026-08,,,5
616050,2026-04,2026-08,4,0,ADMINISTRATIVE_END_OF_PANEL,ONGOING_ACTIVE,2026-04,2026-08,2026-08,,,5
616221,2026-05,2026-08,3,0,ADMINISTRATIVE_END_OF_PANEL,ONGOING_ACTIVE,2026-05,2026-08,2026-08,,,4
616223,2026-04,2026-08,4,0,ADMINISTRATIVE_END_OF_PANEL,ONGOING_ACTIVE,2026-04,2026-08,2026-08,,,5
616225,2026-04,2026-08,4,0,ADMINISTRATIVE_END_OF_PANEL,ONGOING_ACTIVE,2026-04,2026-08,2026-08,,,5
616226,2026-04,2026-08,4,0,ADMINISTRATIVE_END_OF_PANEL,ONGOING_ACTIVE,2026-04,2026-08,2026-08,,,5
616229,2026-04,2026-08,4,0,ADMINISTRATIVE_END_OF_PANEL,ONGOING_ACTIVE,2026-04,2026-08,2026-08,,,5
616230,2026-04,2026-08,4,0,ADMINISTRATIVE_END_OF_PANEL,ONGOING_ACTIVE,2026-04,2026-08,2026-08,,,5
616231,2026-04,2026-08,4,0,ADMINISTRATIVE_END_OF_PANEL,ONGOING_ACTIVE,2026-04,2026-08,2026-08,,,5
616232,2026-04,2026-08,4,0,ADMINISTRATIVE_END_OF_PANEL,ONGOING_ACTIVE,2026-04,2026-08,2026-08,,,5
616233,2026-04,2026-08,4,0,ADMINISTRATIVE_END_OF_PANEL,ONGOING_ACTIVE,2026-04,2026-08,2026-08,,,5
616234,2026-04,2026-08,4,0,ADMINISTRATIVE_END_OF_PANEL,ONGOING_ACTIVE,2026-04,2026-08,2026-08,,,5
616236,2026-04,2026-08,4,0,ADMINISTRATIVE_END_OF_PANEL,ONGOING_ACTIVE,2026-04,2026-08,2026-08,,,5
616253,2026-04,2026-08,4,0,ADMINISTRATIVE_END_OF_PANEL,ONGOING_ACTIVE,2026-04,2026-08,2026-08,,,5
616594,2026-04,2026-08,4,0,ADMINISTRATIVE_END_OF_PANEL,ONGOING_ACTIVE,2026-04,2026-08,2026-08,,,5
616600,2026-04,2026-08,4,0,ADMINISTRATIVE_END_OF_PANEL,ONGOING_ACTIVE,2026-04,2026-08,2026-08,,,5
616604,2026-04,2026-08,4,0,ADMINISTRATIVE_END_OF_PANEL,ONGOING_ACTIVE,2026-04,2026-08,2026-08,,,5
616605,2026-04,2026-08,4,0,ADMINISTRATIVE_END_OF_PANEL,ONGOING_ACTIVE,2026-04,2026-08,2026-08,,,5
616611,2026-04,2026-08,4,0,ADMINISTRATIVE_END_OF_PANEL,ONGOING_ACTIVE,2026-04,2026-08,2026-08,,,5
616612,2026-04,2026-08,4,0,ADMINISTRATIVE_END_OF_PANEL,ONGOING_ACTIVE,2026-04,2026-08,2026-08,,,5
616615,2026-04,2026-08,4,0,ADMINISTRATIVE_END_OF_PANEL,ONGOING_ACTIVE,2026-04,2026-08,2026-08,,,5
616616,2026-04,2026-08,4,0,ADMINISTRATIVE_END_OF_PANEL,ONGOING_ACTIVE,2026-04,2026-08,2026-08,,,5
616671,2026-04,2026-08,4,0,ADMINISTRATIVE_END_OF_PANEL,ONGOING_ACTIVE,2026-04,2026-08,2026-08,,,5
616672,2026-04,2026-08,4,0,ADMINISTRATIVE_END_OF_PANEL,ONGOING_ACTIVE,2026-04,2026-08,2026-08,,,5
616691,2026-04,2026-08,4,0,ADMINISTRATIVE_END_OF_PANEL,ONGOING_ACTIVE,2026-04,2026-08,2026-08,,,5
616694,2026-04,2026-08,4,0,ADMINISTRATIVE_END_OF_PANEL,ONGOING_ACTIVE,2026-04,2026-08,2026-08,,,5
616695,2026-04,2026-08,4,0,ADMINISTRATIVE_END_OF_PANEL,ONGOING_ACTIVE,2026-04,2026-08,2026-08,,,5
616697,2026-04,2026-08,4,0,ADMINISTRATIVE_END_OF_PANEL,ONGOING_ACTIVE,2026-04,2026-08,2026-08,,,5
616699,2026-07,2026-08,1,0,ADMINISTRATIVE_END_OF_PANEL,ONGOING_ACTIVE,2026-07,2026-08,2026-08,,,2
616701,2026-07,2026-08,1,0,ADMINISTRATIVE_END_OF_PANEL,ONGOING_ACTIVE,2026-07,2026-08,2026-08,,,2
616839,2026-04,2026-08,4,0,ADMINISTRATIVE_END_OF_PANEL,ONGOING_ACTIVE,2026-04,2026-08,2026-08,,,5
616841,2026-04,2026-08,4,0,ADMINISTRATIVE_END_OF_PANEL,ONGOING_ACTIVE,2026-04,2026-08,2026-08,,,5
616843,2026-04,2026-08,4,0,ADMINISTRATIVE_END_OF_PANEL,ONGOING_ACTIVE,2026-04,2026-08,2026-08,,,5
616858,2026-04,2026-08,4,0,ADMINISTRATIVE_END_OF_PANEL,ONGOING_ACTIVE,2026-04,2026-08,2026-08,,,5
616879,2026-04,2026-08,4,0,ADMINISTRATIVE_END_OF_PANEL,ONGOING_ACTIVE,2026-04,2026-08,2026-08,,,5
616886,2026-04,2026-08,4,0,ADMINISTRATIVE_END_OF_PANEL,ONGOING_ACTIVE,2026-04,2026-08,2026-08,,,5
616933,2026-04,2026-08,4,0,ADMINISTRATIVE_END_OF_PANEL,ONGOING_ACTIVE,2026-04,2026-08,2026-08,,,5
616950,2026-04,2026-08,4,0,ADMINISTRATIVE_END_OF_PANEL,ONGOING_ACTIVE,2026-04,2026-08,2026-08,,,5
617068,2026-04,2026-08,4,0,ADMINISTRATIVE_END_OF_PANEL,ONGOING_ACTIVE,2026-04,2026-08,2026-08,,,5
617069,2026-04,2026-08,4,0,ADMINISTRATIVE_END_OF_PANEL,ONGOING_ACTIVE,2026-04,2026-08,2026-08,,,5
617179,2026-04,2026-08,4,0,ADMINISTRATIVE_END_OF_PANEL,ONGOING_ACTIVE,2026-04,2026-08,2026-08,,,5
617181,2026-04,2026-08,4,0,ADMINISTRATIVE_END_OF_PANEL,ONGOING_ACTIVE,2026-04,2026-08,2026-08,,,5
617182,2026-04,2026-08,4,0,ADMINISTRATIVE_END_OF_PANEL,ONGOING_ACTIVE,2026-04,2026-08,2026-08,,,5
617183,2026-04,2026-08,4,0,ADMINISTRATIVE_END_OF_PANEL,ONGOING_ACTIVE,2026-04,2026-08,2026-08,,,5
617184,2026-04,2026-08,4,0,ADMINISTRATIVE_END_OF_PANEL,ONGOING_ACTIVE,2026-04,2026-08,2026-08,,,5
617188,2026-04,2026-08,4,0,ADMINISTRATIVE_END_OF_PANEL,ONGOING_ACTIVE,2026-04,2026-08,2026-08,,,5
617207,2026-04,2026-08,4,0,ADMINISTRATIVE_END_OF_PANEL,ONGOING_ACTIVE,2026-04,2026-08,2026-08,,,5
617213,2026-04,2026-08,4,0,ADMINISTRATIVE_END_OF_PANEL,ONGOING_ACTIVE,2026-04,2026-08,2026-08,,,5
617215,2026-04,2026-08,4,0,ADMINISTRATIVE_END_OF_PANEL,ONGOING_ACTIVE,2026-04,2026-08,2026-08,,,5
617216,2026-04,2026-08,4,0,ADMINISTRATIVE_END_OF_PANEL,ONGOING_ACTIVE,2026-04,2026-08,2026-08,,,5
617221,2026-04,2026-08,4,0,ADMINISTRATIVE_END_OF_PANEL,ONGOING_ACTIVE,2026-04,2026-08,2026-08,,,5
617225,2026-04,2026-08,4,0,ADMINISTRATIVE_END_OF_PANEL,ONGOING_ACTIVE,2026-04,2026-08,2026-08,,,5
617226,2026-04,2026-08,4,0,ADMINISTRATIVE_END_OF_PANEL,ONGOING_ACTIVE,2026-04,2026-08,2026-08,,,5
617231,2026-04,2026-08,4,0,ADMINISTRATIVE_END_OF_PANEL,ONGOING_ACTIVE,2026-04,2026-08,2026-08,,,5
617233,2026-04,2026-08,4,0,ADMINISTRATIVE_END_OF_PANEL,ONGOING_ACTIVE,2026-04,2026-08,2026-08,,,5
617239,2026-04,2026-08,4,0,ADMINISTRATIVE_END_OF_PANEL,ONGOING_ACTIVE,2026-04,2026-08,2026-08,,,5
617242,2026-04,2026-08,4,0,ADMINISTRATIVE_END_OF_PANEL,ONGOING_ACTIVE,2026-04,2026-08,2026-08,,,5
617243,2026-04,2026-08,4,0,ADMINISTRATIVE_END_OF_PANEL,ONGOING_ACTIVE,2026-04,2026-08,2026-08,,,5
617246,2026-04,2026-08,4,0,ADMINISTRATIVE_END_OF_PANEL,ONGOING_ACTIVE,2026-04,2026-08,2026-08,,,5
617248,2026-04,2026-08,4,0,ADMINISTRATIVE_END_OF_PANEL,ONGOING_ACTIVE,2026-04,2026-08,2026-08,,,5
617249,2026-04,2026-08,4,0,ADMINISTRATIVE_END_OF_PANEL,ONGOING_ACTIVE,2026-04,2026-08,2026-08,,,5
617250,2026-04,2026-08,4,0,ADMINISTRATIVE_END_OF_PANEL,ONGOING_ACTIVE,2026-04,2026-08,2026-08,,,5
617251,2026-04,2026-08,4,0,ADMINISTRATIVE_END_OF_PANEL,ONGOING_ACTIVE,2026-04,2026-08,2026-08,,,5
617252,2026-04,2026-08,4,0,ADMINISTRATIVE_END_OF_PANEL,ONGOING_ACTIVE,2026-04,2026-08,2026-08,,,5
617254,2026-04,2026-08,4,0,ADMINISTRATIVE_END_OF_PANEL,ONGOING_ACTIVE,2026-04,2026-08,2026-08,,,5
617255,2026-04,2026-08,4,0,ADMINISTRATIVE_END_OF_PANEL,ONGOING_ACTIVE,2026-04,2026-08,2026-08,,,5
617256,2026-04,2026-08,4,0,ADMINISTRATIVE_END_OF_PANEL,ONGOING_ACTIVE,2026-04,2026-08,2026-08,,,5
617257,2026-04,2026-08,4,0,ADMINISTRATIVE_END_OF_PANEL,ONGOING_ACTIVE,2026-04,2026-08,2026-08,,,5
617269,2026-04,2026-08,4,0,ADMINISTRATIVE_END_OF_PANEL,ONGOING_ACTIVE,2026-04,2026-08,2026-08,,,5
617272,2026-04,2026-08,4,0,ADMINISTRATIVE_END_OF_PANEL,ONGOING_ACTIVE,2026-04,2026-08,2026-08,,,5
617278,2026-04,2026-08,4,0,ADMINISTRATIVE_END_OF_PANEL,ONGOING_ACTIVE,2026-04,2026-08,2026-08,,,5
617279,2026-04,2026-08,4,0,ADMINISTRATIVE_END_OF_PANEL,ONGOING_ACTIVE,2026-04,2026-08,2026-08,,,5
617280,2026-04,2026-08,4,0,ADMINISTRATIVE_END_OF_PANEL,ONGOING_ACTIVE,2026-04,2026-08,2026-08,,,5
617287,2026-04,2026-08,4,0,ADMINISTRATIVE_END_OF_PANEL,ONGOING_ACTIVE,2026-04,2026-08,2026-08,,,5
617288,2026-04,2026-08,4,0,ADMINISTRATIVE_END_OF_PANEL,ONGOING_ACTIVE,2026-04,2026-08,2026-08,,,5
617299,2026-04,2026-08,4,0,ADMINISTRATIVE_END_OF_PANEL,ONGOING_ACTIVE,2026-04,2026-08,2026-08,,,5
617302,2026-04,2026-08,4,0,ADMINISTRATIVE_END_OF_PANEL,ONGOING_ACTIVE,2026-04,2026-08,2026-08,,,5
617304,2026-04,2026-08,4,0,ADMINISTRATIVE_END_OF_PANEL,ONGOING_ACTIVE,2026-04,2026-08,2026-08,,,5
617326,2026-04,2026-08,4,0,ADMINISTRATIVE_END_OF_PANEL,ONGOING_ACTIVE,2026-04,2026-08,2026-08,,,5
617327,2026-04,2026-08,4,0,ADMINISTRATIVE_END_OF_PANEL,ONGOING_ACTIVE,2026-04,2026-08,2026-08,,,5
617338,2026-04,2026-08,4,0,ADMINISTRATIVE_END_OF_PANEL,ONGOING_ACTIVE,2026-04,2026-08,2026-08,,,5
617364,2026-04,2026-08,4,0,ADMINISTRATIVE_END_OF_PANEL,ONGOING_ACTIVE,2026-04,2026-08,2026-08,,,5
617370,2026-04,2026-08,4,0,ADMINISTRATIVE_END_OF_PANEL,ONGOING_ACTIVE,2026-04,2026-08,2026-08,,,5
617372,2026-04,2026-08,4,0,ADMINISTRATIVE_END_OF_PANEL,ONGOING_ACTIVE,2026-04,2026-08,2026-08,,,4
617375,2026-04,2026-08,4,0,ADMINISTRATIVE_END_OF_PANEL,ONGOING_ACTIVE,2026-04,2026-08,2026-08,,,5
617391,2026-04,2026-08,4,0,ADMINISTRATIVE_END_OF_PANEL,ONGOING_ACTIVE,2026-04,2026-08,2026-08,,,5
617404,2026-04,2026-08,4,0,ADMINISTRATIVE_END_OF_PANEL,ONGOING_ACTIVE,2026-04,2026-08,2026-08,,,5
617405,2026-04,2026-08,4,0,ADMINISTRATIVE_END_OF_PANEL,ONGOING_ACTIVE,2026-04,2026-08,2026-08,,,5
617412,2026-04,2026-08,4,0,ADMINISTRATIVE_END_OF_PANEL,ONGOING_ACTIVE,2026-04,2026-08,2026-08,,,5
617413,2026-04,2026-08,4,0,ADMINISTRATIVE_END_OF_PANEL,ONGOING_ACTIVE,2026-04,2026-08,2026-08,,,5
617416,2026-04,2026-08,4,0,ADMINISTRATIVE_END_OF_PANEL,ONGOING_ACTIVE,2026-04,2026-08,2026-08,,,5
617421,2026-08,2026-08,0,0,ADMINISTRATIVE_END_OF_PANEL,ONGOING_ACTIVE,2026-08,2026-08,2026-08,,,1
617422,2026-04,2026-08,4,0,ADMINISTRATIVE_END_OF_PANEL,ONGOING_ACTIVE,2026-04,2026-08,2026-08,,,5
617727,2026-04,2026-08,4,0,ADMINISTRATIVE_END_OF_PANEL,ONGOING_ACTIVE,2026-04,2026-08,2026-08,,,5
617729,2026-04,2026-08,4,0,ADMINISTRATIVE_END_OF_PANEL,ONGOING_ACTIVE,2026-04,2026-08,2026-08,,,5
617730,2026-04,2026-08,4,0,ADMINISTRATIVE_END_OF_PANEL,ONGOING_ACTIVE,2026-04,2026-08,2026-08,,,5
617764,2026-04,2026-08,4,0,ADMINISTRATIVE_END_OF_PANEL,ONGOING_ACTIVE,2026-04,2026-08,2026-08,,,5
617801,2026-04,2026-08,4,0,ADMINISTRATIVE_END_OF_PANEL,ONGOING_ACTIVE,2026-04,2026-08,2026-08,,,5
617802,2026-04,2026-08,4,0,ADMINISTRATIVE_END_OF_PANEL,ONGOING_ACTIVE,2026-04,2026-08,2026-08,,,5
617803,2026-04,2026-08,4,0,ADMINISTRATIVE_END_OF_PANEL,ONGOING_ACTIVE,2026-04,2026-08,2026-08,,,5
617804,2026-04,2026-08,4,0,ADMINISTRATIVE_END_OF_PANEL,ONGOING_ACTIVE,2026-04,2026-08,2026-08,,,5
617818,2026-04,2026-08,4,0,ADMINISTRATIVE_END_OF_PANEL,ONGOING_ACTIVE,2026-04,2026-08,2026-08,,,5
617819,2026-04,2026-08,4,0,ADMINISTRATIVE_END_OF_PANEL,ONGOING_ACTIVE,2026-04,2026-08,2026-08,,,5
617822,2026-04,2026-08,4,0,ADMINISTRATIVE_END_OF_PANEL,ONGOING_ACTIVE,2026-04,2026-08,2026-08,,,5
617827,2026-07,2026-08,1,0,ADMINISTRATIVE_END_OF_PANEL,ONGOING_ACTIVE,2026-07,2026-08,2026-08,,,2
617828,2026-04,2026-08,4,0,ADMINISTRATIVE_END_OF_PANEL,ONGOING_ACTIVE,2026-04,2026-08,2026-08,,,5
617829,2026-04,2026-08,4,0,ADMINISTRATIVE_END_OF_PANEL,ONGOING_ACTIVE,2026-04,2026-08,2026-08,,,5
617830,2026-04,2026-08,4,0,ADMINISTRATIVE_END_OF_PANEL,ONGOING_ACTIVE,2026-04,2026-08,2026-08,,,5
617832,2026-04,2026-08,4,0,ADMINISTRATIVE_END_OF_PANEL,ONGOING_ACTIVE,2026-04,2026-08,2026-08,,,5
617836,2026-04,2026-08,4,0,ADMINISTRATIVE_END_OF_PANEL,ONGOING_ACTIVE,2026-04,2026-08,2026-08,,,5
617837,2026-04,2026-08,4,0,ADMINISTRATIVE_END_OF_PANEL,ONGOING_ACTIVE,2026-04,2026-08,2026-08,,,5
617838,2026-04,2026-08,4,0,ADMINISTRATIVE_END_OF_PANEL,ONGOING_ACTIVE,2026-04,2026-08,2026-08,,,5
617839,2026-04,2026-08,4,0,ADMINISTRATIVE_END_OF_PANEL,ONGOING_ACTIVE,2026-04,2026-08,2026-08,,,5
617877,2026-04,2026-08,4,0,ADMINISTRATIVE_END_OF_PANEL,ONGOING_ACTIVE,2026-04,2026-08,2026-08,,,5
617878,2026-04,2026-08,4,0,ADMINISTRATIVE_END_OF_PANEL,ONGOING_ACTIVE,2026-04,2026-08,2026-08,,,5
617882,2026-04,2026-08,4,0,ADMINISTRATIVE_END_OF_PANEL,ONGOING_ACTIVE,2026-04,2026-08,2026-08,,,5
617883,2026-04,2026-08,4,0,ADMINISTRATIVE_END_OF_PANEL,ONGOING_ACTIVE,2026-04,2026-08,2026-08,,,5
617885,2026-04,2026-08,4,0,ADMINISTRATIVE_END_OF_PANEL,ONGOING_ACTIVE,2026-04,2026-08,2026-08,,,5
617886,2026-04,2026-08,4,0,ADMINISTRATIVE_END_OF_PANEL,ONGOING_ACTIVE,2026-04,2026-08,2026-08,,,5
617888,2026-04,2026-08,4,0,ADMINISTRATIVE_END_OF_PANEL,ONGOING_ACTIVE,2026-04,2026-08,2026-08,,,5
617889,2026-04,2026-08,4,0,ADMINISTRATIVE_END_OF_PANEL,ONGOING_ACTIVE,2026-04,2026-08,2026-08,,,5
617890,2026-04,2026-08,4,0,ADMINISTRATIVE_END_OF_PANEL,ONGOING_ACTIVE,2026-04,2026-08,2026-08,,,5
617892,2026-04,2026-08,4,0,ADMINISTRATIVE_END_OF_PANEL,ONGOING_ACTIVE,2026-04,2026-08,2026-08,,,5
617893,2026-04,2026-08,4,0,ADMINISTRATIVE_END_OF_PANEL,ONGOING_ACTIVE,2026-04,2026-08,2026-08,,,5
617894,2026-04,2026-08,4,0,ADMINISTRATIVE_END_OF_PANEL,ONGOING_ACTIVE,2026-04,2026-08,2026-08,,,5
617895,2026-04,2026-08,4,0,ADMINISTRATIVE_END_OF_PANEL,ONGOING_ACTIVE,2026-04,2026-08,2026-08,,,5
617896,2026-04,2026-08,4,0,ADMINISTRATIVE_END_OF_PANEL,ONGOING_ACTIVE,2026-04,2026-08,2026-08,,,5
617897,2026-04,2026-08,4,0,ADMINISTRATIVE_END_OF_PANEL,ONGOING_ACTIVE,2026-04,2026-08,2026-08,,,5
617898,2026-04,2026-08,4,0,ADMINISTRATIVE_END_OF_PANEL,ONGOING_ACTIVE,2026-04,2026-08,2026-08,,,5
617899,2026-04,2026-08,4,0,ADMINISTRATIVE_END_OF_PANEL,ONGOING_ACTIVE,2026-04,2026-08,2026-08,,,5
617901,2026-04,2026-08,4,0,ADMINISTRATIVE_END_OF_PANEL,ONGOING_ACTIVE,2026-04,2026-08,2026-08,,,5
617902,2026-04,2026-08,4,0,ADMINISTRATIVE_END_OF_PANEL,ONGOING_ACTIVE,2026-04,2026-08,2026-08,,,5
617904,2026-04,2026-08,4,0,ADMINISTRATIVE_END_OF_PANEL,ONGOING_ACTIVE,2026-04,2026-08,2026-08,,,5
617905,2026-04,2026-08,4,0,ADMINISTRATIVE_END_OF_PANEL,ONGOING_ACTIVE,2026-04,2026-08,2026-08,,,5
617906,2026-04,2026-08,4,0,ADMINISTRATIVE_END_OF_PANEL,ONGOING_ACTIVE,2026-04,2026-08,2026-08,,,5
617908,2026-04,2026-08,4,0,ADMINISTRATIVE_END_OF_PANEL,ONGOING_ACTIVE,2026-04,2026-08,2026-08,,,5
617909,2026-04,2026-08,4,0,ADMINISTRATIVE_END_OF_PANEL,ONGOING_ACTIVE,2026-04,2026-08,2026-08,,,5
617911,2026-04,2026-08,4,0,ADMINISTRATIVE_END_OF_PANEL,ONGOING_ACTIVE,2026-04,2026-08,2026-08,,,5
617912,2026-04,2026-08,4,0,ADMINISTRATIVE_END_OF_PANEL,ONGOING_ACTIVE,2026-04,2026-08,2026-08,,,5
617913,2026-04,2026-08,4,0,ADMINISTRATIVE_END_OF_PANEL,ONGOING_ACTIVE,2026-04,2026-08,2026-08,,,5
617914,2026-04,2026-08,4,0,ADMINISTRATIVE_END_OF_PANEL,ONGOING_ACTIVE,2026-04,2026-08,2026-08,,,5
617916,2026-04,2026-08,4,0,ADMINISTRATIVE_END_OF_PANEL,ONGOING_ACTIVE,2026-04,2026-08,2026-08,,,5
617918,2026-07,2026-08,1,0,ADMINISTRATIVE_END_OF_PANEL,ONGOING_ACTIVE,2026-07,2026-08,2026-08,,,2
617919,2026-04,2026-08,4,0,ADMINISTRATIVE_END_OF_PANEL,ONGOING_ACTIVE,2026-04,2026-08,2026-08,,,5
617920,2026-04,2026-08,4,0,ADMINISTRATIVE_END_OF_PANEL,ONGOING_ACTIVE,2026-04,2026-08,2026-08,,,5
617921,2026-04,2026-08,4,0,ADMINISTRATIVE_END_OF_PANEL,ONGOING_ACTIVE,2026-04,2026-08,2026-08,,,5
617922,2026-04,2026-08,4,0,ADMINISTRATIVE_END_OF_PANEL,ONGOING_ACTIVE,2026-04,2026-08,2026-08,,,5
617923,2026-04,2026-08,4,0,ADMINISTRATIVE_END_OF_PANEL,ONGOING_ACTIVE,2026-04,2026-08,2026-08,,,5
617925,2026-04,2026-08,4,0,ADMINISTRATIVE_END_OF_PANEL,ONGOING_ACTIVE,2026-04,2026-08,2026-08,,,5
617926,2026-04,2026-08,4,0,ADMINISTRATIVE_END_OF_PANEL,ONGOING_ACTIVE,2026-04,2026-08,2026-08,,,5
617927,2026-04,2026-08,4,0,ADMINISTRATIVE_END_OF_PANEL,ONGOING_ACTIVE,2026-04,2026-08,2026-08,,,5
617928,2026-04,2026-08,4,0,ADMINISTRATIVE_END_OF_PANEL,ONGOING_ACTIVE,2026-04,2026-08,2026-08,,,5
617929,2026-04,2026-08,4,0,ADMINISTRATIVE_END_OF_PANEL,ONGOING_ACTIVE,2026-04,2026-08,2026-08,,,5
617930,2026-04,2026-08,4,0,ADMINISTRATIVE_END_OF_PANEL,ONGOING_ACTIVE,2026-04,2026-08,2026-08,,,5
617931,2026-04,2026-08,4,0,ADMINISTRATIVE_END_OF_PANEL,ONGOING_ACTIVE,2026-04,2026-08,2026-08,,,5
617932,2026-04,2026-08,4,0,ADMINISTRATIVE_END_OF_PANEL,ONGOING_ACTIVE,2026-04,2026-08,2026-08,,,5
617934,2026-04,2026-08,4,0,ADMINISTRATIVE_END_OF_PANEL,ONGOING_ACTIVE,2026-04,2026-08,2026-08,,,5
617935,2026-04,2026-08,4,0,ADMINISTRATIVE_END_OF_PANEL,ONGOING_ACTIVE,2026-04,2026-08,2026-08,,,5
617936,2026-04,2026-08,4,0,ADMINISTRATIVE_END_OF_PANEL,ONGOING_ACTIVE,2026-04,2026-08,2026-08,,,5
617937,2026-04,2026-08,4,0,ADMINISTRATIVE_END_OF_PANEL,ONGOING_ACTIVE,2026-04,2026-08,2026-08,,,5
617938,2026-04,2026-08,4,0,ADMINISTRATIVE_END_OF_PANEL,ONGOING_ACTIVE,2026-04,2026-08,2026-08,,,5
617939,2026-04,2026-08,4,0,ADMINISTRATIVE_END_OF_PANEL,ONGOING_ACTIVE,2026-04,2026-08,2026-08,,,5
617940,2026-04,2026-08,4,0,ADMINISTRATIVE_END_OF_PANEL,ONGOING_ACTIVE,2026-04,2026-08,2026-08,,,5
617941,2026-04,2026-08,4,0,ADMINISTRATIVE_END_OF_PANEL,ONGOING_ACTIVE,2026-04,2026-08,2026-08,,,5
617942,2026-04,2026-08,4,0,ADMINISTRATIVE_END_OF_PANEL,ONGOING_ACTIVE,2026-04,2026-08,2026-08,,,5
617943,2026-05,2026-08,3,0,ADMINISTRATIVE_END_OF_PANEL,ONGOING_ACTIVE,2026-05,2026-08,2026-08,,,4
617945,2026-04,2026-08,4,0,ADMINISTRATIVE_END_OF_PANEL,ONGOING_ACTIVE,2026-04,2026-08,2026-08,,,5
617946,2026-04,2026-08,4,0,ADMINISTRATIVE_END_OF_PANEL,ONGOING_ACTIVE,2026-04,2026-08,2026-08,,,5
617947,2026-04,2026-08,4,0,ADMINISTRATIVE_END_OF_PANEL,ONGOING_ACTIVE,2026-04,2026-08,2026-08,,,5
617948,2026-04,2026-08,4,0,ADMINISTRATIVE_END_OF_PANEL,ONGOING_ACTIVE,2026-04,2026-08,2026-08,,,5
617950,2026-04,2026-08,4,0,ADMINISTRATIVE_END_OF_PANEL,ONGOING_ACTIVE,2026-04,2026-08,2026-08,,,5
617951,2026-04,2026-08,4,0,ADMINISTRATIVE_END_OF_PANEL,ONGOING_ACTIVE,2026-04,2026-08,2026-08,,,5
617955,2026-04,2026-08,4,0,ADMINISTRATIVE_END_OF_PANEL,ONGOING_ACTIVE,2026-04,2026-08,2026-08,,,5
617958,2026-04,2026-08,4,0,ADMINISTRATIVE_END_OF_PANEL,ONGOING_ACTIVE,2026-04,2026-08,2026-08,,,5
617960,2026-04,2026-08,4,0,ADMINISTRATIVE_END_OF_PANEL,ONGOING_ACTIVE,2026-04,2026-08,2026-08,,,5
617961,2026-04,2026-08,4,0,ADMINISTRATIVE_END_OF_PANEL,ONGOING_ACTIVE,2026-04,2026-08,2026-08,,,5
617962,2026-04,2026-08,4,0,ADMINISTRATIVE_END_OF_PANEL,ONGOING_ACTIVE,2026-04,2026-08,2026-08,,,5
617963,2026-04,2026-08,4,0,ADMINISTRATIVE_END_OF_PANEL,ONGOING_ACTIVE,2026-04,2026-08,2026-08,,,5
617964,2026-04,2026-08,4,0,ADMINISTRATIVE_END_OF_PANEL,ONGOING_ACTIVE,2026-04,2026-08,2026-08,,,5
617965,2026-04,2026-08,4,0,ADMINISTRATIVE_END_OF_PANEL,ONGOING_ACTIVE,2026-04,2026-08,2026-08,,,5
617966,2026-04,2026-08,4,0,ADMINISTRATIVE_END_OF_PANEL,ONGOING_ACTIVE,2026-04,2026-08,2026-08,,,5
617967,2026-04,2026-08,4,0,ADMINISTRATIVE_END_OF_PANEL,ONGOING_ACTIVE,2026-04,2026-08,2026-08,,,5
617968,2026-04,2026-08,4,0,ADMINISTRATIVE_END_OF_PANEL,ONGOING_ACTIVE,2026-04,2026-08,2026-08,,,5
617969,2026-04,2026-08,4,0,ADMINISTRATIVE_END_OF_PANEL,ONGOING_ACTIVE,2026-04,2026-08,2026-08,,,5
617971,2026-04,2026-08,4,0,ADMINISTRATIVE_END_OF_PANEL,ONGOING_ACTIVE,2026-04,2026-08,2026-08,,,5
617972,2026-04,2026-08,4,0,ADMINISTRATIVE_END_OF_PANEL,ONGOING_ACTIVE,2026-04,2026-08,2026-08,,,5
617974,2026-04,2026-08,4,0,ADMINISTRATIVE_END_OF_PANEL,ONGOING_ACTIVE,2026-04,2026-08,2026-08,,,5
617976,2026-04,2026-08,4,0,ADMINISTRATIVE_END_OF_PANEL,ONGOING_ACTIVE,2026-04,2026-08,2026-08,,,5
617978,2026-04,2026-08,4,0,ADMINISTRATIVE_END_OF_PANEL,ONGOING_ACTIVE,2026-04,2026-08,2026-08,,,5
617979,2026-04,2026-08,4,0,ADMINISTRATIVE_END_OF_PANEL,ONGOING_ACTIVE,2026-04,2026-08,2026-08,,,5
617980,2026-04,2026-08,4,0,ADMINISTRATIVE_END_OF_PANEL,ONGOING_ACTIVE,2026-04,2026-08,2026-08,,,5
617983,2026-04,2026-08,4,0,ADMINISTRATIVE_END_OF_PANEL,ONGOING_ACTIVE,2026-04,2026-08,2026-08,,,5
617984,2026-04,2026-08,4,0,ADMINISTRATIVE_END_OF_PANEL,ONGOING_ACTIVE,2026-04,2026-08,2026-08,,,5
617985,2026-04,2026-08,4,0,ADMINISTRATIVE_END_OF_PANEL,ONGOING_ACTIVE,2026-04,2026-08,2026-08,,,5
617986,2026-04,2026-08,4,0,ADMINISTRATIVE_END_OF_PANEL,ONGOING_ACTIVE,2026-04,2026-08,2026-08,,,5
617987,2026-04,2026-08,4,0,ADMINISTRATIVE_END_OF_PANEL,ONGOING_ACTIVE,2026-04,2026-08,2026-08,,,5
617988,2026-04,2026-08,4,0,ADMINISTRATIVE_END_OF_PANEL,ONGOING_ACTIVE,2026-04,2026-08,2026-08,,,5
617989,2026-04,2026-08,4,0,ADMINISTRATIVE_END_OF_PANEL,ONGOING_ACTIVE,2026-04,2026-08,2026-08,,,5
617991,2026-04,2026-08,4,0,ADMINISTRATIVE_END_OF_PANEL,ONGOING_ACTIVE,2026-04,2026-08,2026-08,,,5
617994,2026-04,2026-08,4,0,ADMINISTRATIVE_END_OF_PANEL,ONGOING_ACTIVE,2026-04,2026-08,2026-08,,,5
617997,2026-05,2026-08,3,0,ADMINISTRATIVE_END_OF_PANEL,ONGOING_ACTIVE,2026-05,2026-08,2026-08,,,4
617998,2026-04,2026-08,4,0,ADMINISTRATIVE_END_OF_PANEL,ONGOING_ACTIVE,2026-04,2026-08,2026-08,,,5
617999,2026-04,2026-08,4,0,ADMINISTRATIVE_END_OF_PANEL,ONGOING_ACTIVE,2026-04,2026-08,2026-08,,,5
618001,2026-04,2026-08,4,0,ADMINISTRATIVE_END_OF_PANEL,ONGOING_ACTIVE,2026-04,2026-08,2026-08,,,5
618003,2026-04,2026-08,4,0,ADMINISTRATIVE_END_OF_PANEL,ONGOING_ACTIVE,2026-04,2026-08,2026-08,,,5
618004,2026-04,2026-08,4,0,ADMINISTRATIVE_END_OF_PANEL,ONGOING_ACTIVE,2026-04,2026-08,2026-08,,,5
618006,2026-04,2026-06,2,1,,REPORTED_COMPLETED_EXPLICIT_DATE,2026-04,2026-08,2026-05,2026-06,True,3
618007,2026-04,2026-06,2,1,,REPORTED_COMPLETED_EXPLICIT_DATE,2026-04,2026-08,2026-05,2026-06,True,3
618009,2026-04,2026-08,4,0,ADMINISTRATIVE_END_OF_PANEL,ONGOING_ACTIVE,2026-04,2026-08,2026-08,,,5
618010,2026-04,2026-08,4,0,ADMINISTRATIVE_END_OF_PANEL,ONGOING_ACTIVE,2026-04,2026-08,2026-08,,,5
618011,2026-04,2026-08,4,0,ADMINISTRATIVE_END_OF_PANEL,ONGOING_ACTIVE,2026-04,2026-08,2026-08,,,5
618012,2026-04,2026-08,4,0,ADMINISTRATIVE_END_OF_PANEL,ONGOING_ACTIVE,2026-04,2026-08,2026-08,,,5
618013,2026-04,2026-08,4,0,ADMINISTRATIVE_END_OF_PANEL,ONGOING_ACTIVE,2026-04,2026-08,2026-08,,,5
618014,2026-04,2026-08,4,0,ADMINISTRATIVE_END_OF_PANEL,ONGOING_ACTIVE,2026-04,2026-08,2026-08,,,5
618015,2026-04,2026-08,4,0,ADMINISTRATIVE_END_OF_PANEL,ONGOING_ACTIVE,2026-04,2026-08,2026-08,,,5
618016,2026-04,2026-08,4,0,ADMINISTRATIVE_END_OF_PANEL,ONGOING_ACTIVE,2026-04,2026-08,2026-08,,,5
618017,2026-04,2026-08,4,0,ADMINISTRATIVE_END_OF_PANEL,ONGOING_ACTIVE,2026-04,2026-08,2026-08,,,5
618018,2026-04,2026-08,4,0,ADMINISTRATIVE_END_OF_PANEL,ONGOING_ACTIVE,2026-04,2026-08,2026-08,,,5
618019,2026-04,2026-08,4,0,ADMINISTRATIVE_END_OF_PANEL,ONGOING_ACTIVE,2026-04,2026-08,2026-08,,,5
618020,2026-04,2026-08,4,0,ADMINISTRATIVE_END_OF_PANEL,ONGOING_ACTIVE,2026-04,2026-08,2026-08,,,5
618021,2026-04,2026-08,4,0,ADMINISTRATIVE_END_OF_PANEL,ONGOING_ACTIVE,2026-04,2026-08,2026-08,,,5
618022,2026-04,2026-08,4,0,ADMINISTRATIVE_END_OF_PANEL,ONGOING_ACTIVE,2026-04,2026-08,2026-08,,,5
618024,2026-04,2026-08,4,0,ADMINISTRATIVE_END_OF_PANEL,ONGOING_ACTIVE,2026-04,2026-08,2026-08,,,5
618025,2026-04,2026-08,4,0,ADMINISTRATIVE_END_OF_PANEL,ONGOING_ACTIVE,2026-04,2026-08,2026-08,,,5
618027,2026-04,2026-08,4,0,ADMINISTRATIVE_END_OF_PANEL,ONGOING_ACTIVE,2026-04,2026-08,2026-08,,,5
618028,2026-04,2026-08,4,0,ADMINISTRATIVE_END_OF_PANEL,ONGOING_ACTIVE,2026-04,2026-08,2026-08,,,5
618029,2026-04,2026-08,4,0,ADMINISTRATIVE_END_OF_PANEL,ONGOING_ACTIVE,2026-04,2026-08,2026-08,,,5
618031,2026-04,2026-08,4,0,ADMINISTRATIVE_END_OF_PANEL,ONGOING_ACTIVE,2026-04,2026-08,2026-08,,,5
618034,2026-04,2026-08,4,0,ADMINISTRATIVE_END_OF_PANEL,ONGOING_ACTIVE,2026-04,2026-08,2026-08,,,5
618035,2026-04,2026-08,4,0,ADMINISTRATIVE_END_OF_PANEL,ONGOING_ACTIVE,2026-04,2026-08,2026-08,,,5
618036,2026-04,2026-08,4,0,ADMINISTRATIVE_END_OF_PANEL,ONGOING_ACTIVE,2026-04,2026-08,2026-08,,,5
618037,2026-04,2026-08,4,0,ADMINISTRATIVE_END_OF_PANEL,ONGOING_ACTIVE,2026-04,2026-08,2026-08,,,5
618038,2026-04,2026-08,4,0,ADMINISTRATIVE_END_OF_PANEL,ONGOING_ACTIVE,2026-04,2026-08,2026-08,,,5
618039,2026-04,2026-08,4,0,ADMINISTRATIVE_END_OF_PANEL,ONGOING_ACTIVE,2026-04,2026-08,2026-08,,,5
618040,2026-04,2026-08,4,0,ADMINISTRATIVE_END_OF_PANEL,ONGOING_ACTIVE,2026-04,2026-08,2026-08,,,5
618041,2026-04,2026-08,4,0,ADMINISTRATIVE_END_OF_PANEL,ONGOING_ACTIVE,2026-04,2026-08,2026-08,,,5
618042,2026-04,2026-08,4,0,ADMINISTRATIVE_END_OF_PANEL,ONGOING_ACTIVE,2026-04,2026-08,2026-08,,,5
618043,2026-04,2026-08,4,0,ADMINISTRATIVE_END_OF_PANEL,ONGOING_ACTIVE,2026-04,2026-08,2026-08,,,5
618044,2026-04,2026-08,4,0,ADMINISTRATIVE_END_OF_PANEL,ONGOING_ACTIVE,2026-04,2026-08,2026-08,,,5
618047,2026-04,2026-08,4,0,ADMINISTRATIVE_END_OF_PANEL,ONGOING_ACTIVE,2026-04,2026-08,2026-08,,,5
618049,2026-04,2026-08,4,0,ADMINISTRATIVE_END_OF_PANEL,ONGOING_ACTIVE,2026-04,2026-08,2026-08,,,5
618052,2026-04,2026-08,4,0,ADMINISTRATIVE_END_OF_PANEL,ONGOING_ACTIVE,2026-04,2026-08,2026-08,,,5
618053,2026-04,2026-08,4,0,ADMINISTRATIVE_END_OF_PANEL,ONGOING_ACTIVE,2026-04,2026-08,2026-08,,,5
618054,2026-04,2026-08,4,0,ADMINISTRATIVE_END_OF_PANEL,ONGOING_ACTIVE,2026-04,2026-08,2026-08,,,5
618055,2026-04,2026-08,4,0,ADMINISTRATIVE_END_OF_PANEL,ONGOING_ACTIVE,2026-04,2026-08,2026-08,,,5
618056,2026-04,2026-08,4,0,ADMINISTRATIVE_END_OF_PANEL,ONGOING_ACTIVE,2026-04,2026-08,2026-08,,,5
618057,2026-04,2026-08,4,0,ADMINISTRATIVE_END_OF_PANEL,ONGOING_ACTIVE,2026-04,2026-08,2026-08,,,5
618059,2026-04,2026-08,4,0,ADMINISTRATIVE_END_OF_PANEL,ONGOING_ACTIVE,2026-04,2026-08,2026-08,,,5
618060,2026-04,2026-08,4,0,ADMINISTRATIVE_END_OF_PANEL,ONGOING_ACTIVE,2026-04,2026-08,2026-08,,,5
618061,2026-04,2026-08,4,0,ADMINISTRATIVE_END_OF_PANEL,ONGOING_ACTIVE,2026-04,2026-08,2026-08,,,5
618063,2026-04,2026-08,4,0,ADMINISTRATIVE_END_OF_PANEL,ONGOING_ACTIVE,2026-04,2026-08,2026-08,,,5
618065,2026-04,2026-08,4,0,ADMINISTRATIVE_END_OF_PANEL,ONGOING_ACTIVE,2026-04,2026-08,2026-08,,,5
618066,2026-04,2026-08,4,0,ADMINISTRATIVE_END_OF_PANEL,ONGOING_ACTIVE,2026-04,2026-08,2026-08,,,5
618067,2026-04,2026-08,4,0,ADMINISTRATIVE_END_OF_PANEL,ONGOING_ACTIVE,2026-04,2026-08,2026-08,,,5
618068,2026-04,2026-08,4,0,ADMINISTRATIVE_END_OF_PANEL,ONGOING_ACTIVE,2026-04,2026-08,2026-08,,,5
618069,2026-04,2026-08,4,0,ADMINISTRATIVE_END_OF_PANEL,ONGOING_ACTIVE,2026-04,2026-08,2026-08,,,5
618070,2026-04,2026-08,4,0,ADMINISTRATIVE_END_OF_PANEL,ONGOING_ACTIVE,2026-04,2026-08,2026-08,,,5
618071,2026-04,2026-08,4,0,ADMINISTRATIVE_END_OF_PANEL,ONGOING_ACTIVE,2026-04,2026-08,2026-08,,,5
618073,2026-04,2026-08,4,0,ADMINISTRATIVE_END_OF_PANEL,ONGOING_ACTIVE,2026-04,2026-08,2026-08,,,5
618074,2026-04,2026-08,4,0,ADMINISTRATIVE_END_OF_PANEL,ONGOING_ACTIVE,2026-04,2026-08,2026-08,,,5
618075,2026-04,2026-08,4,0,ADMINISTRATIVE_END_OF_PANEL,ONGOING_ACTIVE,2026-04,2026-08,2026-08,,,5
618076,2026-04,2026-08,4,0,ADMINISTRATIVE_END_OF_PANEL,ONGOING_ACTIVE,2026-04,2026-08,2026-08,,,5
618079,2026-04,2026-08,4,0,ADMINISTRATIVE_END_OF_PANEL,ONGOING_ACTIVE,2026-04,2026-08,2026-08,,,5
618080,2026-04,2026-08,4,0,ADMINISTRATIVE_END_OF_PANEL,ONGOING_ACTIVE,2026-04,2026-08,2026-08,,,5
618081,2026-04,2026-08,4,0,ADMINISTRATIVE_END_OF_PANEL,ONGOING_ACTIVE,2026-04,2026-08,2026-08,,,5
618082,2026-04,2026-08,4,0,ADMINISTRATIVE_END_OF_PANEL,ONGOING_ACTIVE,2026-04,2026-08,2026-08,,,5
618083,2026-04,2026-08,4,0,ADMINISTRATIVE_END_OF_PANEL,ONGOING_ACTIVE,2026-04,2026-08,2026-08,,,4
618084,2026-04,2026-08,4,0,ADMINISTRATIVE_END_OF_PANEL,ONGOING_ACTIVE,2026-04,2026-08,2026-08,,,5
618085,2026-04,2026-08,4,0,ADMINISTRATIVE_END_OF_PANEL,ONGOING_ACTIVE,2026-04,2026-08,2026-08,,,5
618086,2026-04,2026-08,4,0,ADMINISTRATIVE_END_OF_PANEL,ONGOING_ACTIVE,2026-04,2026-08,2026-08,,,5
618087,2026-04,2026-08,4,0,ADMINISTRATIVE_END_OF_PANEL,ONGOING_ACTIVE,2026-04,2026-08,2026-08,,,5
618088,2026-04,2026-08,4,0,ADMINISTRATIVE_END_OF_PANEL,ONGOING_ACTIVE,2026-04,2026-08,2026-08,,,5
618089,2026-04,2026-08,4,0,ADMINISTRATIVE_END_OF_PANEL,ONGOING_ACTIVE,2026-04,2026-08,2026-08,,,5
618091,2026-04,2026-08,4,0,ADMINISTRATIVE_END_OF_PANEL,ONGOING_ACTIVE,2026-04,2026-08,2026-08,,,5
618092,2026-04,2026-08,4,0,ADMINISTRATIVE_END_OF_PANEL,ONGOING_ACTIVE,2026-04,2026-08,2026-08,,,5
618094,2026-04,2026-08,4,0,ADMINISTRATIVE_END_OF_PANEL,ONGOING_ACTIVE,2026-04,2026-08,2026-08,,,5
618095,2026-04,2026-08,4,0,ADMINISTRATIVE_END_OF_PANEL,ONGOING_ACTIVE,2026-04,2026-08,2026-08,,,5
618096,2026-04,2026-08,4,0,ADMINISTRATIVE_END_OF_PANEL,ONGOING_ACTIVE,2026-04,2026-08,2026-08,,,5
618097,2026-04,2026-08,4,0,ADMINISTRATIVE_END_OF_PANEL,ONGOING_ACTIVE,2026-04,2026-08,2026-08,,,5
618098,2026-04,2026-08,4,0,ADMINISTRATIVE_END_OF_PANEL,ONGOING_ACTIVE,2026-04,2026-08,2026-08,,,5
618101,2026-04,2026-08,4,0,ADMINISTRATIVE_END_OF_PANEL,ONGOING_ACTIVE,2026-04,2026-08,2026-08,,,5
618103,2026-04,2026-08,4,0,ADMINISTRATIVE_END_OF_PANEL,ONGOING_ACTIVE,2026-04,2026-08,2026-08,,,5
618104,2026-04,2026-08,4,0,ADMINISTRATIVE_END_OF_PANEL,ONGOING_ACTIVE,2026-04,2026-08,2026-08,,,5
618105,2026-04,2026-08,4,0,ADMINISTRATIVE_END_OF_PANEL,ONGOING_ACTIVE,2026-04,2026-08,2026-08,,,5
618106,2026-04,2026-08,4,0,ADMINISTRATIVE_END_OF_PANEL,ONGOING_ACTIVE,2026-04,2026-08,2026-08,,,5
618107,2026-04,2026-08,4,0,ADMINISTRATIVE_END_OF_PANEL,ONGOING_ACTIVE,2026-04,2026-08,2026-08,,,5
618108,2026-04,2026-08,4,0,ADMINISTRATIVE_END_OF_PANEL,ONGOING_ACTIVE,2026-04,2026-08,2026-08,,,5
618109,2026-04,2026-08,4,0,ADMINISTRATIVE_END_OF_PANEL,ONGOING_ACTIVE,2026-04,2026-08,2026-08,,,5
618111,2026-04,2026-08,4,0,ADMINISTRATIVE_END_OF_PANEL,ONGOING_ACTIVE,2026-04,2026-08,2026-08,,,5
618112,2026-04,2026-08,4,0,ADMINISTRATIVE_END_OF_PANEL,ONGOING_ACTIVE,2026-04,2026-08,2026-08,,,5
618113,2026-04,2026-08,4,0,ADMINISTRATIVE_END_OF_PANEL,ONGOING_ACTIVE,2026-04,2026-08,2026-08,,,5
618114,2026-04,2026-08,4,0,ADMINISTRATIVE_END_OF_PANEL,ONGOING_ACTIVE,2026-04,2026-08,2026-08,,,5
618116,2026-04,2026-08,4,0,ADMINISTRATIVE_END_OF_PANEL,ONGOING_ACTIVE,2026-04,2026-08,2026-08,,,5
618117,2026-04,2026-08,4,0,ADMINISTRATIVE_END_OF_PANEL,ONGOING_ACTIVE,2026-04,2026-08,2026-08,,,5
618119,2026-04,2026-08,4,0,ADMINISTRATIVE_END_OF_PANEL,ONGOING_ACTIVE,2026-04,2026-08,2026-08,,,5
618120,2026-04,2026-08,4,0,ADMINISTRATIVE_END_OF_PANEL,ONGOING_ACTIVE,2026-04,2026-08,2026-08,,,5
618121,2026-04,2026-08,4,0,ADMINISTRATIVE_END_OF_PANEL,ONGOING_ACTIVE,2026-04,2026-08,2026-08,,,5
618122,2026-04,2026-08,4,0,ADMINISTRATIVE_END_OF_PANEL,ONGOING_ACTIVE,2026-04,2026-08,2026-08,,,5
618124,2026-04,2026-08,4,0,ADMINISTRATIVE_END_OF_PANEL,ONGOING_ACTIVE,2026-04,2026-08,2026-08,,,5
618125,2026-04,2026-08,4,0,ADMINISTRATIVE_END_OF_PANEL,ONGOING_ACTIVE,2026-04,2026-08,2026-08,,,5
618126,2026-04,2026-08,4,0,ADMINISTRATIVE_END_OF_PANEL,ONGOING_ACTIVE,2026-04,2026-08,2026-08,,,5
618127,2026-04,2026-08,4,0,ADMINISTRATIVE_END_OF_PANEL,ONGOING_ACTIVE,2026-04,2026-08,2026-08,,,5
618129,2026-04,2026-08,4,0,ADMINISTRATIVE_END_OF_PANEL,ONGOING_ACTIVE,2026-04,2026-08,2026-08,,,5
618130,2026-04,2026-08,4,0,ADMINISTRATIVE_END_OF_PANEL,ONGOING_ACTIVE,2026-04,2026-08,2026-08,,,5
618133,2026-04,2026-08,4,0,ADMINISTRATIVE_END_OF_PANEL,ONGOING_ACTIVE,2026-04,2026-08,2026-08,,,5
618134,2026-04,2026-08,4,0,ADMINISTRATIVE_END_OF_PANEL,ONGOING_ACTIVE,2026-04,2026-08,2026-08,,,5
618137,2026-04,2026-08,4,0,ADMINISTRATIVE_END_OF_PANEL,ONGOING_ACTIVE,2026-04,2026-08,2026-08,,,5
618138,2026-04,2026-08,4,0,ADMINISTRATIVE_END_OF_PANEL,ONGOING_ACTIVE,2026-04,2026-08,2026-08,,,5
618139,2026-04,2026-08,4,0,ADMINISTRATIVE_END_OF_PANEL,ONGOING_ACTIVE,2026-04,2026-08,2026-08,,,5
618140,2026-04,2026-08,4,0,ADMINISTRATIVE_END_OF_PANEL,ONGOING_ACTIVE,2026-04,2026-08,2026-08,,,5
618141,2026-04,2026-08,4,0,ADMINISTRATIVE_END_OF_PANEL,ONGOING_ACTIVE,2026-04,2026-08,2026-08,,,5
618146,2026-04,2026-08,4,0,ADMINISTRATIVE_END_OF_PANEL,ONGOING_ACTIVE,2026-04,2026-08,2026-08,,,5
618147,2026-04,2026-08,4,0,ADMINISTRATIVE_END_OF_PANEL,ONGOING_ACTIVE,2026-04,2026-08,2026-08,,,5
618148,2026-05,2026-08,3,0,ADMINISTRATIVE_END_OF_PANEL,ONGOING_ACTIVE,2026-05,2026-08,2026-08,,,4
618149,2026-04,2026-08,4,0,ADMINISTRATIVE_END_OF_PANEL,ONGOING_ACTIVE,2026-04,2026-08,2026-08,,,5
618150,2026-04,2026-08,4,0,ADMINISTRATIVE_END_OF_PANEL,ONGOING_ACTIVE,2026-04,2026-08,2026-08,,,5
618151,2026-05,2026-08,3,0,ADMINISTRATIVE_END_OF_PANEL,ONGOING_ACTIVE,2026-05,2026-08,2026-08,,,4
618152,2026-04,2026-08,4,0,ADMINISTRATIVE_END_OF_PANEL,ONGOING_ACTIVE,2026-04,2026-08,2026-08,,,5
618153,2026-04,2026-08,4,0,ADMINISTRATIVE_END_OF_PANEL,ONGOING_ACTIVE,2026-04,2026-08,2026-08,,,5
618154,2026-04,2026-08,4,0,ADMINISTRATIVE_END_OF_PANEL,ONGOING_ACTIVE,2026-04,2026-08,2026-08,,,5
618155,2026-04,2026-08,4,0,ADMINISTRATIVE_END_OF_PANEL,ONGOING_ACTIVE,2026-04,2026-08,2026-08,,,5
618156,2026-04,2026-08,4,0,ADMINISTRATIVE_END_OF_PANEL,ONGOING_ACTIVE,2026-04,2026-08,2026-08,,,5
618157,2026-04,2026-08,4,0,ADMINISTRATIVE_END_OF_PANEL,ONGOING_ACTIVE,2026-04,2026-08,2026-08,,,5
618158,2026-04,2026-08,4,0,ADMINISTRATIVE_END_OF_PANEL,ONGOING_ACTIVE,2026-04,2026-08,2026-08,,,5
618159,2026-04,2026-08,4,0,ADMINISTRATIVE_END_OF_PANEL,ONGOING_ACTIVE,2026-04,2026-08,2026-08,,,5
618160,2026-04,2026-08,4,0,ADMINISTRATIVE_END_OF_PANEL,ONGOING_ACTIVE,2026-04,2026-08,2026-08,,,5
618162,2026-04,2026-08,4,0,ADMINISTRATIVE_END_OF_PANEL,ONGOING_ACTIVE,2026-04,2026-08,2026-08,,,5
618163,2026-04,2026-08,4,0,ADMINISTRATIVE_END_OF_PANEL,ONGOING_ACTIVE,2026-04,2026-08,2026-08,,,5
618164,2026-04,2026-08,4,0,ADMINISTRATIVE_END_OF_PANEL,ONGOING_ACTIVE,2026-04,2026-08,2026-08,,,5
618165,2026-04,2026-06,2,1,,REPORTED_COMPLETED_EXPLICIT_DATE,2026-04,2026-08,2026-06,2026-06,True,4
618166,2026-04,2026-08,4,0,ADMINISTRATIVE_END_OF_PANEL,ONGOING_ACTIVE,2026-04,2026-08,2026-08,,,5
618168,2026-04,2026-08,4,0,ADMINISTRATIVE_END_OF_PANEL,ONGOING_ACTIVE,2026-04,2026-08,2026-08,,,5
618169,2026-04,2026-08,4,0,ADMINISTRATIVE_END_OF_PANEL,ONGOING_ACTIVE,2026-04,2026-08,2026-08,,,5
618170,2026-04,2026-08,4,0,ADMINISTRATIVE_END_OF_PANEL,ONGOING_ACTIVE,2026-04,2026-08,2026-08,,,5
618171,2026-04,2026-08,4,0,ADMINISTRATIVE_END_OF_PANEL,ONGOING_ACTIVE,2026-04,2026-08,2026-08,,,5
618172,2026-04,2026-08,4,0,ADMINISTRATIVE_END_OF_PANEL,ONGOING_ACTIVE,2026-04,2026-08,2026-08,,,5
618173,2026-04,2026-08,4,0,ADMINISTRATIVE_END_OF_PANEL,ONGOING_ACTIVE,2026-04,2026-08,2026-08,,,5
618174,2026-04,2026-08,4,0,ADMINISTRATIVE_END_OF_PANEL,ONGOING_ACTIVE,2026-04,2026-08,2026-08,,,5
618176,2026-04,2026-08,4,0,ADMINISTRATIVE_END_OF_PANEL,ONGOING_ACTIVE,2026-04,2026-08,2026-08,,,5
618177,2026-04,2026-08,4,0,ADMINISTRATIVE_END_OF_PANEL,ONGOING_ACTIVE,2026-04,2026-08,2026-08,,,5
618178,2026-04,2026-08,4,0,ADMINISTRATIVE_END_OF_PANEL,ONGOING_ACTIVE,2026-04,2026-08,2026-08,,,5
618180,2026-04,2026-08,4,0,ADMINISTRATIVE_END_OF_PANEL,ONGOING_ACTIVE,2026-04,2026-08,2026-08,,,5
618182,2026-04,2026-08,4,0,ADMINISTRATIVE_END_OF_PANEL,ONGOING_ACTIVE,2026-04,2026-08,2026-08,,,5
618183,2026-04,2026-08,4,0,ADMINISTRATIVE_END_OF_PANEL,ONGOING_ACTIVE,2026-04,2026-08,2026-08,,,5
618184,2026-04,2026-08,4,0,ADMINISTRATIVE_END_OF_PANEL,ONGOING_ACTIVE,2026-04,2026-08,2026-08,,,5
618185,2026-04,2026-08,4,0,ADMINISTRATIVE_END_OF_PANEL,ONGOING_ACTIVE,2026-04,2026-08,2026-08,,,5
618186,2026-04,2026-08,4,0,ADMINISTRATIVE_END_OF_PANEL,ONGOING_ACTIVE,2026-04,2026-08,2026-08,,,5
618187,2026-04,2026-08,4,0,ADMINISTRATIVE_END_OF_PANEL,ONGOING_ACTIVE,2026-04,2026-08,2026-08,,,5
618189,2026-04,2026-08,4,0,ADMINISTRATIVE_END_OF_PANEL,ONGOING_ACTIVE,2026-04,2026-08,2026-08,,,5
618190,2026-04,2026-08,4,0,ADMINISTRATIVE_END_OF_PANEL,ONGOING_ACTIVE,2026-04,2026-08,2026-08,,,5
618193,2026-04,2026-08,4,0,ADMINISTRATIVE_END_OF_PANEL,ONGOING_ACTIVE,2026-04,2026-08,2026-08,,,5
618194,2026-04,2026-08,4,0,ADMINISTRATIVE_END_OF_PANEL,ONGOING_ACTIVE,2026-04,2026-08,2026-08,,,5
618196,2026-04,2026-08,4,0,ADMINISTRATIVE_END_OF_PANEL,ONGOING_ACTIVE,2026-04,2026-08,2026-08,,,5
618197,2026-04,2026-08,4,0,ADMINISTRATIVE_END_OF_PANEL,ONGOING_ACTIVE,2026-04,2026-08,2026-08,,,5
618198,2026-04,2026-08,4,0,ADMINISTRATIVE_END_OF_PANEL,ONGOING_ACTIVE,2026-04,2026-08,2026-08,,,5
618199,2026-04,2026-08,4,0,ADMINISTRATIVE_END_OF_PANEL,ONGOING_ACTIVE,2026-04,2026-08,2026-08,,,5
618200,2026-04,2026-08,4,0,ADMINISTRATIVE_END_OF_PANEL,ONGOING_ACTIVE,2026-04,2026-08,2026-08,,,5
618201,2026-04,2026-08,4,0,ADMINISTRATIVE_END_OF_PANEL,ONGOING_ACTIVE,2026-04,2026-08,2026-08,,,5
618202,2026-04,2026-08,4,0,ADMINISTRATIVE_END_OF_PANEL,ONGOING_ACTIVE,2026-04,2026-08,2026-08,,,5
618203,2026-04,2026-08,4,0,ADMINISTRATIVE_END_OF_PANEL,ONGOING_ACTIVE,2026-04,2026-08,2026-08,,,5
618204,2026-04,2026-08,4,0,ADMINISTRATIVE_END_OF_PANEL,ONGOING_ACTIVE,2026-04,2026-08,2026-08,,,5
618205,2026-04,2026-08,4,0,ADMINISTRATIVE_END_OF_PANEL,ONGOING_ACTIVE,2026-04,2026-08,2026-08,,,5
618206,2026-04,2026-08,4,0,ADMINISTRATIVE_END_OF_PANEL,ONGOING_ACTIVE,2026-04,2026-08,2026-08,,,5
618207,2026-04,2026-08,4,0,ADMINISTRATIVE_END_OF_PANEL,ONGOING_ACTIVE,2026-04,2026-08,2026-08,,,5
618209,2026-04,2026-08,4,0,ADMINISTRATIVE_END_OF_PANEL,ONGOING_ACTIVE,2026-04,2026-08,2026-08,,,5
618210,2026-04,2026-08,4,0,ADMINISTRATIVE_END_OF_PANEL,ONGOING_ACTIVE,2026-04,2026-08,2026-08,,,5
618211,2026-04,2026-08,4,0,ADMINISTRATIVE_END_OF_PANEL,ONGOING_ACTIVE,2026-04,2026-08,2026-08,,,5
618212,2026-04,2026-08,4,0,ADMINISTRATIVE_END_OF_PANEL,ONGOING_ACTIVE,2026-04,2026-08,2026-08,,,5
618213,2026-04,2026-08,4,0,ADMINISTRATIVE_END_OF_PANEL,ONGOING_ACTIVE,2026-04,2026-08,2026-08,,,5
618214,2026-04,2026-08,4,0,ADMINISTRATIVE_END_OF_PANEL,ONGOING_ACTIVE,2026-04,2026-08,2026-08,,,5
618215,2026-04,2026-08,4,0,ADMINISTRATIVE_END_OF_PANEL,ONGOING_ACTIVE,2026-04,2026-08,2026-08,,,5
618216,2026-04,2026-08,4,0,ADMINISTRATIVE_END_OF_PANEL,ONGOING_ACTIVE,2026-04,2026-08,2026-08,,,5
618217,2026-04,2026-08,4,0,ADMINISTRATIVE_END_OF_PANEL,ONGOING_ACTIVE,2026-04,2026-08,2026-08,,,5
618218,2026-04,2026-08,4,0,ADMINISTRATIVE_END_OF_PANEL,ONGOING_ACTIVE,2026-04,2026-08,2026-08,,,5
618219,2026-04,2026-08,4,0,ADMINISTRATIVE_END_OF_PANEL,ONGOING_ACTIVE,2026-04,2026-08,2026-08,,,5
618221,2026-04,2026-08,4,0,ADMINISTRATIVE_END_OF_PANEL,ONGOING_ACTIVE,2026-04,2026-08,2026-08,,,5
618222,2026-04,2026-08,4,0,ADMINISTRATIVE_END_OF_PANEL,ONGOING_ACTIVE,2026-04,2026-08,2026-08,,,5
618223,2026-04,2026-08,4,0,ADMINISTRATIVE_END_OF_PANEL,ONGOING_ACTIVE,2026-04,2026-08,2026-08,,,5
618224,2026-04,2026-08,4,0,ADMINISTRATIVE_END_OF_PANEL,ONGOING_ACTIVE,2026-04,2026-08,2026-08,,,5
618225,2026-04,2026-08,4,0,ADMINISTRATIVE_END_OF_PANEL,ONGOING_ACTIVE,2026-04,2026-08,2026-08,,,5
618226,2026-04,2026-08,4,0,ADMINISTRATIVE_END_OF_PANEL,ONGOING_ACTIVE,2026-04,2026-08,2026-08,,,5
618227,2026-04,2026-08,4,0,ADMINISTRATIVE_END_OF_PANEL,ONGOING_ACTIVE,2026-04,2026-08,2026-08,,,5
618228,2026-04,2026-08,4,0,ADMINISTRATIVE_END_OF_PANEL,ONGOING_ACTIVE,2026-04,2026-08,2026-08,,,5
618230,2026-04,2026-08,4,0,ADMINISTRATIVE_END_OF_PANEL,ONGOING_ACTIVE,2026-04,2026-08,2026-08,,,5
618231,2026-04,2026-08,4,0,ADMINISTRATIVE_END_OF_PANEL,ONGOING_ACTIVE,2026-04,2026-08,2026-08,,,5
618232,2026-04,2026-08,4,0,ADMINISTRATIVE_END_OF_PANEL,ONGOING_ACTIVE,2026-04,2026-08,2026-08,,,5
618233,2026-04,2026-08,4,0,ADMINISTRATIVE_END_OF_PANEL,ONGOING_ACTIVE,2026-04,2026-08,2026-08,,,5
618234,2026-04,2026-08,4,0,ADMINISTRATIVE_END_OF_PANEL,ONGOING_ACTIVE,2026-04,2026-08,2026-08,,,5
618235,2026-04,2026-08,4,0,ADMINISTRATIVE_END_OF_PANEL,ONGOING_ACTIVE,2026-04,2026-08,2026-08,,,5
618236,2026-04,2026-08,4,0,ADMINISTRATIVE_END_OF_PANEL,ONGOING_ACTIVE,2026-04,2026-08,2026-08,,,5
618238,2026-04,2026-08,4,0,ADMINISTRATIVE_END_OF_PANEL,ONGOING_ACTIVE,2026-04,2026-08,2026-08,,,5
618239,2026-04,2026-08,4,0,ADMINISTRATIVE_END_OF_PANEL,ONGOING_ACTIVE,2026-04,2026-08,2026-08,,,5
618242,2026-04,2026-08,4,0,ADMINISTRATIVE_END_OF_PANEL,ONGOING_ACTIVE,2026-04,2026-08,2026-08,,,5
618243,2026-04,2026-08,4,0,ADMINISTRATIVE_END_OF_PANEL,ONGOING_ACTIVE,2026-04,2026-08,2026-08,,,5
618244,2026-04,2026-08,4,0,ADMINISTRATIVE_END_OF_PANEL,ONGOING_ACTIVE,2026-04,2026-08,2026-08,,,5
618246,2026-04,2026-08,4,0,ADMINISTRATIVE_END_OF_PANEL,ONGOING_ACTIVE,2026-04,2026-08,2026-08,,,5
618247,2026-04,2026-08,4,0,ADMINISTRATIVE_END_OF_PANEL,ONGOING_ACTIVE,2026-04,2026-08,2026-08,,,5
618248,2026-04,2026-08,4,0,ADMINISTRATIVE_END_OF_PANEL,ONGOING_ACTIVE,2026-04,2026-08,2026-08,,,5
618249,2026-04,2026-08,4,0,ADMINISTRATIVE_END_OF_PANEL,ONGOING_ACTIVE,2026-04,2026-08,2026-08,,,5
618250,2026-04,2026-08,4,0,ADMINISTRATIVE_END_OF_PANEL,ONGOING_ACTIVE,2026-04,2026-08,2026-08,,,5
618251,2026-04,2026-08,4,0,ADMINISTRATIVE_END_OF_PANEL,ONGOING_ACTIVE,2026-04,2026-08,2026-08,,,5
618252,2026-04,2026-08,4,0,ADMINISTRATIVE_END_OF_PANEL,ONGOING_ACTIVE,2026-04,2026-08,2026-08,,,5
618253,2026-04,2026-08,4,0,ADMINISTRATIVE_END_OF_PANEL,ONGOING_ACTIVE,2026-04,2026-08,2026-08,,,5
618254,2026-04,2026-08,4,0,ADMINISTRATIVE_END_OF_PANEL,ONGOING_ACTIVE,2026-04,2026-08,2026-08,,,5
618255,2026-04,2026-08,4,0,ADMINISTRATIVE_END_OF_PANEL,ONGOING_ACTIVE,2026-04,2026-08,2026-08,,,5
618256,2026-04,2026-08,4,0,ADMINISTRATIVE_END_OF_PANEL,ONGOING_ACTIVE,2026-04,2026-08,2026-08,,,5
618257,2026-04,2026-08,4,0,ADMINISTRATIVE_END_OF_PANEL,ONGOING_ACTIVE,2026-04,2026-08,2026-08,,,5
618260,2026-04,2026-08,4,0,ADMINISTRATIVE_END_OF_PANEL,ONGOING_ACTIVE,2026-04,2026-08,2026-08,,,5
618262,2026-04,2026-08,4,0,ADMINISTRATIVE_END_OF_PANEL,ONGOING_ACTIVE,2026-04,2026-08,2026-08,,,5
618263,2026-04,2026-08,4,0,ADMINISTRATIVE_END_OF_PANEL,ONGOING_ACTIVE,2026-04,2026-08,2026-08,,,5
618264,2026-04,2026-08,4,0,ADMINISTRATIVE_END_OF_PANEL,ONGOING_ACTIVE,2026-04,2026-08,2026-08,,,5
618265,2026-04,2026-08,4,0,ADMINISTRATIVE_END_OF_PANEL,ONGOING_ACTIVE,2026-04,2026-08,2026-08,,,5
618266,2026-04,2026-08,4,0,ADMINISTRATIVE_END_OF_PANEL,ONGOING_ACTIVE,2026-04,2026-08,2026-08,,,5
618267,2026-05,2026-08,3,0,ADMINISTRATIVE_END_OF_PANEL,ONGOING_ACTIVE,2026-05,2026-08,2026-08,,,4
618282,2026-04,2026-08,4,0,ADMINISTRATIVE_END_OF_PANEL,ONGOING_ACTIVE,2026-04,2026-08,2026-08,,,5
618283,2026-04,2026-08,4,0,ADMINISTRATIVE_END_OF_PANEL,ONGOING_ACTIVE,2026-04,2026-08,2026-08,,,5
618284,2026-04,2026-08,4,0,ADMINISTRATIVE_END_OF_PANEL,ONGOING_ACTIVE,2026-04,2026-08,2026-08,,,5
618286,2026-04,2026-08,4,0,ADMINISTRATIVE_END_OF_PANEL,ONGOING_ACTIVE,2026-04,2026-08,2026-08,,,5
618287,2026-04,2026-08,4,0,ADMINISTRATIVE_END_OF_PANEL,ONGOING_ACTIVE,2026-04,2026-08,2026-08,,,5
618288,2026-04,2026-08,4,0,ADMINISTRATIVE_END_OF_PANEL,ONGOING_ACTIVE,2026-04,2026-08,2026-08,,,5
618289,2026-04,2026-08,4,0,ADMINISTRATIVE_END_OF_PANEL,ONGOING_ACTIVE,2026-04,2026-08,2026-08,,,5
618290,2026-04,2026-08,4,0,ADMINISTRATIVE_END_OF_PANEL,ONGOING_ACTIVE,2026-04,2026-08,2026-08,,,5
618291,2026-04,2026-08,4,0,ADMINISTRATIVE_END_OF_PANEL,ONGOING_ACTIVE,2026-04,2026-08,2026-08,,,5
618292,2026-04,2026-08,4,0,ADMINISTRATIVE_END_OF_PANEL,ONGOING_ACTIVE,2026-04,2026-08,2026-08,,,5
618293,2026-04,2026-08,4,0,ADMINISTRATIVE_END_OF_PANEL,ONGOING_ACTIVE,2026-04,2026-08,2026-08,,,5
618294,2026-04,2026-08,4,0,ADMINISTRATIVE_END_OF_PANEL,ONGOING_ACTIVE,2026-04,2026-08,2026-08,,,5
618295,2026-04,2026-08,4,0,ADMINISTRATIVE_END_OF_PANEL,ONGOING_ACTIVE,2026-04,2026-08,2026-08,,,5
618296,2026-04,2026-08,4,0,ADMINISTRATIVE_END_OF_PANEL,ONGOING_ACTIVE,2026-04,2026-08,2026-08,,,5
618297,2026-04,2026-08,4,0,ADMINISTRATIVE_END_OF_PANEL,ONGOING_ACTIVE,2026-04,2026-08,2026-08,,,5
618298,2026-04,2026-08,4,0,ADMINISTRATIVE_END_OF_PANEL,ONGOING_ACTIVE,2026-04,2026-08,2026-08,,,5
618299,2026-04,2026-08,4,0,ADMINISTRATIVE_END_OF_PANEL,ONGOING_ACTIVE,2026-04,2026-08,2026-08,,,5
618300,2026-04,2026-08,4,0,ADMINISTRATIVE_END_OF_PANEL,ONGOING_ACTIVE,2026-04,2026-08,2026-08,,,5
618301,2026-04,2026-08,4,0,ADMINISTRATIVE_END_OF_PANEL,ONGOING_ACTIVE,2026-04,2026-08,2026-08,,,5
618302,2026-04,2026-08,4,0,ADMINISTRATIVE_END_OF_PANEL,ONGOING_ACTIVE,2026-04,2026-08,2026-08,,,5
618303,2026-04,2026-08,4,0,ADMINISTRATIVE_END_OF_PANEL,ONGOING_ACTIVE,2026-04,2026-08,2026-08,,,5
618304,2026-04,2026-08,4,0,ADMINISTRATIVE_END_OF_PANEL,ONGOING_ACTIVE,2026-04,2026-08,2026-08,,,5
618305,2026-04,2026-08,4,0,ADMINISTRATIVE_END_OF_PANEL,ONGOING_ACTIVE,2026-04,2026-08,2026-08,,,5
618306,2026-04,2026-08,4,0,ADMINISTRATIVE_END_OF_PANEL,ONGOING_ACTIVE,2026-04,2026-08,2026-08,,,5
618307,2026-06,2026-08,2,0,ADMINISTRATIVE_END_OF_PANEL,ONGOING_ACTIVE,2026-06,2026-08,2026-08,,,3
618308,2026-04,2026-08,4,0,ADMINISTRATIVE_END_OF_PANEL,ONGOING_ACTIVE,2026-04,2026-08,2026-08,,,5
618309,2026-04,2026-08,4,0,ADMINISTRATIVE_END_OF_PANEL,ONGOING_ACTIVE,2026-04,2026-08,2026-08,,,5
618310,2026-04,2026-08,4,0,ADMINISTRATIVE_END_OF_PANEL,ONGOING_ACTIVE,2026-04,2026-08,2026-08,,,5
618311,2026-04,2026-08,4,0,ADMINISTRATIVE_END_OF_PANEL,ONGOING_ACTIVE,2026-04,2026-08,2026-08,,,5
618312,2026-04,2026-08,4,0,ADMINISTRATIVE_END_OF_PANEL,ONGOING_ACTIVE,2026-04,2026-08,2026-08,,,5
618313,2026-04,2026-08,4,0,ADMINISTRATIVE_END_OF_PANEL,ONGOING_ACTIVE,2026-04,2026-08,2026-08,,,5
618314,2026-04,2026-08,4,0,ADMINISTRATIVE_END_OF_PANEL,ONGOING_ACTIVE,2026-04,2026-08,2026-08,,,5
618315,2026-04,2026-08,4,0,ADMINISTRATIVE_END_OF_PANEL,ONGOING_ACTIVE,2026-04,2026-08,2026-08,,,5
618316,2026-04,2026-08,4,0,ADMINISTRATIVE_END_OF_PANEL,ONGOING_ACTIVE,2026-04,2026-08,2026-08,,,5
618317,2026-04,2026-08,4,0,ADMINISTRATIVE_END_OF_PANEL,ONGOING_ACTIVE,2026-04,2026-08,2026-08,,,5
618318,2026-04,2026-08,4,0,ADMINISTRATIVE_END_OF_PANEL,ONGOING_ACTIVE,2026-04,2026-08,2026-08,,,5
618319,2026-04,2026-08,4,0,ADMINISTRATIVE_END_OF_PANEL,ONGOING_ACTIVE,2026-04,2026-08,2026-08,,,5
618320,2026-04,2026-08,4,0,ADMINISTRATIVE_END_OF_PANEL,ONGOING_ACTIVE,2026-04,2026-08,2026-08,,,5
618321,2026-04,2026-08,4,0,ADMINISTRATIVE_END_OF_PANEL,ONGOING_ACTIVE,2026-04,2026-08,2026-08,,,5
618323,2026-04,2026-08,4,0,ADMINISTRATIVE_END_OF_PANEL,ONGOING_ACTIVE,2026-04,2026-08,2026-08,,,5
618324,2026-04,2026-08,4,0,ADMINISTRATIVE_END_OF_PANEL,ONGOING_ACTIVE,2026-04,2026-08,2026-08,,,5
618326,2026-04,2026-08,4,0,ADMINISTRATIVE_END_OF_PANEL,ONGOING_ACTIVE,2026-04,2026-08,2026-08,,,5
618328,2026-04,2026-08,4,0,ADMINISTRATIVE_END_OF_PANEL,ONGOING_ACTIVE,2026-04,2026-08,2026-08,,,5
618331,2026-04,2026-08,4,0,ADMINISTRATIVE_END_OF_PANEL,ONGOING_ACTIVE,2026-04,2026-08,2026-08,,,5
618333,2026-04,2026-08,4,0,ADMINISTRATIVE_END_OF_PANEL,ONGOING_ACTIVE,2026-04,2026-08,2026-08,,,5
618334,2026-04,2026-08,4,0,ADMINISTRATIVE_END_OF_PANEL,ONGOING_ACTIVE,2026-04,2026-08,2026-08,,,5
618335,2026-04,2026-08,4,0,ADMINISTRATIVE_END_OF_PANEL,ONGOING_ACTIVE,2026-04,2026-08,2026-08,,,5
618336,2026-04,2026-08,4,0,ADMINISTRATIVE_END_OF_PANEL,ONGOING_ACTIVE,2026-04,2026-08,2026-08,,,5
618338,2026-04,2026-08,4,0,ADMINISTRATIVE_END_OF_PANEL,ONGOING_ACTIVE,2026-04,2026-08,2026-08,,,5
618340,2026-04,2026-08,4,0,ADMINISTRATIVE_END_OF_PANEL,ONGOING_ACTIVE,2026-04,2026-08,2026-08,,,5
618344,2026-04,2026-08,4,0,ADMINISTRATIVE_END_OF_PANEL,ONGOING_ACTIVE,2026-04,2026-08,2026-08,,,5
618345,2026-04,2026-08,4,0,ADMINISTRATIVE_END_OF_PANEL,ONGOING_ACTIVE,2026-04,2026-08,2026-08,,,5
618346,2026-04,2026-08,4,0,ADMINISTRATIVE_END_OF_PANEL,ONGOING_ACTIVE,2026-04,2026-08,2026-08,,,5
618348,2026-04,2026-08,4,0,ADMINISTRATIVE_END_OF_PANEL,ONGOING_ACTIVE,2026-04,2026-08,2026-08,,,5
618349,2026-04,2026-08,4,0,ADMINISTRATIVE_END_OF_PANEL,ONGOING_ACTIVE,2026-04,2026-08,2026-08,,,5
618350,2026-04,2026-08,4,0,ADMINISTRATIVE_END_OF_PANEL,ONGOING_ACTIVE,2026-04,2026-08,2026-08,,,5
618351,2026-04,2026-08,4,0,ADMINISTRATIVE_END_OF_PANEL,ONGOING_ACTIVE,2026-04,2026-08,2026-08,,,5
618352,2026-04,2026-08,4,0,ADMINISTRATIVE_END_OF_PANEL,ONGOING_ACTIVE,2026-04,2026-08,2026-08,,,5
618353,2026-04,2026-08,4,0,ADMINISTRATIVE_END_OF_PANEL,ONGOING_ACTIVE,2026-04,2026-08,2026-08,,,5
618354,2026-04,2026-08,4,0,ADMINISTRATIVE_END_OF_PANEL,ONGOING_ACTIVE,2026-04,2026-08,2026-08,,,5
618355,2026-04,2026-08,4,0,ADMINISTRATIVE_END_OF_PANEL,ONGOING_ACTIVE,2026-04,2026-08,2026-08,,,5
618356,2026-04,2026-08,4,0,ADMINISTRATIVE_END_OF_PANEL,ONGOING_ACTIVE,2026-04,2026-08,2026-08,,,5
618357,2026-04,2026-08,4,0,ADMINISTRATIVE_END_OF_PANEL,ONGOING_ACTIVE,2026-04,2026-08,2026-08,,,5
618358,2026-04,2026-08,4,0,ADMINISTRATIVE_END_OF_PANEL,ONGOING_ACTIVE,2026-04,2026-08,2026-08,,,5
618362,2026-04,2026-08,4,0,ADMINISTRATIVE_END_OF_PANEL,ONGOING_ACTIVE,2026-04,2026-08,2026-08,,,5
618363,2026-04,2026-08,4,0,ADMINISTRATIVE_END_OF_PANEL,ONGOING_ACTIVE,2026-04,2026-08,2026-08,,,5
618364,2026-04,2026-08,4,0,ADMINISTRATIVE_END_OF_PANEL,ONGOING_ACTIVE,2026-04,2026-08,2026-08,,,5
618365,2026-04,2026-08,4,0,ADMINISTRATIVE_END_OF_PANEL,ONGOING_ACTIVE,2026-04,2026-08,2026-08,,,5
618366,2026-04,2026-08,4,0,ADMINISTRATIVE_END_OF_PANEL,ONGOING_ACTIVE,2026-04,2026-08,2026-08,,,5
618367,2026-04,2026-08,4,0,ADMINISTRATIVE_END_OF_PANEL,ONGOING_ACTIVE,2026-04,2026-08,2026-08,,,5
618368,2026-04,2026-08,4,0,ADMINISTRATIVE_END_OF_PANEL,ONGOING_ACTIVE,2026-04,2026-08,2026-08,,,5
618369,2026-04,2026-08,4,0,ADMINISTRATIVE_END_OF_PANEL,ONGOING_ACTIVE,2026-04,2026-08,2026-08,,,5
618370,2026-04,2026-08,4,0,ADMINISTRATIVE_END_OF_PANEL,ONGOING_ACTIVE,2026-04,2026-08,2026-08,,,5
618371,2026-04,2026-08,4,0,ADMINISTRATIVE_END_OF_PANEL,ONGOING_ACTIVE,2026-04,2026-08,2026-08,,,5
618373,2026-04,2026-08,4,0,ADMINISTRATIVE_END_OF_PANEL,ONGOING_ACTIVE,2026-04,2026-08,2026-08,,,5
618374,2026-04,2026-08,4,0,ADMINISTRATIVE_END_OF_PANEL,ONGOING_ACTIVE,2026-04,2026-08,2026-08,,,5
618375,2026-04,2026-08,4,0,ADMINISTRATIVE_END_OF_PANEL,ONGOING_ACTIVE,2026-04,2026-08,2026-08,,,5
618376,2026-04,2026-08,4,0,ADMINISTRATIVE_END_OF_PANEL,ONGOING_ACTIVE,2026-04,2026-08,2026-08,,,5
618377,2026-04,2026-08,4,0,ADMINISTRATIVE_END_OF_PANEL,ONGOING_ACTIVE,2026-04,2026-08,2026-08,,,5
618379,2026-04,2026-08,4,0,ADMINISTRATIVE_END_OF_PANEL,ONGOING_ACTIVE,2026-04,2026-08,2026-08,,,5
618380,2026-04,2026-07,3,1,,REPORTED_COMPLETED_EXPLICIT_DATE,2026-04,2026-08,2026-07,2026-07,True,5
618383,2026-04,2026-08,4,0,ADMINISTRATIVE_END_OF_PANEL,ONGOING_ACTIVE,2026-04,2026-08,2026-08,,,5
618385,2026-04,2026-08,4,0,ADMINISTRATIVE_END_OF_PANEL,ONGOING_ACTIVE,2026-04,2026-08,2026-08,,,5
618387,2026-04,2026-08,4,0,ADMINISTRATIVE_END_OF_PANEL,ONGOING_ACTIVE,2026-04,2026-08,2026-08,,,5
618388,2026-04,2026-08,4,0,ADMINISTRATIVE_END_OF_PANEL,ONGOING_ACTIVE,2026-04,2026-08,2026-08,,,5
618389,2026-04,2026-08,4,0,ADMINISTRATIVE_END_OF_PANEL,ONGOING_ACTIVE,2026-04,2026-08,2026-08,,,5
618390,2026-04,2026-08,4,0,ADMINISTRATIVE_END_OF_PANEL,ONGOING_ACTIVE,2026-04,2026-08,2026-08,,,5
618391,2026-04,2026-08,4,0,ADMINISTRATIVE_END_OF_PANEL,ONGOING_ACTIVE,2026-04,2026-08,2026-08,,,5
618392,2026-04,2026-08,4,0,ADMINISTRATIVE_END_OF_PANEL,ONGOING_ACTIVE,2026-04,2026-08,2026-08,,,5
618393,2026-04,2026-07,3,1,,REPORTED_COMPLETED_EXPLICIT_DATE,2026-04,2026-08,2026-07,2026-07,True,5
618394,2026-04,2026-08,4,0,ADMINISTRATIVE_END_OF_PANEL,ONGOING_ACTIVE,2026-04,2026-08,2026-08,,,5
618395,2026-04,2026-08,4,0,ADMINISTRATIVE_END_OF_PANEL,ONGOING_ACTIVE,2026-04,2026-08,2026-08,,,5
618397,2026-04,2026-08,4,0,ADMINISTRATIVE_END_OF_PANEL,ONGOING_ACTIVE,2026-04,2026-08,2026-08,,,5
618398,2026-04,2026-08,4,0,ADMINISTRATIVE_END_OF_PANEL,ONGOING_ACTIVE,2026-04,2026-08,2026-08,,,5
618399,2026-04,2026-08,4,0,ADMINISTRATIVE_END_OF_PANEL,ONGOING_ACTIVE,2026-04,2026-08,2026-08,,,5
618400,2026-04,2026-08,4,0,ADMINISTRATIVE_END_OF_PANEL,ONGOING_ACTIVE,2026-04,2026-08,2026-08,,,5
618401,2026-04,2026-08,4,0,ADMINISTRATIVE_END_OF_PANEL,ONGOING_ACTIVE,2026-04,2026-08,2026-08,,,5
618402,2026-04,2026-08,4,0,ADMINISTRATIVE_END_OF_PANEL,ONGOING_ACTIVE,2026-04,2026-08,2026-08,,,5
618403,2026-04,2026-08,4,0,ADMINISTRATIVE_END_OF_PANEL,ONGOING_ACTIVE,2026-04,2026-08,2026-08,,,5
618404,2026-04,2026-08,4,0,ADMINISTRATIVE_END_OF_PANEL,ONGOING_ACTIVE,2026-04,2026-08,2026-08,,,5
618405,2026-04,2026-08,4,0,ADMINISTRATIVE_END_OF_PANEL,ONGOING_ACTIVE,2026-04,2026-08,2026-08,,,5
618406,2026-04,2026-08,4,0,ADMINISTRATIVE_END_OF_PANEL,ONGOING_ACTIVE,2026-04,2026-08,2026-08,,,5
618407,2026-04,2026-08,4,0,ADMINISTRATIVE_END_OF_PANEL,ONGOING_ACTIVE,2026-04,2026-08,2026-08,,,5
618408,2026-04,2026-08,4,0,ADMINISTRATIVE_END_OF_PANEL,ONGOING_ACTIVE,2026-04,2026-08,2026-08,,,5
618409,2026-04,2026-08,4,0,ADMINISTRATIVE_END_OF_PANEL,ONGOING_ACTIVE,2026-04,2026-08,2026-08,,,5
618410,2026-04,2026-08,4,0,ADMINISTRATIVE_END_OF_PANEL,ONGOING_ACTIVE,2026-04,2026-08,2026-08,,,5
618411,2026-04,2026-08,4,0,ADMINISTRATIVE_END_OF_PANEL,ONGOING_ACTIVE,2026-04,2026-08,2026-08,,,5
618412,2026-04,2026-08,4,0,ADMINISTRATIVE_END_OF_PANEL,ONGOING_ACTIVE,2026-04,2026-08,2026-08,,,5
618413,2026-04,2026-08,4,0,ADMINISTRATIVE_END_OF_PANEL,ONGOING_ACTIVE,2026-04,2026-08,2026-08,,,5
618414,2026-04,2026-08,4,0,ADMINISTRATIVE_END_OF_PANEL,ONGOING_ACTIVE,2026-04,2026-08,2026-08,,,5
618415,2026-04,2026-08,4,0,ADMINISTRATIVE_END_OF_PANEL,ONGOING_ACTIVE,2026-04,2026-08,2026-08,,,5
618416,2026-04,2026-08,4,0,ADMINISTRATIVE_END_OF_PANEL,ONGOING_ACTIVE,2026-04,2026-08,2026-08,,,5
618417,2026-04,2026-08,4,0,ADMINISTRATIVE_END_OF_PANEL,ONGOING_ACTIVE,2026-04,2026-08,2026-08,,,5
618418,2026-04,2026-08,4,0,ADMINISTRATIVE_END_OF_PANEL,ONGOING_ACTIVE,2026-04,2026-08,2026-08,,,5
618419,2026-04,2026-08,4,0,ADMINISTRATIVE_END_OF_PANEL,ONGOING_ACTIVE,2026-04,2026-08,2026-08,,,5
618420,2026-04,2026-08,4,0,ADMINISTRATIVE_END_OF_PANEL,ONGOING_ACTIVE,2026-04,2026-08,2026-08,,,5
618421,2026-04,2026-08,4,0,ADMINISTRATIVE_END_OF_PANEL,ONGOING_ACTIVE,2026-04,2026-08,2026-08,,,5
618422,2026-04,2026-08,4,0,ADMINISTRATIVE_END_OF_PANEL,ONGOING_ACTIVE,2026-04,2026-08,2026-08,,,5
618423,2026-04,2026-08,4,0,ADMINISTRATIVE_END_OF_PANEL,ONGOING_ACTIVE,2026-04,2026-08,2026-08,,,5
618426,2026-04,2026-08,4,0,ADMINISTRATIVE_END_OF_PANEL,ONGOING_ACTIVE,2026-04,2026-08,2026-08,,,5
618427,2026-04,2026-08,4,0,ADMINISTRATIVE_END_OF_PANEL,ONGOING_ACTIVE,2026-04,2026-08,2026-08,,,5
618428,2026-04,2026-08,4,0,ADMINISTRATIVE_END_OF_PANEL,ONGOING_ACTIVE,2026-04,2026-08,2026-08,,,5
618429,2026-04,2026-08,4,0,ADMINISTRATIVE_END_OF_PANEL,ONGOING_ACTIVE,2026-04,2026-08,2026-08,,,5
618430,2026-04,2026-08,4,0,ADMINISTRATIVE_END_OF_PANEL,ONGOING_ACTIVE,2026-04,2026-08,2026-08,,,5
618431,2026-04,2026-08,4,0,ADMINISTRATIVE_END_OF_PANEL,ONGOING_ACTIVE,2026-04,2026-08,2026-08,,,5
618433,2026-04,2026-08,4,0,ADMINISTRATIVE_END_OF_PANEL,ONGOING_ACTIVE,2026-04,2026-08,2026-08,,,5
618434,2026-04,2026-08,4,0,ADMINISTRATIVE_END_OF_PANEL,ONGOING_ACTIVE,2026-04,2026-08,2026-08,,,5
618436,2026-04,2026-08,4,0,ADMINISTRATIVE_END_OF_PANEL,ONGOING_ACTIVE,2026-04,2026-08,2026-08,,,5
618437,2026-04,2026-08,4,0,ADMINISTRATIVE_END_OF_PANEL,ONGOING_ACTIVE,2026-04,2026-08,2026-08,,,5
618438,2026-04,2026-08,4,0,ADMINISTRATIVE_END_OF_PANEL,ONGOING_ACTIVE,2026-04,2026-08,2026-08,,,5
618440,2026-04,2026-08,4,0,ADMINISTRATIVE_END_OF_PANEL,ONGOING_ACTIVE,2026-04,2026-08,2026-08,,,5
618441,2026-04,2026-08,4,0,ADMINISTRATIVE_END_OF_PANEL,ONGOING_ACTIVE,2026-04,2026-08,2026-08,,,5
618442,2026-04,2026-08,4,0,ADMINISTRATIVE_END_OF_PANEL,ONGOING_ACTIVE,2026-04,2026-08,2026-08,,,5
618445,2026-04,2026-08,4,0,ADMINISTRATIVE_END_OF_PANEL,ONGOING_ACTIVE,2026-04,2026-08,2026-08,,,5
618446,2026-04,2026-08,4,0,ADMINISTRATIVE_END_OF_PANEL,ONGOING_ACTIVE,2026-04,2026-08,2026-08,,,5
618447,2026-04,2026-08,4,0,ADMINISTRATIVE_END_OF_PANEL,ONGOING_ACTIVE,2026-04,2026-08,2026-08,,,5
618448,2026-04,2026-08,4,0,ADMINISTRATIVE_END_OF_PANEL,ONGOING_ACTIVE,2026-04,2026-08,2026-08,,,5
618449,2026-04,2026-08,4,0,ADMINISTRATIVE_END_OF_PANEL,ONGOING_ACTIVE,2026-04,2026-08,2026-08,,,5
618450,2026-04,2026-08,4,0,ADMINISTRATIVE_END_OF_PANEL,ONGOING_ACTIVE,2026-04,2026-08,2026-08,,,5
618452,2026-04,2026-08,4,0,ADMINISTRATIVE_END_OF_PANEL,ONGOING_ACTIVE,2026-04,2026-08,2026-08,,,5
618457,2026-04,2026-08,4,0,ADMINISTRATIVE_END_OF_PANEL,ONGOING_ACTIVE,2026-04,2026-08,2026-08,,,5
618458,2026-04,2026-08,4,0,ADMINISTRATIVE_END_OF_PANEL,ONGOING_ACTIVE,2026-04,2026-08,2026-08,,,5
618459,2026-04,2026-08,4,0,ADMINISTRATIVE_END_OF_PANEL,ONGOING_ACTIVE,2026-04,2026-08,2026-08,,,5
618462,2026-04,2026-08,4,0,ADMINISTRATIVE_END_OF_PANEL,ONGOING_ACTIVE,2026-04,2026-08,2026-08,,,5
618463,2026-04,2026-08,4,0,ADMINISTRATIVE_END_OF_PANEL,ONGOING_ACTIVE,2026-04,2026-08,2026-08,,,5
618467,2026-04,2026-08,4,0,ADMINISTRATIVE_END_OF_PANEL,ONGOING_ACTIVE,2026-04,2026-08,2026-08,,,5
618469,2026-04,2026-08,4,0,ADMINISTRATIVE_END_OF_PANEL,ONGOING_ACTIVE,2026-04,2026-08,2026-08,,,5
618470,2026-04,2026-08,4,0,ADMINISTRATIVE_END_OF_PANEL,ONGOING_ACTIVE,2026-04,2026-08,2026-08,,,5
618471,2026-04,2026-08,4,0,ADMINISTRATIVE_END_OF_PANEL,ONGOING_ACTIVE,2026-04,2026-08,2026-08,,,5
618472,2026-04,2026-08,4,0,ADMINISTRATIVE_END_OF_PANEL,ONGOING_ACTIVE,2026-04,2026-08,2026-08,,,5
618473,2026-04,2026-08,4,0,ADMINISTRATIVE_END_OF_PANEL,ONGOING_ACTIVE,2026-04,2026-08,2026-08,,,5
618475,2026-04,2026-08,4,0,ADMINISTRATIVE_END_OF_PANEL,ONGOING_ACTIVE,2026-04,2026-08,2026-08,,,5
618476,2026-04,2026-08,4,0,ADMINISTRATIVE_END_OF_PANEL,ONGOING_ACTIVE,2026-04,2026-08,2026-08,,,5
618478,2026-04,2026-08,4,0,ADMINISTRATIVE_END_OF_PANEL,ONGOING_ACTIVE,2026-04,2026-08,2026-08,,,5
618479,2026-04,2026-08,4,0,ADMINISTRATIVE_END_OF_PANEL,ONGOING_ACTIVE,2026-04,2026-08,2026-08,,,5
618480,2026-04,2026-08,4,0,ADMINISTRATIVE_END_OF_PANEL,ONGOING_ACTIVE,2026-04,2026-08,2026-08,,,5
618481,2026-04,2026-08,4,0,ADMINISTRATIVE_END_OF_PANEL,ONGOING_ACTIVE,2026-04,2026-08,2026-08,,,5
618482,2026-04,2026-08,4,0,ADMINISTRATIVE_END_OF_PANEL,ONGOING_ACTIVE,2026-04,2026-08,2026-08,,,5
618483,2026-04,2026-08,4,0,ADMINISTRATIVE_END_OF_PANEL,ONGOING_ACTIVE,2026-04,2026-08,2026-08,,,5
618489,2026-04,2026-08,4,0,ADMINISTRATIVE_END_OF_PANEL,ONGOING_ACTIVE,2026-04,2026-08,2026-08,,,5
618492,2026-04,2026-08,4,0,ADMINISTRATIVE_END_OF_PANEL,ONGOING_ACTIVE,2026-04,2026-08,2026-08,,,5
618493,2026-04,2026-08,4,0,ADMINISTRATIVE_END_OF_PANEL,ONGOING_ACTIVE,2026-04,2026-08,2026-08,,,5
618494,2026-04,2026-08,4,0,ADMINISTRATIVE_END_OF_PANEL,ONGOING_ACTIVE,2026-04,2026-08,2026-08,,,5
618495,2026-04,2026-08,4,0,ADMINISTRATIVE_END_OF_PANEL,ONGOING_ACTIVE,2026-04,2026-08,2026-08,,,5
618496,2026-04,2026-08,4,0,ADMINISTRATIVE_END_OF_PANEL,ONGOING_ACTIVE,2026-04,2026-08,2026-08,,,5
618497,2026-04,2026-08,4,0,ADMINISTRATIVE_END_OF_PANEL,ONGOING_ACTIVE,2026-04,2026-08,2026-08,,,5
618499,2026-04,2026-08,4,0,ADMINISTRATIVE_END_OF_PANEL,ONGOING_ACTIVE,2026-04,2026-08,2026-08,,,5
618500,2026-04,2026-08,4,0,ADMINISTRATIVE_END_OF_PANEL,ONGOING_ACTIVE,2026-04,2026-08,2026-08,,,5
618506,2026-04,2026-08,4,0,ADMINISTRATIVE_END_OF_PANEL,ONGOING_ACTIVE,2026-04,2026-08,2026-08,,,5
618507,2026-04,2026-08,4,0,ADMINISTRATIVE_END_OF_PANEL,ONGOING_ACTIVE,2026-04,2026-08,2026-08,,,5
618508,2026-04,2026-08,4,0,ADMINISTRATIVE_END_OF_PANEL,ONGOING_ACTIVE,2026-04,2026-08,2026-08,,,5
618509,2026-04,2026-08,4,0,ADMINISTRATIVE_END_OF_PANEL,ONGOING_ACTIVE,2026-04,2026-08,2026-08,,,5
618511,2026-04,2026-08,4,0,ADMINISTRATIVE_END_OF_PANEL,ONGOING_ACTIVE,2026-04,2026-08,2026-08,,,5
618512,2026-04,2026-08,4,0,ADMINISTRATIVE_END_OF_PANEL,ONGOING_ACTIVE,2026-04,2026-08,2026-08,,,5
618513,2026-04,2026-08,4,0,ADMINISTRATIVE_END_OF_PANEL,ONGOING_ACTIVE,2026-04,2026-08,2026-08,,,5
618514,2026-04,2026-08,4,0,ADMINISTRATIVE_END_OF_PANEL,ONGOING_ACTIVE,2026-04,2026-08,2026-08,,,5
618517,2026-04,2026-08,4,0,ADMINISTRATIVE_END_OF_PANEL,ONGOING_ACTIVE,2026-04,2026-08,2026-08,,,5
618518,2026-04,2026-08,4,0,ADMINISTRATIVE_END_OF_PANEL,ONGOING_ACTIVE,2026-04,2026-08,2026-08,,,5
618520,2026-04,2026-08,4,0,ADMINISTRATIVE_END_OF_PANEL,ONGOING_ACTIVE,2026-04,2026-08,2026-08,,,5
618521,2026-04,2026-08,4,0,ADMINISTRATIVE_END_OF_PANEL,ONGOING_ACTIVE,2026-04,2026-08,2026-08,,,5
618522,2026-04,2026-08,4,0,ADMINISTRATIVE_END_OF_PANEL,ONGOING_ACTIVE,2026-04,2026-08,2026-08,,,5
618523,2026-04,2026-08,4,0,ADMINISTRATIVE_END_OF_PANEL,ONGOING_ACTIVE,2026-04,2026-08,2026-08,,,5
618524,2026-04,2026-08,4,0,ADMINISTRATIVE_END_OF_PANEL,ONGOING_ACTIVE,2026-04,2026-08,2026-08,,,5
618525,2026-04,2026-08,4,0,ADMINISTRATIVE_END_OF_PANEL,ONGOING_ACTIVE,2026-04,2026-08,2026-08,,,5
618529,2026-04,2026-08,4,0,ADMINISTRATIVE_END_OF_PANEL,ONGOING_ACTIVE,2026-04,2026-08,2026-08,,,5
618534,2026-05,2026-08,3,0,ADMINISTRATIVE_END_OF_PANEL,ONGOING_ACTIVE,2026-05,2026-08,2026-08,,,4
618535,2026-04,2026-08,4,0,ADMINISTRATIVE_END_OF_PANEL,ONGOING_ACTIVE,2026-04,2026-08,2026-08,,,5
618536,2026-04,2026-08,4,0,ADMINISTRATIVE_END_OF_PANEL,ONGOING_ACTIVE,2026-04,2026-08,2026-08,,,5
618537,2026-04,2026-08,4,0,ADMINISTRATIVE_END_OF_PANEL,ONGOING_ACTIVE,2026-04,2026-08,2026-08,,,5
618538,2026-04,2026-08,4,0,ADMINISTRATIVE_END_OF_PANEL,ONGOING_ACTIVE,2026-04,2026-08,2026-08,,,5
618539,2026-04,2026-08,4,0,ADMINISTRATIVE_END_OF_PANEL,ONGOING_ACTIVE,2026-04,2026-08,2026-08,,,5
618540,2026-04,2026-08,4,0,ADMINISTRATIVE_END_OF_PANEL,ONGOING_ACTIVE,2026-04,2026-08,2026-08,,,5
618541,2026-04,2026-08,4,0,ADMINISTRATIVE_END_OF_PANEL,ONGOING_ACTIVE,2026-04,2026-08,2026-08,,,5
618542,2026-05,2026-08,3,0,ADMINISTRATIVE_END_OF_PANEL,ONGOING_ACTIVE,2026-05,2026-08,2026-08,,,4
618543,2026-04,2026-08,4,0,ADMINISTRATIVE_END_OF_PANEL,ONGOING_ACTIVE,2026-04,2026-08,2026-08,,,5
618544,2026-04,2026-08,4,0,ADMINISTRATIVE_END_OF_PANEL,ONGOING_ACTIVE,2026-04,2026-08,2026-08,,,5
618545,2026-04,2026-08,4,0,ADMINISTRATIVE_END_OF_PANEL,ONGOING_ACTIVE,2026-04,2026-08,2026-08,,,5
618547,2026-04,2026-08,4,0,ADMINISTRATIVE_END_OF_PANEL,ONGOING_ACTIVE,2026-04,2026-08,2026-08,,,5
618549,2026-04,2026-08,4,0,ADMINISTRATIVE_END_OF_PANEL,ONGOING_ACTIVE,2026-04,2026-08,2026-08,,,5
618550,2026-04,2026-08,4,0,ADMINISTRATIVE_END_OF_PANEL,ONGOING_ACTIVE,2026-04,2026-08,2026-08,,,5
618551,2026-04,2026-08,4,0,ADMINISTRATIVE_END_OF_PANEL,ONGOING_ACTIVE,2026-04,2026-08,2026-08,,,5
618552,2026-04,2026-08,4,0,ADMINISTRATIVE_END_OF_PANEL,ONGOING_ACTIVE,2026-04,2026-08,2026-08,,,5
618554,2026-04,2026-08,4,0,ADMINISTRATIVE_END_OF_PANEL,ONGOING_ACTIVE,2026-04,2026-08,2026-08,,,5
618557,2026-04,2026-08,4,0,ADMINISTRATIVE_END_OF_PANEL,ONGOING_ACTIVE,2026-04,2026-08,2026-08,,,5
618561,2026-04,2026-08,4,0,ADMINISTRATIVE_END_OF_PANEL,ONGOING_ACTIVE,2026-04,2026-08,2026-08,,,5
618563,2026-04,2026-08,4,0,ADMINISTRATIVE_END_OF_PANEL,ONGOING_ACTIVE,2026-04,2026-08,2026-08,,,5
618564,2026-04,2026-08,4,0,ADMINISTRATIVE_END_OF_PANEL,ONGOING_ACTIVE,2026-04,2026-08,2026-08,,,5
618566,2026-04,2026-08,4,0,ADMINISTRATIVE_END_OF_PANEL,ONGOING_ACTIVE,2026-04,2026-08,2026-08,,,5
618567,2026-04,2026-08,4,0,ADMINISTRATIVE_END_OF_PANEL,ONGOING_ACTIVE,2026-04,2026-08,2026-08,,,5
618568,2026-04,2026-08,4,0,ADMINISTRATIVE_END_OF_PANEL,ONGOING_ACTIVE,2026-04,2026-08,2026-08,,,5
618571,2026-04,2026-08,4,0,ADMINISTRATIVE_END_OF_PANEL,ONGOING_ACTIVE,2026-04,2026-08,2026-08,,,5
618572,2026-04,2026-08,4,0,ADMINISTRATIVE_END_OF_PANEL,ONGOING_ACTIVE,2026-04,2026-08,2026-08,,,5
618574,2026-04,2026-08,4,0,ADMINISTRATIVE_END_OF_PANEL,ONGOING_ACTIVE,2026-04,2026-08,2026-08,,,5
618579,2026-04,2026-08,4,0,ADMINISTRATIVE_END_OF_PANEL,ONGOING_ACTIVE,2026-04,2026-08,2026-08,,,5
618580,2026-04,2026-08,4,0,ADMINISTRATIVE_END_OF_PANEL,ONGOING_ACTIVE,2026-04,2026-08,2026-08,,,5
618585,2026-04,2026-08,4,0,ADMINISTRATIVE_END_OF_PANEL,ONGOING_ACTIVE,2026-04,2026-08,2026-08,,,5
618586,2026-04,2026-08,4,0,ADMINISTRATIVE_END_OF_PANEL,ONGOING_ACTIVE,2026-04,2026-08,2026-08,,,5
618588,2026-04,2026-08,4,0,ADMINISTRATIVE_END_OF_PANEL,ONGOING_ACTIVE,2026-04,2026-08,2026-08,,,5
618589,2026-04,2026-08,4,0,ADMINISTRATIVE_END_OF_PANEL,ONGOING_ACTIVE,2026-04,2026-08,2026-08,,,5
618590,2026-04,2026-08,4,0,ADMINISTRATIVE_END_OF_PANEL,ONGOING_ACTIVE,2026-04,2026-08,2026-08,,,5
618591,2026-04,2026-08,4,0,ADMINISTRATIVE_END_OF_PANEL,ONGOING_ACTIVE,2026-04,2026-08,2026-08,,,5
618592,2026-04,2026-08,4,0,ADMINISTRATIVE_END_OF_PANEL,ONGOING_ACTIVE,2026-04,2026-08,2026-08,,,5
618593,2026-04,2026-08,4,0,ADMINISTRATIVE_END_OF_PANEL,ONGOING_ACTIVE,2026-04,2026-08,2026-08,,,5
618594,2026-04,2026-08,4,0,ADMINISTRATIVE_END_OF_PANEL,ONGOING_ACTIVE,2026-04,2026-08,2026-08,,,5
618595,2026-04,2026-08,4,0,ADMINISTRATIVE_END_OF_PANEL,ONGOING_ACTIVE,2026-04,2026-08,2026-08,,,5
618596,2026-04,2026-08,4,0,ADMINISTRATIVE_END_OF_PANEL,ONGOING_ACTIVE,2026-04,2026-08,2026-08,,,5
618597,2026-04,2026-08,4,0,ADMINISTRATIVE_END_OF_PANEL,ONGOING_ACTIVE,2026-04,2026-08,2026-08,,,5
618598,2026-04,2026-08,4,0,ADMINISTRATIVE_END_OF_PANEL,ONGOING_ACTIVE,2026-04,2026-08,2026-08,,,5
618599,2026-04,2026-08,4,0,ADMINISTRATIVE_END_OF_PANEL,ONGOING_ACTIVE,2026-04,2026-08,2026-08,,,5
618600,2026-04,2026-08,4,0,ADMINISTRATIVE_END_OF_PANEL,ONGOING_ACTIVE,2026-04,2026-08,2026-08,,,5
618601,2026-04,2026-08,4,0,ADMINISTRATIVE_END_OF_PANEL,ONGOING_ACTIVE,2026-04,2026-08,2026-08,,,5
618602,2026-04,2026-08,4,0,ADMINISTRATIVE_END_OF_PANEL,ONGOING_ACTIVE,2026-04,2026-08,2026-08,,,5
618603,2026-04,2026-08,4,0,ADMINISTRATIVE_END_OF_PANEL,ONGOING_ACTIVE,2026-04,2026-08,2026-08,,,5
618604,2026-04,2026-08,4,0,ADMINISTRATIVE_END_OF_PANEL,ONGOING_ACTIVE,2026-04,2026-08,2026-08,,,5
618605,2026-04,2026-08,4,0,ADMINISTRATIVE_END_OF_PANEL,ONGOING_ACTIVE,2026-04,2026-08,2026-08,,,5
618606,2026-04,2026-08,4,0,ADMINISTRATIVE_END_OF_PANEL,ONGOING_ACTIVE,2026-04,2026-08,2026-08,,,5
618607,2026-04,2026-08,4,0,ADMINISTRATIVE_END_OF_PANEL,ONGOING_ACTIVE,2026-04,2026-08,2026-08,,,5
618608,2026-04,2026-08,4,0,ADMINISTRATIVE_END_OF_PANEL,ONGOING_ACTIVE,2026-04,2026-08,2026-08,,,5
618609,2026-04,2026-08,4,0,ADMINISTRATIVE_END_OF_PANEL,ONGOING_ACTIVE,2026-04,2026-08,2026-08,,,5
618610,2026-04,2026-08,4,0,ADMINISTRATIVE_END_OF_PANEL,ONGOING_ACTIVE,2026-04,2026-08,2026-08,,,5
618611,2026-04,2026-08,4,0,ADMINISTRATIVE_END_OF_PANEL,ONGOING_ACTIVE,2026-04,2026-08,2026-08,,,5
618612,2026-04,2026-08,4,0,ADMINISTRATIVE_END_OF_PANEL,ONGOING_ACTIVE,2026-04,2026-08,2026-08,,,5
618613,2026-04,2026-08,4,0,ADMINISTRATIVE_END_OF_PANEL,ONGOING_ACTIVE,2026-04,2026-08,2026-08,,,5
618615,2026-04,2026-08,4,0,ADMINISTRATIVE_END_OF_PANEL,ONGOING_ACTIVE,2026-04,2026-08,2026-08,,,5
618616,2026-04,2026-08,4,0,ADMINISTRATIVE_END_OF_PANEL,ONGOING_ACTIVE,2026-04,2026-08,2026-08,,,5
618617,2026-04,2026-08,4,0,ADMINISTRATIVE_END_OF_PANEL,ONGOING_ACTIVE,2026-04,2026-08,2026-08,,,5
618618,2026-04,2026-08,4,0,ADMINISTRATIVE_END_OF_PANEL,ONGOING_ACTIVE,2026-04,2026-08,2026-08,,,5
618619,2026-04,2026-08,4,0,ADMINISTRATIVE_END_OF_PANEL,ONGOING_ACTIVE,2026-04,2026-08,2026-08,,,5
618620,2026-04,2026-08,4,0,ADMINISTRATIVE_END_OF_PANEL,ONGOING_ACTIVE,2026-04,2026-08,2026-08,,,5
618621,2026-04,2026-08,4,0,ADMINISTRATIVE_END_OF_PANEL,ONGOING_ACTIVE,2026-04,2026-08,2026-08,,,5
618622,2026-04,2026-08,4,0,ADMINISTRATIVE_END_OF_PANEL,ONGOING_ACTIVE,2026-04,2026-08,2026-08,,,5
618623,2026-04,2026-08,4,0,ADMINISTRATIVE_END_OF_PANEL,ONGOING_ACTIVE,2026-04,2026-08,2026-08,,,5
618626,2026-04,2026-08,4,0,ADMINISTRATIVE_END_OF_PANEL,ONGOING_ACTIVE,2026-04,2026-08,2026-08,,,5
618627,2026-04,2026-08,4,0,ADMINISTRATIVE_END_OF_PANEL,ONGOING_ACTIVE,2026-04,2026-08,2026-08,,,5
618628,2026-04,2026-08,4,0,ADMINISTRATIVE_END_OF_PANEL,ONGOING_ACTIVE,2026-04,2026-08,2026-08,,,5
618629,2026-04,2026-08,4,0,ADMINISTRATIVE_END_OF_PANEL,ONGOING_ACTIVE,2026-04,2026-08,2026-08,,,5
618630,2026-04,2026-08,4,0,ADMINISTRATIVE_END_OF_PANEL,ONGOING_ACTIVE,2026-04,2026-08,2026-08,,,5
618633,2026-04,2026-08,4,0,ADMINISTRATIVE_END_OF_PANEL,ONGOING_ACTIVE,2026-04,2026-08,2026-08,,,5
618635,2026-04,2026-08,4,0,ADMINISTRATIVE_END_OF_PANEL,ONGOING_ACTIVE,2026-04,2026-08,2026-08,,,5
618639,2026-04,2026-08,4,0,ADMINISTRATIVE_END_OF_PANEL,ONGOING_ACTIVE,2026-04,2026-08,2026-08,,,5
618640,2026-04,2026-08,4,0,ADMINISTRATIVE_END_OF_PANEL,ONGOING_ACTIVE,2026-04,2026-08,2026-08,,,5
618641,2026-04,2026-08,4,0,ADMINISTRATIVE_END_OF_PANEL,ONGOING_ACTIVE,2026-04,2026-08,2026-08,,,5
618642,2026-04,2026-08,4,0,ADMINISTRATIVE_END_OF_PANEL,ONGOING_ACTIVE,2026-04,2026-08,2026-08,,,5
618644,2026-04,2026-08,4,0,ADMINISTRATIVE_END_OF_PANEL,ONGOING_ACTIVE,2026-04,2026-08,2026-08,,,5
618645,2026-04,2026-08,4,0,ADMINISTRATIVE_END_OF_PANEL,ONGOING_ACTIVE,2026-04,2026-08,2026-08,,,5
618646,2026-05,2026-08,3,0,ADMINISTRATIVE_END_OF_PANEL,ONGOING_ACTIVE,2026-05,2026-08,2026-08,,,4
618647,2026-04,2026-08,4,0,ADMINISTRATIVE_END_OF_PANEL,ONGOING_ACTIVE,2026-04,2026-08,2026-08,,,5
618648,2026-06,2026-08,2,0,ADMINISTRATIVE_END_OF_PANEL,ONGOING_ACTIVE,2026-06,2026-08,2026-08,,,3
618649,2026-04,2026-08,4,0,ADMINISTRATIVE_END_OF_PANEL,ONGOING_ACTIVE,2026-04,2026-08,2026-08,,,5
618650,2026-04,2026-08,4,0,ADMINISTRATIVE_END_OF_PANEL,ONGOING_ACTIVE,2026-04,2026-08,2026-08,,,5
618651,2026-04,2026-08,4,0,ADMINISTRATIVE_END_OF_PANEL,ONGOING_ACTIVE,2026-04,2026-08,2026-08,,,5
618653,2026-04,2026-08,4,0,ADMINISTRATIVE_END_OF_PANEL,ONGOING_ACTIVE,2026-04,2026-08,2026-08,,,5
618654,2026-04,2026-08,4,0,ADMINISTRATIVE_END_OF_PANEL,ONGOING_ACTIVE,2026-04,2026-08,2026-08,,,5
618655,2026-04,2026-08,4,0,ADMINISTRATIVE_END_OF_PANEL,ONGOING_ACTIVE,2026-04,2026-08,2026-08,,,5
618661,2026-04,2026-08,4,0,ADMINISTRATIVE_END_OF_PANEL,ONGOING_ACTIVE,2026-04,2026-08,2026-08,,,5
618662,2026-04,2026-08,4,0,ADMINISTRATIVE_END_OF_PANEL,ONGOING_ACTIVE,2026-04,2026-08,2026-08,,,5
618663,2026-04,2026-08,4,0,ADMINISTRATIVE_END_OF_PANEL,ONGOING_ACTIVE,2026-04,2026-08,2026-08,,,5
618664,2026-04,2026-08,4,0,ADMINISTRATIVE_END_OF_PANEL,ONGOING_ACTIVE,2026-04,2026-08,2026-08,,,5
618666,2026-04,2026-08,4,0,ADMINISTRATIVE_END_OF_PANEL,ONGOING_ACTIVE,2026-04,2026-08,2026-08,,,5
618667,2026-04,2026-08,4,0,ADMINISTRATIVE_END_OF_PANEL,ONGOING_ACTIVE,2026-04,2026-08,2026-08,,,5
618669,2026-04,2026-08,4,0,ADMINISTRATIVE_END_OF_PANEL,ONGOING_ACTIVE,2026-04,2026-08,2026-08,,,5
618671,2026-04,2026-08,4,0,ADMINISTRATIVE_END_OF_PANEL,ONGOING_ACTIVE,2026-04,2026-08,2026-08,,,5
618672,2026-04,2026-08,4,0,ADMINISTRATIVE_END_OF_PANEL,ONGOING_ACTIVE,2026-04,2026-08,2026-08,,,5
618673,2026-04,2026-08,4,0,ADMINISTRATIVE_END_OF_PANEL,ONGOING_ACTIVE,2026-04,2026-08,2026-08,,,5
618674,2026-04,2026-08,4,0,ADMINISTRATIVE_END_OF_PANEL,ONGOING_ACTIVE,2026-04,2026-08,2026-08,,,5
618675,2026-04,2026-08,4,0,ADMINISTRATIVE_END_OF_PANEL,ONGOING_ACTIVE,2026-04,2026-08,2026-08,,,5
618677,2026-04,2026-08,4,0,ADMINISTRATIVE_END_OF_PANEL,ONGOING_ACTIVE,2026-04,2026-08,2026-08,,,5
618678,2026-04,2026-08,4,0,ADMINISTRATIVE_END_OF_PANEL,ONGOING_ACTIVE,2026-04,2026-08,2026-08,,,5
618682,2026-04,2026-08,4,0,ADMINISTRATIVE_END_OF_PANEL,ONGOING_ACTIVE,2026-04,2026-08,2026-08,,,5
618684,2026-04,2026-08,4,0,ADMINISTRATIVE_END_OF_PANEL,ONGOING_ACTIVE,2026-04,2026-08,2026-08,,,5
618685,2026-04,2026-08,4,0,ADMINISTRATIVE_END_OF_PANEL,ONGOING_ACTIVE,2026-04,2026-08,2026-08,,,5
618686,2026-04,2026-08,4,0,ADMINISTRATIVE_END_OF_PANEL,ONGOING_ACTIVE,2026-04,2026-08,2026-08,,,5
618687,2026-04,2026-08,4,0,ADMINISTRATIVE_END_OF_PANEL,ONGOING_ACTIVE,2026-04,2026-08,2026-08,,,5
618688,2026-04,2026-08,4,0,ADMINISTRATIVE_END_OF_PANEL,ONGOING_ACTIVE,2026-04,2026-08,2026-08,,,5
618690,2026-04,2026-08,4,0,ADMINISTRATIVE_END_OF_PANEL,ONGOING_ACTIVE,2026-04,2026-08,2026-08,,,5
618693,2026-04,2026-08,4,0,ADMINISTRATIVE_END_OF_PANEL,ONGOING_ACTIVE,2026-04,2026-08,2026-08,,,5
618694,2026-04,2026-08,4,0,ADMINISTRATIVE_END_OF_PANEL,ONGOING_ACTIVE,2026-04,2026-08,2026-08,,,5
618697,2026-04,2026-08,4,0,ADMINISTRATIVE_END_OF_PANEL,ONGOING_ACTIVE,2026-04,2026-08,2026-08,,,5
618700,2026-04,2026-08,4,0,ADMINISTRATIVE_END_OF_PANEL,ONGOING_ACTIVE,2026-04,2026-08,2026-08,,,5
618702,2026-04,2026-08,4,0,ADMINISTRATIVE_END_OF_PANEL,ONGOING_ACTIVE,2026-04,2026-08,2026-08,,,5
618704,2026-04,2026-08,4,0,ADMINISTRATIVE_END_OF_PANEL,ONGOING_ACTIVE,2026-04,2026-08,2026-08,,,5
618705,2026-04,2026-08,4,0,ADMINISTRATIVE_END_OF_PANEL,ONGOING_ACTIVE,2026-04,2026-08,2026-08,,,5
618706,2026-04,2026-08,4,0,ADMINISTRATIVE_END_OF_PANEL,ONGOING_ACTIVE,2026-04,2026-08,2026-08,,,5
618707,2026-04,2026-08,4,0,ADMINISTRATIVE_END_OF_PANEL,ONGOING_ACTIVE,2026-04,2026-08,2026-08,,,5
618708,2026-04,2026-08,4,0,ADMINISTRATIVE_END_OF_PANEL,ONGOING_ACTIVE,2026-04,2026-08,2026-08,,,5
618709,2026-04,2026-08,4,0,ADMINISTRATIVE_END_OF_PANEL,ONGOING_ACTIVE,2026-04,2026-08,2026-08,,,5
618710,2026-04,2026-08,4,0,ADMINISTRATIVE_END_OF_PANEL,ONGOING_ACTIVE,2026-04,2026-08,2026-08,,,5
618712,2026-04,2026-08,4,0,ADMINISTRATIVE_END_OF_PANEL,ONGOING_ACTIVE,2026-04,2026-08,2026-08,,,5
618713,2026-04,2026-08,4,0,ADMINISTRATIVE_END_OF_PANEL,ONGOING_ACTIVE,2026-04,2026-08,2026-08,,,5
618714,2026-04,2026-08,4,0,ADMINISTRATIVE_END_OF_PANEL,ONGOING_ACTIVE,2026-04,2026-08,2026-08,,,5
618715,2026-04,2026-08,4,0,ADMINISTRATIVE_END_OF_PANEL,ONGOING_ACTIVE,2026-04,2026-08,2026-08,,,5
618716,2026-04,2026-08,4,0,ADMINISTRATIVE_END_OF_PANEL,ONGOING_ACTIVE,2026-04,2026-08,2026-08,,,5
618717,2026-04,2026-08,4,0,ADMINISTRATIVE_END_OF_PANEL,ONGOING_ACTIVE,2026-04,2026-08,2026-08,,,5
618718,2026-04,2026-08,4,0,ADMINISTRATIVE_END_OF_PANEL,ONGOING_ACTIVE,2026-04,2026-08,2026-08,,,5
618719,2026-04,2026-08,4,0,ADMINISTRATIVE_END_OF_PANEL,ONGOING_ACTIVE,2026-04,2026-08,2026-08,,,5
618720,2026-04,2026-08,4,0,ADMINISTRATIVE_END_OF_PANEL,ONGOING_ACTIVE,2026-04,2026-08,2026-08,,,5
618721,2026-04,2026-08,4,0,ADMINISTRATIVE_END_OF_PANEL,ONGOING_ACTIVE,2026-04,2026-08,2026-08,,,5
618722,2026-04,2026-08,4,0,ADMINISTRATIVE_END_OF_PANEL,ONGOING_ACTIVE,2026-04,2026-08,2026-08,,,5
618725,2026-04,2026-08,4,0,ADMINISTRATIVE_END_OF_PANEL,ONGOING_ACTIVE,2026-04,2026-08,2026-08,,,5
618726,2026-04,2026-08,4,0,ADMINISTRATIVE_END_OF_PANEL,ONGOING_ACTIVE,2026-04,2026-08,2026-08,,,5
618727,2026-04,2026-08,4,0,ADMINISTRATIVE_END_OF_PANEL,ONGOING_ACTIVE,2026-04,2026-08,2026-08,,,5
618729,2026-06,2026-08,2,0,ADMINISTRATIVE_END_OF_PANEL,ONGOING_ACTIVE,2026-06,2026-08,2026-08,,,3
618730,2026-05,2026-08,3,0,ADMINISTRATIVE_END_OF_PANEL,ONGOING_ACTIVE,2026-05,2026-08,2026-08,,,4
618731,2026-07,2026-08,1,0,ADMINISTRATIVE_END_OF_PANEL,ONGOING_ACTIVE,2026-07,2026-08,2026-08,,,2
618733,2026-06,2026-08,2,0,ADMINISTRATIVE_END_OF_PANEL,ONGOING_ACTIVE,2026-06,2026-08,2026-08,,,3
618735,2026-04,2026-08,4,0,ADMINISTRATIVE_END_OF_PANEL,ONGOING_ACTIVE,2026-04,2026-08,2026-08,,,5
618736,2026-04,2026-08,4,0,ADMINISTRATIVE_END_OF_PANEL,ONGOING_ACTIVE,2026-04,2026-08,2026-08,,,5
618737,2026-04,2026-08,4,0,ADMINISTRATIVE_END_OF_PANEL,ONGOING_ACTIVE,2026-04,2026-08,2026-08,,,5
618738,2026-04,2026-08,4,0,ADMINISTRATIVE_END_OF_PANEL,ONGOING_ACTIVE,2026-04,2026-08,2026-08,,,5
618739,2026-04,2026-08,4,0,ADMINISTRATIVE_END_OF_PANEL,ONGOING_ACTIVE,2026-04,2026-08,2026-08,,,5
618740,2026-04,2026-08,4,0,ADMINISTRATIVE_END_OF_PANEL,ONGOING_ACTIVE,2026-04,2026-08,2026-08,,,5
618741,2026-04,2026-08,4,0,ADMINISTRATIVE_END_OF_PANEL,ONGOING_ACTIVE,2026-04,2026-08,2026-08,,,5
618742,2026-04,2026-08,4,0,ADMINISTRATIVE_END_OF_PANEL,ONGOING_ACTIVE,2026-04,2026-08,2026-08,,,5
618744,2026-04,2026-08,4,0,ADMINISTRATIVE_END_OF_PANEL,ONGOING_ACTIVE,2026-04,2026-08,2026-08,,,5
618746,2026-04,2026-08,4,0,ADMINISTRATIVE_END_OF_PANEL,ONGOING_ACTIVE,2026-04,2026-08,2026-08,,,5
618751,2026-04,2026-08,4,0,ADMINISTRATIVE_END_OF_PANEL,ONGOING_ACTIVE,2026-04,2026-08,2026-08,,,5
618754,2026-04,2026-08,4,0,ADMINISTRATIVE_END_OF_PANEL,ONGOING_ACTIVE,2026-04,2026-08,2026-08,,,5
618756,2026-04,2026-08,4,0,ADMINISTRATIVE_END_OF_PANEL,ONGOING_ACTIVE,2026-04,2026-08,2026-08,,,5
618757,2026-04,2026-08,4,0,ADMINISTRATIVE_END_OF_PANEL,ONGOING_ACTIVE,2026-04,2026-08,2026-08,,,5
618758,2026-04,2026-08,4,0,ADMINISTRATIVE_END_OF_PANEL,ONGOING_ACTIVE,2026-04,2026-08,2026-08,,,5
618759,2026-04,2026-08,4,0,ADMINISTRATIVE_END_OF_PANEL,ONGOING_ACTIVE,2026-04,2026-08,2026-08,,,5
618761,2026-04,2026-08,4,0,ADMINISTRATIVE_END_OF_PANEL,ONGOING_ACTIVE,2026-04,2026-08,2026-08,,,5
618762,2026-04,2026-08,4,0,ADMINISTRATIVE_END_OF_PANEL,ONGOING_ACTIVE,2026-04,2026-08,2026-08,,,5
618764,2026-04,2026-08,4,0,ADMINISTRATIVE_END_OF_PANEL,ONGOING_ACTIVE,2026-04,2026-08,2026-08,,,5
618765,2026-04,2026-08,4,0,ADMINISTRATIVE_END_OF_PANEL,ONGOING_ACTIVE,2026-04,2026-08,2026-08,,,5
618766,2026-04,2026-08,4,0,ADMINISTRATIVE_END_OF_PANEL,ONGOING_ACTIVE,2026-04,2026-08,2026-08,,,5
618768,2026-04,2026-08,4,0,ADMINISTRATIVE_END_OF_PANEL,ONGOING_ACTIVE,2026-04,2026-08,2026-08,,,5
618775,2026-04,2026-08,4,0,ADMINISTRATIVE_END_OF_PANEL,ONGOING_ACTIVE,2026-04,2026-08,2026-08,,,5
618776,2026-04,2026-08,4,0,ADMINISTRATIVE_END_OF_PANEL,ONGOING_ACTIVE,2026-04,2026-08,2026-08,,,5
618777,2026-04,2026-08,4,0,ADMINISTRATIVE_END_OF_PANEL,ONGOING_ACTIVE,2026-04,2026-08,2026-08,,,5
618778,2026-04,2026-08,4,0,ADMINISTRATIVE_END_OF_PANEL,ONGOING_ACTIVE,2026-04,2026-08,2026-08,,,5
618782,2026-04,2026-08,4,0,ADMINISTRATIVE_END_OF_PANEL,ONGOING_ACTIVE,2026-04,2026-08,2026-08,,,5
618784,2026-04,2026-08,4,0,ADMINISTRATIVE_END_OF_PANEL,ONGOING_ACTIVE,2026-04,2026-08,2026-08,,,5
618785,2026-04,2026-08,4,0,ADMINISTRATIVE_END_OF_PANEL,ONGOING_ACTIVE,2026-04,2026-08,2026-08,,,5
618786,2026-04,2026-08,4,0,ADMINISTRATIVE_END_OF_PANEL,ONGOING_ACTIVE,2026-04,2026-08,2026-08,,,5
618787,2026-04,2026-08,4,0,ADMINISTRATIVE_END_OF_PANEL,ONGOING_ACTIVE,2026-04,2026-08,2026-08,,,5
618788,2026-04,2026-08,4,0,ADMINISTRATIVE_END_OF_PANEL,ONGOING_ACTIVE,2026-04,2026-08,2026-08,,,5
618790,2026-04,2026-08,4,0,ADMINISTRATIVE_END_OF_PANEL,ONGOING_ACTIVE,2026-04,2026-08,2026-08,,,5
618791,2026-04,2026-08,4,0,ADMINISTRATIVE_END_OF_PANEL,ONGOING_ACTIVE,2026-04,2026-08,2026-08,,,5
618792,2026-04,2026-08,4,0,ADMINISTRATIVE_END_OF_PANEL,ONGOING_ACTIVE,2026-04,2026-08,2026-08,,,5
618793,2026-04,2026-08,4,0,ADMINISTRATIVE_END_OF_PANEL,ONGOING_ACTIVE,2026-04,2026-08,2026-08,,,5
618794,2026-04,2026-08,4,0,ADMINISTRATIVE_END_OF_PANEL,ONGOING_ACTIVE,2026-04,2026-08,2026-08,,,5
618795,2026-04,2026-08,4,0,ADMINISTRATIVE_END_OF_PANEL,ONGOING_ACTIVE,2026-04,2026-08,2026-08,,,5
618796,2026-04,2026-08,4,0,ADMINISTRATIVE_END_OF_PANEL,ONGOING_ACTIVE,2026-04,2026-08,2026-08,,,5
618797,2026-04,2026-08,4,0,ADMINISTRATIVE_END_OF_PANEL,ONGOING_ACTIVE,2026-04,2026-08,2026-08,,,5
618798,2026-04,2026-08,4,0,ADMINISTRATIVE_END_OF_PANEL,ONGOING_ACTIVE,2026-04,2026-08,2026-08,,,5
618799,2026-04,2026-08,4,0,ADMINISTRATIVE_END_OF_PANEL,ONGOING_ACTIVE,2026-04,2026-08,2026-08,,,5
618800,2026-04,2026-08,4,0,ADMINISTRATIVE_END_OF_PANEL,ONGOING_ACTIVE,2026-04,2026-08,2026-08,,,5
618801,2026-04,2026-08,4,0,ADMINISTRATIVE_END_OF_PANEL,ONGOING_ACTIVE,2026-04,2026-08,2026-08,,,5
618803,2026-04,2026-08,4,0,ADMINISTRATIVE_END_OF_PANEL,ONGOING_ACTIVE,2026-04,2026-08,2026-08,,,5
618804,2026-04,2026-08,4,0,ADMINISTRATIVE_END_OF_PANEL,ONGOING_ACTIVE,2026-04,2026-08,2026-08,,,5
618805,2026-04,2026-08,4,0,ADMINISTRATIVE_END_OF_PANEL,ONGOING_ACTIVE,2026-04,2026-08,2026-08,,,5
618806,2026-04,2026-08,4,0,ADMINISTRATIVE_END_OF_PANEL,ONGOING_ACTIVE,2026-04,2026-08,2026-08,,,5
618807,2026-04,2026-08,4,0,ADMINISTRATIVE_END_OF_PANEL,ONGOING_ACTIVE,2026-04,2026-08,2026-08,,,5
618808,2026-04,2026-08,4,0,ADMINISTRATIVE_END_OF_PANEL,ONGOING_ACTIVE,2026-04,2026-08,2026-08,,,5
618809,2026-04,2026-08,4,0,ADMINISTRATIVE_END_OF_PANEL,ONGOING_ACTIVE,2026-04,2026-08,2026-08,,,5
618810,2026-04,2026-08,4,0,ADMINISTRATIVE_END_OF_PANEL,ONGOING_ACTIVE,2026-04,2026-08,2026-08,,,5
618811,2026-04,2026-08,4,0,ADMINISTRATIVE_END_OF_PANEL,ONGOING_ACTIVE,2026-04,2026-08,2026-08,,,5
618812,2026-04,2026-08,4,0,ADMINISTRATIVE_END_OF_PANEL,ONGOING_ACTIVE,2026-04,2026-08,2026-08,,,5
618813,2026-04,2026-08,4,0,ADMINISTRATIVE_END_OF_PANEL,ONGOING_ACTIVE,2026-04,2026-08,2026-08,,,5
618814,2026-04,2026-08,4,0,ADMINISTRATIVE_END_OF_PANEL,ONGOING_ACTIVE,2026-04,2026-08,2026-08,,,4
618815,2026-04,2026-08,4,0,ADMINISTRATIVE_END_OF_PANEL,ONGOING_ACTIVE,2026-04,2026-08,2026-08,,,5
618816,2026-05,2026-08,3,0,ADMINISTRATIVE_END_OF_PANEL,ONGOING_ACTIVE,2026-05,2026-08,2026-08,,,4
618817,2026-04,2026-08,4,0,ADMINISTRATIVE_END_OF_PANEL,ONGOING_ACTIVE,2026-04,2026-08,2026-08,,,5
618820,2026-04,2026-08,4,0,ADMINISTRATIVE_END_OF_PANEL,ONGOING_ACTIVE,2026-04,2026-08,2026-08,,,5
618821,2026-04,2026-08,4,0,ADMINISTRATIVE_END_OF_PANEL,ONGOING_ACTIVE,2026-04,2026-08,2026-08,,,5
618822,2026-04,2026-08,4,0,ADMINISTRATIVE_END_OF_PANEL,ONGOING_ACTIVE,2026-04,2026-08,2026-08,,,5
618823,2026-04,2026-08,4,0,ADMINISTRATIVE_END_OF_PANEL,ONGOING_ACTIVE,2026-04,2026-08,2026-08,,,5
618824,2026-04,2026-08,4,0,ADMINISTRATIVE_END_OF_PANEL,ONGOING_ACTIVE,2026-04,2026-08,2026-08,,,5
618825,2026-04,2026-08,4,0,ADMINISTRATIVE_END_OF_PANEL,ONGOING_ACTIVE,2026-04,2026-08,2026-08,,,5
618826,2026-04,2026-08,4,0,ADMINISTRATIVE_END_OF_PANEL,ONGOING_ACTIVE,2026-04,2026-08,2026-08,,,5
618827,2026-04,2026-08,4,0,ADMINISTRATIVE_END_OF_PANEL,ONGOING_ACTIVE,2026-04,2026-08,2026-08,,,5
618830,2026-04,2026-08,4,0,ADMINISTRATIVE_END_OF_PANEL,ONGOING_ACTIVE,2026-04,2026-08,2026-08,,,5
618831,2026-04,2026-08,4,0,ADMINISTRATIVE_END_OF_PANEL,ONGOING_ACTIVE,2026-04,2026-08,2026-08,,,5
618832,2026-04,2026-08,4,0,ADMINISTRATIVE_END_OF_PANEL,ONGOING_ACTIVE,2026-04,2026-08,2026-08,,,5
618836,2026-04,2026-08,4,0,ADMINISTRATIVE_END_OF_PANEL,ONGOING_ACTIVE,2026-04,2026-08,2026-08,,,5
618837,2026-04,2026-08,4,0,ADMINISTRATIVE_END_OF_PANEL,ONGOING_ACTIVE,2026-04,2026-08,2026-08,,,5
618838,2026-04,2026-08,4,0,ADMINISTRATIVE_END_OF_PANEL,ONGOING_ACTIVE,2026-04,2026-08,2026-08,,,5
618840,2026-04,2026-08,4,0,ADMINISTRATIVE_END_OF_PANEL,ONGOING_ACTIVE,2026-04,2026-08,2026-08,,,5
618841,2026-04,2026-08,4,0,ADMINISTRATIVE_END_OF_PANEL,ONGOING_ACTIVE,2026-04,2026-08,2026-08,,,5
618842,2026-06,2026-08,2,0,ADMINISTRATIVE_END_OF_PANEL,ONGOING_ACTIVE,2026-06,2026-08,2026-08,,,3
618843,2026-04,2026-08,4,0,ADMINISTRATIVE_END_OF_PANEL,ONGOING_ACTIVE,2026-04,2026-08,2026-08,,,5
618846,2026-04,2026-08,4,0,ADMINISTRATIVE_END_OF_PANEL,ONGOING_ACTIVE,2026-04,2026-08,2026-08,,,5
618848,2026-04,2026-08,4,0,ADMINISTRATIVE_END_OF_PANEL,ONGOING_ACTIVE,2026-04,2026-08,2026-08,,,5
618850,2026-04,2026-08,4,0,ADMINISTRATIVE_END_OF_PANEL,ONGOING_ACTIVE,2026-04,2026-08,2026-08,,,5
618851,2026-04,2026-08,4,0,ADMINISTRATIVE_END_OF_PANEL,ONGOING_ACTIVE,2026-04,2026-08,2026-08,,,5
618852,2026-04,2026-08,4,0,ADMINISTRATIVE_END_OF_PANEL,ONGOING_ACTIVE,2026-04,2026-08,2026-08,,,5
618853,2026-04,2026-08,4,0,ADMINISTRATIVE_END_OF_PANEL,ONGOING_ACTIVE,2026-04,2026-08,2026-08,,,5
618856,2026-04,2026-08,4,0,ADMINISTRATIVE_END_OF_PANEL,ONGOING_ACTIVE,2026-04,2026-08,2026-08,,,5
618858,2026-04,2026-08,4,0,ADMINISTRATIVE_END_OF_PANEL,ONGOING_ACTIVE,2026-04,2026-08,2026-08,,,5
618859,2026-04,2026-08,4,0,ADMINISTRATIVE_END_OF_PANEL,ONGOING_ACTIVE,2026-04,2026-08,2026-08,,,5
618861,2026-04,2026-08,4,0,ADMINISTRATIVE_END_OF_PANEL,ONGOING_ACTIVE,2026-04,2026-08,2026-08,,,5
618862,2026-04,2026-08,4,0,ADMINISTRATIVE_END_OF_PANEL,ONGOING_ACTIVE,2026-04,2026-08,2026-08,,,5
618863,2026-04,2026-08,4,0,ADMINISTRATIVE_END_OF_PANEL,ONGOING_ACTIVE,2026-04,2026-08,2026-08,,,5
618866,2026-04,2026-08,4,0,ADMINISTRATIVE_END_OF_PANEL,ONGOING_ACTIVE,2026-04,2026-08,2026-08,,,5
618867,2026-04,2026-08,4,0,ADMINISTRATIVE_END_OF_PANEL,ONGOING_ACTIVE,2026-04,2026-08,2026-08,,,5
618868,2026-04,2026-08,4,0,ADMINISTRATIVE_END_OF_PANEL,ONGOING_ACTIVE,2026-04,2026-08,2026-08,,,5
618869,2026-04,2026-08,4,0,ADMINISTRATIVE_END_OF_PANEL,ONGOING_ACTIVE,2026-04,2026-08,2026-08,,,5
618870,2026-04,2026-08,4,0,ADMINISTRATIVE_END_OF_PANEL,ONGOING_ACTIVE,2026-04,2026-08,2026-08,,,5
618871,2026-04,2026-08,4,0,ADMINISTRATIVE_END_OF_PANEL,ONGOING_ACTIVE,2026-04,2026-08,2026-08,,,5
618872,2026-04,2026-08,4,0,ADMINISTRATIVE_END_OF_PANEL,ONGOING_ACTIVE,2026-04,2026-08,2026-08,,,5
618873,2026-04,2026-08,4,0,ADMINISTRATIVE_END_OF_PANEL,ONGOING_ACTIVE,2026-04,2026-08,2026-08,,,5
618875,2026-04,2026-08,4,0,ADMINISTRATIVE_END_OF_PANEL,ONGOING_ACTIVE,2026-04,2026-08,2026-08,,,5
618878,2026-04,2026-08,4,0,ADMINISTRATIVE_END_OF_PANEL,ONGOING_ACTIVE,2026-04,2026-08,2026-08,,,5
618879,2026-04,2026-08,4,0,ADMINISTRATIVE_END_OF_PANEL,ONGOING_ACTIVE,2026-04,2026-08,2026-08,,,5
618880,2026-04,2026-08,4,0,ADMINISTRATIVE_END_OF_PANEL,ONGOING_ACTIVE,2026-04,2026-08,2026-08,,,5
618881,2026-04,2026-08,4,0,ADMINISTRATIVE_END_OF_PANEL,ONGOING_ACTIVE,2026-04,2026-08,2026-08,,,5
618884,2026-04,2026-08,4,0,ADMINISTRATIVE_END_OF_PANEL,ONGOING_ACTIVE,2026-04,2026-08,2026-08,,,5
618885,2026-04,2026-08,4,0,ADMINISTRATIVE_END_OF_PANEL,ONGOING_ACTIVE,2026-04,2026-08,2026-08,,,5
618887,2026-04,2026-08,4,0,ADMINISTRATIVE_END_OF_PANEL,ONGOING_ACTIVE,2026-04,2026-08,2026-08,,,5
618888,2026-04,2026-08,4,0,ADMINISTRATIVE_END_OF_PANEL,ONGOING_ACTIVE,2026-04,2026-08,2026-08,,,5
618889,2026-04,2026-08,4,0,ADMINISTRATIVE_END_OF_PANEL,ONGOING_ACTIVE,2026-04,2026-08,2026-08,,,5
618890,2026-04,2026-08,4,0,ADMINISTRATIVE_END_OF_PANEL,ONGOING_ACTIVE,2026-04,2026-08,2026-08,,,5
618891,2026-04,2026-08,4,0,ADMINISTRATIVE_END_OF_PANEL,ONGOING_ACTIVE,2026-04,2026-08,2026-08,,,5
618892,2026-06,2026-08,2,0,ADMINISTRATIVE_END_OF_PANEL,ONGOING_ACTIVE,2026-06,2026-08,2026-08,,,3
618894,2026-04,2026-08,4,0,ADMINISTRATIVE_END_OF_PANEL,ONGOING_ACTIVE,2026-04,2026-08,2026-08,,,5
618895,2026-04,2026-08,4,0,ADMINISTRATIVE_END_OF_PANEL,ONGOING_ACTIVE,2026-04,2026-08,2026-08,,,5
618896,2026-04,2026-08,4,0,ADMINISTRATIVE_END_OF_PANEL,ONGOING_ACTIVE,2026-04,2026-08,2026-08,,,5
618898,2026-04,2026-08,4,0,ADMINISTRATIVE_END_OF_PANEL,ONGOING_ACTIVE,2026-04,2026-08,2026-08,,,5
618899,2026-04,2026-08,4,0,ADMINISTRATIVE_END_OF_PANEL,ONGOING_ACTIVE,2026-04,2026-08,2026-08,,,5
618901,2026-04,2026-08,4,0,ADMINISTRATIVE_END_OF_PANEL,ONGOING_ACTIVE,2026-04,2026-08,2026-08,,,5
618902,2026-04,2026-08,4,0,ADMINISTRATIVE_END_OF_PANEL,ONGOING_ACTIVE,2026-04,2026-08,2026-08,,,5
618903,2026-04,2026-08,4,0,ADMINISTRATIVE_END_OF_PANEL,ONGOING_ACTIVE,2026-04,2026-08,2026-08,,,5
618905,2026-04,2026-08,4,0,ADMINISTRATIVE_END_OF_PANEL,ONGOING_ACTIVE,2026-04,2026-08,2026-08,,,5
618906,2026-04,2026-08,4,0,ADMINISTRATIVE_END_OF_PANEL,ONGOING_ACTIVE,2026-04,2026-08,2026-08,,,5
618908,2026-04,2026-08,4,0,ADMINISTRATIVE_END_OF_PANEL,ONGOING_ACTIVE,2026-04,2026-08,2026-08,,,5
618911,2026-04,2026-08,4,0,ADMINISTRATIVE_END_OF_PANEL,ONGOING_ACTIVE,2026-04,2026-08,2026-08,,,5
618914,2026-04,2026-08,4,0,ADMINISTRATIVE_END_OF_PANEL,ONGOING_ACTIVE,2026-04,2026-08,2026-08,,,5
618917,2026-04,2026-08,4,0,ADMINISTRATIVE_END_OF_PANEL,ONGOING_ACTIVE,2026-04,2026-08,2026-08,,,5
618920,2026-04,2026-08,4,0,ADMINISTRATIVE_END_OF_PANEL,ONGOING_ACTIVE,2026-04,2026-08,2026-08,,,5
618921,2026-04,2026-08,4,0,ADMINISTRATIVE_END_OF_PANEL,ONGOING_ACTIVE,2026-04,2026-08,2026-08,,,5
618922,2026-04,2026-08,4,0,ADMINISTRATIVE_END_OF_PANEL,ONGOING_ACTIVE,2026-04,2026-08,2026-08,,,5
618923,2026-04,2026-08,4,0,ADMINISTRATIVE_END_OF_PANEL,ONGOING_ACTIVE,2026-04,2026-08,2026-08,,,5
618924,2026-04,2026-08,4,0,ADMINISTRATIVE_END_OF_PANEL,ONGOING_ACTIVE,2026-04,2026-08,2026-08,,,5
618925,2026-04,2026-08,4,0,ADMINISTRATIVE_END_OF_PANEL,ONGOING_ACTIVE,2026-04,2026-08,2026-08,,,5
618926,2026-04,2026-08,4,0,ADMINISTRATIVE_END_OF_PANEL,ONGOING_ACTIVE,2026-04,2026-08,2026-08,,,5
618927,2026-04,2026-08,4,0,ADMINISTRATIVE_END_OF_PANEL,ONGOING_ACTIVE,2026-04,2026-08,2026-08,,,5
618929,2026-04,2026-08,4,0,ADMINISTRATIVE_END_OF_PANEL,ONGOING_ACTIVE,2026-04,2026-08,2026-08,,,5
618930,2026-04,2026-08,4,0,ADMINISTRATIVE_END_OF_PANEL,ONGOING_ACTIVE,2026-04,2026-08,2026-08,,,5
618931,2026-04,2026-08,4,0,ADMINISTRATIVE_END_OF_PANEL,ONGOING_ACTIVE,2026-04,2026-08,2026-08,,,5
618932,2026-04,2026-08,4,0,ADMINISTRATIVE_END_OF_PANEL,ONGOING_ACTIVE,2026-04,2026-08,2026-08,,,5
618933,2026-04,2026-08,4,0,ADMINISTRATIVE_END_OF_PANEL,ONGOING_ACTIVE,2026-04,2026-08,2026-08,,,5
618934,2026-04,2026-08,4,0,ADMINISTRATIVE_END_OF_PANEL,ONGOING_ACTIVE,2026-04,2026-08,2026-08,,,5
618936,2026-04,2026-08,4,0,ADMINISTRATIVE_END_OF_PANEL,ONGOING_ACTIVE,2026-04,2026-08,2026-08,,,5
618937,2026-04,2026-08,4,0,ADMINISTRATIVE_END_OF_PANEL,ONGOING_ACTIVE,2026-04,2026-08,2026-08,,,5
618939,2026-04,2026-08,4,0,ADMINISTRATIVE_END_OF_PANEL,ONGOING_ACTIVE,2026-04,2026-08,2026-08,,,5
618944,2026-04,2026-08,4,0,ADMINISTRATIVE_END_OF_PANEL,ONGOING_ACTIVE,2026-04,2026-08,2026-08,,,5
618945,2026-04,2026-08,4,0,ADMINISTRATIVE_END_OF_PANEL,ONGOING_ACTIVE,2026-04,2026-08,2026-08,,,5
618947,2026-04,2026-08,4,0,ADMINISTRATIVE_END_OF_PANEL,ONGOING_ACTIVE,2026-04,2026-08,2026-08,,,5
618949,2026-04,2026-08,4,0,ADMINISTRATIVE_END_OF_PANEL,ONGOING_ACTIVE,2026-04,2026-08,2026-08,,,5
618950,2026-04,2026-08,4,0,ADMINISTRATIVE_END_OF_PANEL,ONGOING_ACTIVE,2026-04,2026-08,2026-08,,,5
618953,2026-04,2026-08,4,0,ADMINISTRATIVE_END_OF_PANEL,ONGOING_ACTIVE,2026-04,2026-08,2026-08,,,5
618954,2026-04,2026-08,4,0,ADMINISTRATIVE_END_OF_PANEL,ONGOING_ACTIVE,2026-04,2026-08,2026-08,,,5
618955,2026-04,2026-08,4,0,ADMINISTRATIVE_END_OF_PANEL,ONGOING_ACTIVE,2026-04,2026-08,2026-08,,,5
618956,2026-04,2026-08,4,0,ADMINISTRATIVE_END_OF_PANEL,ONGOING_ACTIVE,2026-04,2026-08,2026-08,,,5
618957,2026-04,2026-08,4,0,ADMINISTRATIVE_END_OF_PANEL,ONGOING_ACTIVE,2026-04,2026-08,2026-08,,,5
618958,2026-04,2026-08,4,0,ADMINISTRATIVE_END_OF_PANEL,ONGOING_ACTIVE,2026-04,2026-08,2026-08,,,5
618960,2026-04,2026-08,4,0,ADMINISTRATIVE_END_OF_PANEL,ONGOING_ACTIVE,2026-04,2026-08,2026-08,,,5
618961,2026-04,2026-08,4,0,ADMINISTRATIVE_END_OF_PANEL,ONGOING_ACTIVE,2026-04,2026-08,2026-08,,,5
618962,2026-04,2026-08,4,0,ADMINISTRATIVE_END_OF_PANEL,ONGOING_ACTIVE,2026-04,2026-08,2026-08,,,5
618963,2026-04,2026-08,4,0,ADMINISTRATIVE_END_OF_PANEL,ONGOING_ACTIVE,2026-04,2026-08,2026-08,,,5
618964,2026-04,2026-08,4,0,ADMINISTRATIVE_END_OF_PANEL,ONGOING_ACTIVE,2026-04,2026-08,2026-08,,,5
618966,2026-04,2026-08,4,0,ADMINISTRATIVE_END_OF_PANEL,ONGOING_ACTIVE,2026-04,2026-08,2026-08,,,5
618967,2026-04,2026-08,4,0,ADMINISTRATIVE_END_OF_PANEL,ONGOING_ACTIVE,2026-04,2026-08,2026-08,,,5
618968,2026-04,2026-08,4,0,ADMINISTRATIVE_END_OF_PANEL,ONGOING_ACTIVE,2026-04,2026-08,2026-08,,,5
618970,2026-04,2026-08,4,0,ADMINISTRATIVE_END_OF_PANEL,ONGOING_ACTIVE,2026-04,2026-08,2026-08,,,5
618971,2026-04,2026-08,4,0,ADMINISTRATIVE_END_OF_PANEL,ONGOING_ACTIVE,2026-04,2026-08,2026-08,,,5
618976,2026-04,2026-08,4,0,ADMINISTRATIVE_END_OF_PANEL,ONGOING_ACTIVE,2026-04,2026-08,2026-08,,,5
618977,2026-04,2026-08,4,0,ADMINISTRATIVE_END_OF_PANEL,ONGOING_ACTIVE,2026-04,2026-08,2026-08,,,5
618981,2026-04,2026-08,4,0,ADMINISTRATIVE_END_OF_PANEL,ONGOING_ACTIVE,2026-04,2026-08,2026-08,,,5
618982,2026-04,2026-08,4,0,ADMINISTRATIVE_END_OF_PANEL,ONGOING_ACTIVE,2026-04,2026-08,2026-08,,,5
618985,2026-04,2026-08,4,0,ADMINISTRATIVE_END_OF_PANEL,ONGOING_ACTIVE,2026-04,2026-08,2026-08,,,5
618991,2026-04,2026-08,4,0,ADMINISTRATIVE_END_OF_PANEL,ONGOING_ACTIVE,2026-04,2026-08,2026-08,,,5
618992,2026-04,2026-08,4,0,ADMINISTRATIVE_END_OF_PANEL,ONGOING_ACTIVE,2026-04,2026-08,2026-08,,,5
619003,2026-04,2026-08,4,0,ADMINISTRATIVE_END_OF_PANEL,ONGOING_ACTIVE,2026-04,2026-08,2026-08,,,5
619004,2026-04,2026-08,4,0,ADMINISTRATIVE_END_OF_PANEL,ONGOING_ACTIVE,2026-04,2026-08,2026-08,,,5
619005,2026-04,2026-08,4,0,ADMINISTRATIVE_END_OF_PANEL,ONGOING_ACTIVE,2026-04,2026-08,2026-08,,,5
619007,2026-04,2026-08,4,0,ADMINISTRATIVE_END_OF_PANEL,ONGOING_ACTIVE,2026-04,2026-08,2026-08,,,5
619008,2026-04,2026-08,4,0,ADMINISTRATIVE_END_OF_PANEL,ONGOING_ACTIVE,2026-04,2026-08,2026-08,,,5
619009,2026-04,2026-08,4,0,ADMINISTRATIVE_END_OF_PANEL,ONGOING_ACTIVE,2026-04,2026-08,2026-08,,,5
619010,2026-04,2026-08,4,0,ADMINISTRATIVE_END_OF_PANEL,ONGOING_ACTIVE,2026-04,2026-08,2026-08,,,5
619013,2026-04,2026-08,4,0,ADMINISTRATIVE_END_OF_PANEL,ONGOING_ACTIVE,2026-04,2026-08,2026-08,,,5
619014,2026-04,2026-08,4,0,ADMINISTRATIVE_END_OF_PANEL,ONGOING_ACTIVE,2026-04,2026-08,2026-08,,,5
619022,2026-04,2026-08,4,0,ADMINISTRATIVE_END_OF_PANEL,ONGOING_ACTIVE,2026-04,2026-08,2026-08,,,5
619024,2026-04,2026-08,4,0,ADMINISTRATIVE_END_OF_PANEL,ONGOING_ACTIVE,2026-04,2026-08,2026-08,,,5
619025,2026-04,2026-08,4,0,ADMINISTRATIVE_END_OF_PANEL,ONGOING_ACTIVE,2026-04,2026-08,2026-08,,,5
619026,2026-04,2026-08,4,0,ADMINISTRATIVE_END_OF_PANEL,ONGOING_ACTIVE,2026-04,2026-08,2026-08,,,5
619027,2026-04,2026-08,4,0,ADMINISTRATIVE_END_OF_PANEL,ONGOING_ACTIVE,2026-04,2026-08,2026-08,,,5
619028,2026-04,2026-08,4,0,ADMINISTRATIVE_END_OF_PANEL,ONGOING_ACTIVE,2026-04,2026-08,2026-08,,,5
619029,2026-04,2026-08,4,0,ADMINISTRATIVE_END_OF_PANEL,ONGOING_ACTIVE,2026-04,2026-08,2026-08,,,5
619031,2026-04,2026-08,4,0,ADMINISTRATIVE_END_OF_PANEL,ONGOING_ACTIVE,2026-04,2026-08,2026-08,,,5
619032,2026-04,2026-08,4,0,ADMINISTRATIVE_END_OF_PANEL,ONGOING_ACTIVE,2026-04,2026-08,2026-08,,,5
619033,2026-04,2026-08,4,0,ADMINISTRATIVE_END_OF_PANEL,ONGOING_ACTIVE,2026-04,2026-08,2026-08,,,5
619038,2026-04,2026-08,4,0,ADMINISTRATIVE_END_OF_PANEL,ONGOING_ACTIVE,2026-04,2026-08,2026-08,,,5
619039,2026-06,2026-08,2,0,ADMINISTRATIVE_END_OF_PANEL,ONGOING_ACTIVE,2026-06,2026-08,2026-08,,,3
619042,2026-04,2026-08,4,0,ADMINISTRATIVE_END_OF_PANEL,ONGOING_ACTIVE,2026-04,2026-08,2026-08,,,5
619043,2026-07,2026-08,1,0,ADMINISTRATIVE_END_OF_PANEL,ONGOING_ACTIVE,2026-07,2026-08,2026-08,,,2
619045,2026-04,2026-08,4,0,ADMINISTRATIVE_END_OF_PANEL,ONGOING_ACTIVE,2026-04,2026-08,2026-08,,,5
619046,2026-08,2026-08,0,0,ADMINISTRATIVE_END_OF_PANEL,ONGOING_ACTIVE,2026-08,2026-08,2026-08,,,1
619049,2026-04,2026-08,4,0,ADMINISTRATIVE_END_OF_PANEL,ONGOING_ACTIVE,2026-04,2026-08,2026-08,,,5
619051,2026-04,2026-08,4,0,ADMINISTRATIVE_END_OF_PANEL,ONGOING_ACTIVE,2026-04,2026-08,2026-08,,,5
619052,2026-04,2026-08,4,0,ADMINISTRATIVE_END_OF_PANEL,ONGOING_ACTIVE,2026-04,2026-08,2026-08,,,5
619053,2026-04,2026-08,4,0,ADMINISTRATIVE_END_OF_PANEL,ONGOING_ACTIVE,2026-04,2026-08,2026-08,,,5
619054,2026-04,2026-08,4,0,ADMINISTRATIVE_END_OF_PANEL,ONGOING_ACTIVE,2026-04,2026-08,2026-08,,,5
619055,2026-04,2026-08,4,0,ADMINISTRATIVE_END_OF_PANEL,ONGOING_ACTIVE,2026-04,2026-08,2026-08,,,5
619056,2026-04,2026-08,4,0,ADMINISTRATIVE_END_OF_PANEL,ONGOING_ACTIVE,2026-04,2026-08,2026-08,,,5
619057,2026-04,2026-08,4,0,ADMINISTRATIVE_END_OF_PANEL,ONGOING_ACTIVE,2026-04,2026-08,2026-08,,,5
619059,2026-04,2026-08,4,0,ADMINISTRATIVE_END_OF_PANEL,ONGOING_ACTIVE,2026-04,2026-08,2026-08,,,5
619060,2026-04,2026-08,4,0,ADMINISTRATIVE_END_OF_PANEL,ONGOING_ACTIVE,2026-04,2026-08,2026-08,,,5
619061,2026-05,2026-08,3,0,ADMINISTRATIVE_END_OF_PANEL,ONGOING_ACTIVE,2026-05,2026-08,2026-08,,,4
619065,2026-06,2026-08,2,0,ADMINISTRATIVE_END_OF_PANEL,ONGOING_ACTIVE,2026-06,2026-08,2026-08,,,3
619069,2026-04,2026-08,4,0,ADMINISTRATIVE_END_OF_PANEL,ONGOING_ACTIVE,2026-04,2026-08,2026-08,,,5
619071,2026-04,2026-08,4,0,ADMINISTRATIVE_END_OF_PANEL,ONGOING_ACTIVE,2026-04,2026-08,2026-08,,,5
619072,2026-04,2026-08,4,0,ADMINISTRATIVE_END_OF_PANEL,ONGOING_ACTIVE,2026-04,2026-08,2026-08,,,5
619073,2026-04,2026-08,4,0,ADMINISTRATIVE_END_OF_PANEL,ONGOING_ACTIVE,2026-04,2026-08,2026-08,,,5
619074,2026-04,2026-08,4,0,ADMINISTRATIVE_END_OF_PANEL,ONGOING_ACTIVE,2026-04,2026-08,2026-08,,,5
619076,2026-04,2026-08,4,0,ADMINISTRATIVE_END_OF_PANEL,ONGOING_ACTIVE,2026-04,2026-08,2026-08,,,5
619080,2026-04,2026-08,4,0,ADMINISTRATIVE_END_OF_PANEL,ONGOING_ACTIVE,2026-04,2026-08,2026-08,,,5
619086,2026-04,2026-08,4,0,ADMINISTRATIVE_END_OF_PANEL,ONGOING_ACTIVE,2026-04,2026-08,2026-08,,,5
619087,2026-04,2026-08,4,0,ADMINISTRATIVE_END_OF_PANEL,ONGOING_ACTIVE,2026-04,2026-08,2026-08,,,5
619089,2026-04,2026-08,4,0,ADMINISTRATIVE_END_OF_PANEL,ONGOING_ACTIVE,2026-04,2026-08,2026-08,,,5
619092,2026-04,2026-08,4,0,ADMINISTRATIVE_END_OF_PANEL,ONGOING_ACTIVE,2026-04,2026-08,2026-08,,,5
619094,2026-04,2026-08,4,0,ADMINISTRATIVE_END_OF_PANEL,ONGOING_ACTIVE,2026-04,2026-08,2026-08,,,5
619095,2026-04,2026-08,4,0,ADMINISTRATIVE_END_OF_PANEL,ONGOING_ACTIVE,2026-04,2026-08,2026-08,,,5
619096,2026-04,2026-08,4,0,ADMINISTRATIVE_END_OF_PANEL,ONGOING_ACTIVE,2026-04,2026-08,2026-08,,,5
619098,2026-04,2026-08,4,0,ADMINISTRATIVE_END_OF_PANEL,ONGOING_ACTIVE,2026-04,2026-08,2026-08,,,5
619099,2026-04,2026-08,4,0,ADMINISTRATIVE_END_OF_PANEL,ONGOING_ACTIVE,2026-04,2026-08,2026-08,,,5
619100,2026-04,2026-08,4,0,ADMINISTRATIVE_END_OF_PANEL,ONGOING_ACTIVE,2026-04,2026-08,2026-08,,,5
619102,2026-04,2026-08,4,0,ADMINISTRATIVE_END_OF_PANEL,ONGOING_ACTIVE,2026-04,2026-08,2026-08,,,5
619103,2026-04,2026-08,4,0,ADMINISTRATIVE_END_OF_PANEL,ONGOING_ACTIVE,2026-04,2026-08,2026-08,,,5
619105,2026-04,2026-08,4,0,ADMINISTRATIVE_END_OF_PANEL,ONGOING_ACTIVE,2026-04,2026-08,2026-08,,,5
619106,2026-04,2026-08,4,0,ADMINISTRATIVE_END_OF_PANEL,ONGOING_ACTIVE,2026-04,2026-08,2026-08,,,5
619107,2026-04,2026-08,4,0,ADMINISTRATIVE_END_OF_PANEL,ONGOING_ACTIVE,2026-04,2026-08,2026-08,,,5
619108,2026-04,2026-08,4,0,ADMINISTRATIVE_END_OF_PANEL,ONGOING_ACTIVE,2026-04,2026-08,2026-08,,,5
619109,2026-04,2026-08,4,0,ADMINISTRATIVE_END_OF_PANEL,ONGOING_ACTIVE,2026-04,2026-08,2026-08,,,5
619111,2026-04,2026-08,4,0,ADMINISTRATIVE_END_OF_PANEL,ONGOING_ACTIVE,2026-04,2026-08,2026-08,,,5
619112,2026-04,2026-08,4,0,ADMINISTRATIVE_END_OF_PANEL,ONGOING_ACTIVE,2026-04,2026-08,2026-08,,,5
619114,2026-04,2026-08,4,0,ADMINISTRATIVE_END_OF_PANEL,ONGOING_ACTIVE,2026-04,2026-08,2026-08,,,5
619117,2026-04,2026-08,4,0,ADMINISTRATIVE_END_OF_PANEL,ONGOING_ACTIVE,2026-04,2026-08,2026-08,,,5
619118,2026-04,2026-08,4,0,ADMINISTRATIVE_END_OF_PANEL,ONGOING_ACTIVE,2026-04,2026-08,2026-08,,,5
619119,2026-04,2026-08,4,0,ADMINISTRATIVE_END_OF_PANEL,ONGOING_ACTIVE,2026-04,2026-08,2026-08,,,5
619120,2026-04,2026-08,4,0,ADMINISTRATIVE_END_OF_PANEL,ONGOING_ACTIVE,2026-04,2026-08,2026-08,,,5
619123,2026-04,2026-08,4,0,ADMINISTRATIVE_END_OF_PANEL,ONGOING_ACTIVE,2026-04,2026-08,2026-08,,,5
619124,2026-04,2026-08,4,0,ADMINISTRATIVE_END_OF_PANEL,ONGOING_ACTIVE,2026-04,2026-08,2026-08,,,5
619125,2026-04,2026-08,4,0,ADMINISTRATIVE_END_OF_PANEL,ONGOING_ACTIVE,2026-04,2026-08,2026-08,,,5
619126,2026-04,2026-08,4,0,ADMINISTRATIVE_END_OF_PANEL,ONGOING_ACTIVE,2026-04,2026-08,2026-08,,,5
619127,2026-04,2026-08,4,0,ADMINISTRATIVE_END_OF_PANEL,ONGOING_ACTIVE,2026-04,2026-08,2026-08,,,5
619128,2026-04,2026-08,4,0,ADMINISTRATIVE_END_OF_PANEL,ONGOING_ACTIVE,2026-04,2026-08,2026-08,,,5
619129,2026-04,2026-08,4,0,ADMINISTRATIVE_END_OF_PANEL,ONGOING_ACTIVE,2026-04,2026-08,2026-08,,,5
619130,2026-04,2026-08,4,0,ADMINISTRATIVE_END_OF_PANEL,ONGOING_ACTIVE,2026-04,2026-08,2026-08,,,5
619131,2026-04,2026-08,4,0,ADMINISTRATIVE_END_OF_PANEL,ONGOING_ACTIVE,2026-04,2026-08,2026-08,,,5
619132,2026-04,2026-08,4,0,ADMINISTRATIVE_END_OF_PANEL,ONGOING_ACTIVE,2026-04,2026-08,2026-08,,,5
619136,2026-04,2026-08,4,0,ADMINISTRATIVE_END_OF_PANEL,ONGOING_ACTIVE,2026-04,2026-08,2026-08,,,5
619138,2026-04,2026-08,4,0,ADMINISTRATIVE_END_OF_PANEL,ONGOING_ACTIVE,2026-04,2026-08,2026-08,,,5
619139,2026-04,2026-08,4,0,ADMINISTRATIVE_END_OF_PANEL,ONGOING_ACTIVE,2026-04,2026-08,2026-08,,,5
619140,2026-04,2026-08,4,0,ADMINISTRATIVE_END_OF_PANEL,ONGOING_ACTIVE,2026-04,2026-08,2026-08,,,5
619141,2026-04,2026-08,4,0,ADMINISTRATIVE_END_OF_PANEL,ONGOING_ACTIVE,2026-04,2026-08,2026-08,,,5
619142,2026-04,2026-08,4,0,ADMINISTRATIVE_END_OF_PANEL,ONGOING_ACTIVE,2026-04,2026-08,2026-08,,,5
619145,2026-04,2026-08,4,0,ADMINISTRATIVE_END_OF_PANEL,ONGOING_ACTIVE,2026-04,2026-08,2026-08,,,5
619146,2026-04,2026-06,2,1,,REPORTED_COMPLETED_EXPLICIT_DATE,2026-04,2026-07,2026-06,2026-06,True,4
619149,2026-04,2026-08,4,0,ADMINISTRATIVE_END_OF_PANEL,ONGOING_ACTIVE,2026-04,2026-08,2026-08,,,5
619150,2026-04,2026-08,4,0,ADMINISTRATIVE_END_OF_PANEL,ONGOING_ACTIVE,2026-04,2026-08,2026-08,,,5
619152,2026-04,2026-08,4,0,ADMINISTRATIVE_END_OF_PANEL,ONGOING_ACTIVE,2026-04,2026-08,2026-08,,,5
619153,2026-04,2026-08,4,0,ADMINISTRATIVE_END_OF_PANEL,ONGOING_ACTIVE,2026-04,2026-08,2026-08,,,5
619155,2026-04,2026-08,4,0,ADMINISTRATIVE_END_OF_PANEL,ONGOING_ACTIVE,2026-04,2026-08,2026-08,,,5
619156,2026-05,2026-08,3,0,ADMINISTRATIVE_END_OF_PANEL,ONGOING_ACTIVE,2026-05,2026-08,2026-08,,,4
619158,2026-04,2026-08,4,0,ADMINISTRATIVE_END_OF_PANEL,ONGOING_ACTIVE,2026-04,2026-08,2026-08,,,5
619160,2026-04,2026-08,4,0,ADMINISTRATIVE_END_OF_PANEL,ONGOING_ACTIVE,2026-04,2026-08,2026-08,,,5
619161,2026-04,2026-08,4,0,ADMINISTRATIVE_END_OF_PANEL,ONGOING_ACTIVE,2026-04,2026-08,2026-08,,,5
619163,2026-04,2026-08,4,0,ADMINISTRATIVE_END_OF_PANEL,ONGOING_ACTIVE,2026-04,2026-08,2026-08,,,5
619164,2026-04,2026-08,4,0,ADMINISTRATIVE_END_OF_PANEL,ONGOING_ACTIVE,2026-04,2026-08,2026-08,,,5
619166,2026-04,2026-08,4,0,ADMINISTRATIVE_END_OF_PANEL,ONGOING_ACTIVE,2026-04,2026-08,2026-08,,,5
619167,2026-04,2026-08,4,0,ADMINISTRATIVE_END_OF_PANEL,ONGOING_ACTIVE,2026-04,2026-08,2026-08,,,5
619168,2026-04,2026-08,4,0,ADMINISTRATIVE_END_OF_PANEL,ONGOING_ACTIVE,2026-04,2026-08,2026-08,,,5
619171,2026-04,2026-08,4,0,ADMINISTRATIVE_END_OF_PANEL,ONGOING_ACTIVE,2026-04,2026-08,2026-08,,,5
619172,2026-04,2026-08,4,0,ADMINISTRATIVE_END_OF_PANEL,ONGOING_ACTIVE,2026-04,2026-08,2026-08,,,5
619181,2026-04,2026-08,4,0,ADMINISTRATIVE_END_OF_PANEL,ONGOING_ACTIVE,2026-04,2026-08,2026-08,,,5
619183,2026-04,2026-08,4,0,ADMINISTRATIVE_END_OF_PANEL,ONGOING_ACTIVE,2026-04,2026-08,2026-08,,,5
619184,2026-04,2026-08,4,0,ADMINISTRATIVE_END_OF_PANEL,ONGOING_ACTIVE,2026-04,2026-08,2026-08,,,5
619185,2026-04,2026-08,4,0,ADMINISTRATIVE_END_OF_PANEL,ONGOING_ACTIVE,2026-04,2026-08,2026-08,,,5
619186,2026-04,2026-08,4,0,ADMINISTRATIVE_END_OF_PANEL,ONGOING_ACTIVE,2026-04,2026-08,2026-08,,,5
619187,2026-04,2026-08,4,0,ADMINISTRATIVE_END_OF_PANEL,ONGOING_ACTIVE,2026-04,2026-08,2026-08,,,5
619191,2026-04,2026-08,4,0,ADMINISTRATIVE_END_OF_PANEL,ONGOING_ACTIVE,2026-04,2026-08,2026-08,,,5
619193,2026-04,2026-08,4,0,ADMINISTRATIVE_END_OF_PANEL,ONGOING_ACTIVE,2026-04,2026-08,2026-08,,,5
619194,2026-05,2026-08,3,0,ADMINISTRATIVE_END_OF_PANEL,ONGOING_ACTIVE,2026-05,2026-08,2026-08,,,4
619196,2026-04,2026-08,4,0,ADMINISTRATIVE_END_OF_PANEL,ONGOING_ACTIVE,2026-04,2026-08,2026-08,,,4
619197,2026-04,2026-08,4,0,ADMINISTRATIVE_END_OF_PANEL,ONGOING_ACTIVE,2026-04,2026-08,2026-08,,,5
619198,2026-04,2026-08,4,0,ADMINISTRATIVE_END_OF_PANEL,ONGOING_ACTIVE,2026-04,2026-08,2026-08,,,5
619200,2026-04,2026-08,4,0,ADMINISTRATIVE_END_OF_PANEL,ONGOING_ACTIVE,2026-04,2026-08,2026-08,,,5
619201,2026-04,2026-08,4,0,ADMINISTRATIVE_END_OF_PANEL,ONGOING_ACTIVE,2026-04,2026-08,2026-08,,,5
619202,2026-04,2026-08,4,0,ADMINISTRATIVE_END_OF_PANEL,ONGOING_ACTIVE,2026-04,2026-08,2026-08,,,5
619203,2026-04,2026-08,4,0,ADMINISTRATIVE_END_OF_PANEL,ONGOING_ACTIVE,2026-04,2026-08,2026-08,,,5
619204,2026-06,2026-08,2,0,ADMINISTRATIVE_END_OF_PANEL,ONGOING_ACTIVE,2026-06,2026-08,2026-08,,,3
619206,2026-04,2026-08,4,0,ADMINISTRATIVE_END_OF_PANEL,ONGOING_ACTIVE,2026-04,2026-08,2026-08,,,5
619207,2026-04,2026-08,4,0,ADMINISTRATIVE_END_OF_PANEL,ONGOING_ACTIVE,2026-04,2026-08,2026-08,,,5
619208,2026-04,2026-08,4,0,ADMINISTRATIVE_END_OF_PANEL,ONGOING_ACTIVE,2026-04,2026-08,2026-08,,,5
619210,2026-04,2026-08,4,0,ADMINISTRATIVE_END_OF_PANEL,ONGOING_ACTIVE,2026-04,2026-08,2026-08,,,5
619211,2026-04,2026-08,4,0,ADMINISTRATIVE_END_OF_PANEL,ONGOING_ACTIVE,2026-04,2026-08,2026-08,,,5
619213,2026-04,2026-08,4,0,ADMINISTRATIVE_END_OF_PANEL,ONGOING_ACTIVE,2026-04,2026-08,2026-08,,,5
619214,2026-04,2026-08,4,0,ADMINISTRATIVE_END_OF_PANEL,ONGOING_ACTIVE,2026-04,2026-08,2026-08,,,5
619215,2026-04,2026-08,4,0,ADMINISTRATIVE_END_OF_PANEL,ONGOING_ACTIVE,2026-04,2026-08,2026-08,,,5
619218,2026-04,2026-08,4,0,ADMINISTRATIVE_END_OF_PANEL,ONGOING_ACTIVE,2026-04,2026-08,2026-08,,,5
619219,2026-04,2026-08,4,0,ADMINISTRATIVE_END_OF_PANEL,ONGOING_ACTIVE,2026-04,2026-08,2026-08,,,5
619220,2026-04,2026-08,4,0,ADMINISTRATIVE_END_OF_PANEL,ONGOING_ACTIVE,2026-04,2026-08,2026-08,,,5
619221,2026-07,2026-08,1,0,ADMINISTRATIVE_END_OF_PANEL,ONGOING_ACTIVE,2026-07,2026-08,2026-08,,,2
619222,2026-04,2026-08,4,0,ADMINISTRATIVE_END_OF_PANEL,ONGOING_ACTIVE,2026-04,2026-08,2026-08,,,5
619223,2026-04,2026-08,4,0,ADMINISTRATIVE_END_OF_PANEL,ONGOING_ACTIVE,2026-04,2026-08,2026-08,,,5
619224,2026-04,2026-08,4,0,ADMINISTRATIVE_END_OF_PANEL,ONGOING_ACTIVE,2026-04,2026-08,2026-08,,,5
619225,2026-04,2026-08,4,0,ADMINISTRATIVE_END_OF_PANEL,ONGOING_ACTIVE,2026-04,2026-08,2026-08,,,5
619226,2026-04,2026-08,4,0,ADMINISTRATIVE_END_OF_PANEL,ONGOING_ACTIVE,2026-04,2026-08,2026-08,,,5
619227,2026-04,2026-08,4,0,ADMINISTRATIVE_END_OF_PANEL,ONGOING_ACTIVE,2026-04,2026-08,2026-08,,,5
619228,2026-04,2026-08,4,0,ADMINISTRATIVE_END_OF_PANEL,ONGOING_ACTIVE,2026-04,2026-08,2026-08,,,5
619248,2026-06,2026-08,2,0,ADMINISTRATIVE_END_OF_PANEL,ONGOING_ACTIVE,2026-06,2026-08,2026-08,,,3
619251,2026-04,2026-08,4,0,ADMINISTRATIVE_END_OF_PANEL,ONGOING_ACTIVE,2026-04,2026-08,2026-08,,,5
619253,2026-04,2026-08,4,0,ADMINISTRATIVE_END_OF_PANEL,ONGOING_ACTIVE,2026-04,2026-08,2026-08,,,5
619256,2026-08,2026-08,0,0,ADMINISTRATIVE_END_OF_PANEL,ONGOING_ACTIVE,2026-08,2026-08,2026-08,,,1
619257,2026-08,2026-08,0,0,ADMINISTRATIVE_END_OF_PANEL,ONGOING_ACTIVE,2026-08,2026-08,2026-08,,,1
619263,2026-08,2026-08,0,0,ADMINISTRATIVE_END_OF_PANEL,ONGOING_ACTIVE,2026-08,2026-08,2026-08,,,1
619265,2026-07,2026-08,1,0,ADMINISTRATIVE_END_OF_PANEL,ONGOING_ACTIVE,2026-07,2026-08,2026-08,,,2
619266,2026-08,2026-08,0,0,ADMINISTRATIVE_END_OF_PANEL,ONGOING_ACTIVE,2026-08,2026-08,2026-08,,,1
619267,2026-08,2026-08,0,0,ADMINISTRATIVE_END_OF_PANEL,ONGOING_ACTIVE,2026-08,2026-08,2026-08,,,1
619270,2026-06,2026-08,2,0,ADMINISTRATIVE_END_OF_PANEL,ONGOING_ACTIVE,2026-06,2026-08,2026-08,,,3
619271,2026-06,2026-08,2,0,ADMINISTRATIVE_END_OF_PANEL,ONGOING_ACTIVE,2026-06,2026-08,2026-08,,,3
619273,2026-08,2026-08,0,0,ADMINISTRATIVE_END_OF_PANEL,ONGOING_ACTIVE,2026-08,2026-08,2026-08,,,1
619276,2026-08,2026-08,0,0,ADMINISTRATIVE_END_OF_PANEL,ONGOING_ACTIVE,2026-08,2026-08,2026-08,,,1
619289,2026-04,2026-08,4,0,ADMINISTRATIVE_END_OF_PANEL,ONGOING_ACTIVE,2026-04,2026-08,2026-08,,,5
619292,2026-04,2026-08,4,0,ADMINISTRATIVE_END_OF_PANEL,ONGOING_ACTIVE,2026-04,2026-08,2026-08,,,5
619293,2026-04,2026-08,4,0,ADMINISTRATIVE_END_OF_PANEL,ONGOING_ACTIVE,2026-04,2026-08,2026-08,,,5
619294,2026-04,2026-08,4,0,ADMINISTRATIVE_END_OF_PANEL,ONGOING_ACTIVE,2026-04,2026-08,2026-08,,,5
619295,2026-04,2026-08,4,0,ADMINISTRATIVE_END_OF_PANEL,ONGOING_ACTIVE,2026-04,2026-08,2026-08,,,5
619297,2026-07,2026-08,1,0,ADMINISTRATIVE_END_OF_PANEL,ONGOING_ACTIVE,2026-07,2026-08,2026-08,,,2
619298,2026-06,2026-08,2,0,ADMINISTRATIVE_END_OF_PANEL,ONGOING_ACTIVE,2026-06,2026-08,2026-08,,,3
619299,2026-06,2026-08,2,0,ADMINISTRATIVE_END_OF_PANEL,ONGOING_ACTIVE,2026-06,2026-08,2026-08,,,3
619300,2026-06,2026-08,2,0,ADMINISTRATIVE_END_OF_PANEL,ONGOING_ACTIVE,2026-06,2026-08,2026-08,,,3
619301,2026-04,2026-08,4,0,ADMINISTRATIVE_END_OF_PANEL,ONGOING_ACTIVE,2026-04,2026-08,2026-08,,,5
619304,2026-08,2026-08,0,0,ADMINISTRATIVE_END_OF_PANEL,ONGOING_ACTIVE,2026-08,2026-08,2026-08,,,1
619305,2026-04,2026-08,4,0,ADMINISTRATIVE_END_OF_PANEL,ONGOING_ACTIVE,2026-04,2026-08,2026-08,,,5
619306,2026-04,2026-08,4,0,ADMINISTRATIVE_END_OF_PANEL,ONGOING_ACTIVE,2026-04,2026-08,2026-08,,,5
619308,2026-04,2026-08,4,0,ADMINISTRATIVE_END_OF_PANEL,ONGOING_ACTIVE,2026-04,2026-08,2026-08,,,5
619311,2026-04,2026-08,4,0,ADMINISTRATIVE_END_OF_PANEL,ONGOING_ACTIVE,2026-04,2026-08,2026-08,,,5
619312,2026-04,2026-08,4,0,ADMINISTRATIVE_END_OF_PANEL,ONGOING_ACTIVE,2026-04,2026-08,2026-08,,,5
619313,2026-04,2026-08,4,0,ADMINISTRATIVE_END_OF_PANEL,ONGOING_ACTIVE,2026-04,2026-08,2026-08,,,5
619314,2026-04,2026-08,4,0,ADMINISTRATIVE_END_OF_PANEL,ONGOING_ACTIVE,2026-04,2026-08,2026-08,,,5
619316,2026-04,2026-08,4,0,ADMINISTRATIVE_END_OF_PANEL,ONGOING_ACTIVE,2026-04,2026-08,2026-08,,,5
619317,2026-04,2026-08,4,0,ADMINISTRATIVE_END_OF_PANEL,ONGOING_ACTIVE,2026-04,2026-08,2026-08,,,5
619318,2026-04,2026-08,4,0,ADMINISTRATIVE_END_OF_PANEL,ONGOING_ACTIVE,2026-04,2026-08,2026-08,,,5
619321,2026-05,2026-08,3,0,ADMINISTRATIVE_END_OF_PANEL,ONGOING_ACTIVE,2026-05,2026-08,2026-08,,,4
619328,2026-05,2026-08,3,0,ADMINISTRATIVE_END_OF_PANEL,ONGOING_ACTIVE,2026-05,2026-08,2026-08,,,4
619341,2026-05,2026-08,3,0,ADMINISTRATIVE_END_OF_PANEL,ONGOING_ACTIVE,2026-05,2026-08,2026-08,,,4
619347,2026-06,2026-08,2,0,ADMINISTRATIVE_END_OF_PANEL,ONGOING_ACTIVE,2026-06,2026-08,2026-08,,,3
635651,2026-07,2026-08,1,0,ADMINISTRATIVE_END_OF_PANEL,ONGOING_ACTIVE,2026-07,2026-08,2026-08,,,2
658240,2026-08,2026-08,0,0,ADMINISTRATIVE_END_OF_PANEL,ONGOING_ACTIVE,2026-08,2026-08,2026-08,,,1
660056,2026-07,2026-08,1,0,ADMINISTRATIVE_END_OF_PANEL,ONGOING_ACTIVE,2026-07,2026-08,2026-08,,,2
665021,2026-07,2026-08,1,0,ADMINISTRATIVE_END_OF_PANEL,ONGOING_ACTIVE,2026-07,2026-08,2026-08,,,2
684624,2026-08,2026-08,0,0,ADMINISTRATIVE_END_OF_PANEL,ONGOING_ACTIVE,2026-08,2026-08,2026-08,,,1
687613,2026-08,2026-08,0,0,ADMINISTRATIVE_END_OF_PANEL,ONGOING_ACTIVE,2026-08,2026-08,2026-08,,,1
691992,2026-08,2026-08,0,0,ADMINISTRATIVE_END_OF_PANEL,ONGOING_ACTIVE,2026-08,2026-08,2026-08,,,1
701101,2026-04,2026-08,4,0,ADMINISTRATIVE_END_OF_PANEL,ONGOING_ACTIVE,2026-04,2026-08,2026-08,,,5
701107,2026-04,2026-08,4,0,ADMINISTRATIVE_END_OF_PANEL,ONGOING_ACTIVE,2026-04,2026-08,2026-08,,,5
701113,2026-04,2026-08,4,0,ADMINISTRATIVE_END_OF_PANEL,ONGOING_ACTIVE,2026-04,2026-08,2026-08,,,5
701121,2026-04,2026-08,4,0,ADMINISTRATIVE_END_OF_PANEL,ONGOING_ACTIVE,2026-04,2026-08,2026-08,,,5
701122,2026-04,2026-08,4,0,ADMINISTRATIVE_END_OF_PANEL,ONGOING_ACTIVE,2026-04,2026-08,2026-08,,,5
701126,2026-04,2026-08,4,0,ADMINISTRATIVE_END_OF_PANEL,ONGOING_ACTIVE,2026-04,2026-08,2026-08,,,5
701127,2026-04,2026-08,4,0,ADMINISTRATIVE_END_OF_PANEL,ONGOING_ACTIVE,2026-04,2026-08,2026-08,,,5
701128,2026-04,2026-08,4,0,ADMINISTRATIVE_END_OF_PANEL,ONGOING_ACTIVE,2026-04,2026-08,2026-08,,,5
701167,2026-04,2026-08,4,0,ADMINISTRATIVE_END_OF_PANEL,ONGOING_ACTIVE,2026-04,2026-08,2026-08,,,5
701168,2026-04,2026-08,4,0,ADMINISTRATIVE_END_OF_PANEL,ONGOING_ACTIVE,2026-04,2026-08,2026-08,,,5
701170,2026-04,2026-08,4,0,ADMINISTRATIVE_END_OF_PANEL,ONGOING_ACTIVE,2026-04,2026-08,2026-08,,,5
701171,2026-04,2026-08,4,0,ADMINISTRATIVE_END_OF_PANEL,ONGOING_ACTIVE,2026-04,2026-08,2026-08,,,5
701172,2026-04,2026-08,4,0,ADMINISTRATIVE_END_OF_PANEL,ONGOING_ACTIVE,2026-04,2026-08,2026-08,,,5
701173,2026-04,2026-08,4,0,ADMINISTRATIVE_END_OF_PANEL,ONGOING_ACTIVE,2026-04,2026-08,2026-08,,,5
701228,2026-07,2026-08,1,0,ADMINISTRATIVE_END_OF_PANEL,ONGOING_ACTIVE,2026-07,2026-08,2026-08,,,2
701289,2026-04,2026-08,4,0,ADMINISTRATIVE_END_OF_PANEL,ONGOING_ACTIVE,2026-04,2026-08,2026-08,,,5
701324,2026-04,2026-08,4,0,ADMINISTRATIVE_END_OF_PANEL,ONGOING_ACTIVE,2026-04,2026-08,2026-08,,,5
701329,2026-04,2026-08,4,0,ADMINISTRATIVE_END_OF_PANEL,ONGOING_ACTIVE,2026-04,2026-08,2026-08,,,5
701330,2026-04,2026-08,4,0,ADMINISTRATIVE_END_OF_PANEL,ONGOING_ACTIVE,2026-04,2026-08,2026-08,,,5
701338,2026-07,2026-08,1,0,ADMINISTRATIVE_END_OF_PANEL,ONGOING_ACTIVE,2026-07,2026-08,2026-08,,,2
701344,2026-07,2026-08,1,0,ADMINISTRATIVE_END_OF_PANEL,ONGOING_ACTIVE,2026-07,2026-08,2026-08,,,2
701346,2026-04,2026-08,4,0,ADMINISTRATIVE_END_OF_PANEL,ONGOING_ACTIVE,2026-04,2026-08,2026-08,,,5
701349,2026-07,2026-08,1,0,ADMINISTRATIVE_END_OF_PANEL,ONGOING_ACTIVE,2026-07,2026-08,2026-08,,,2
701370,2026-04,2026-08,4,0,ADMINISTRATIVE_END_OF_PANEL,ONGOING_ACTIVE,2026-04,2026-08,2026-08,,,5
701372,2026-04,2026-08,4,0,ADMINISTRATIVE_END_OF_PANEL,ONGOING_ACTIVE,2026-04,2026-08,2026-08,,,5
701376,2026-04,2026-08,4,0,ADMINISTRATIVE_END_OF_PANEL,ONGOING_ACTIVE,2026-04,2026-08,2026-08,,,5
701377,2026-04,2026-08,4,0,ADMINISTRATIVE_END_OF_PANEL,ONGOING_ACTIVE,2026-04,2026-08,2026-08,,,5
701383,2026-04,2026-08,4,0,ADMINISTRATIVE_END_OF_PANEL,ONGOING_ACTIVE,2026-04,2026-08,2026-08,,,5
701386,2026-04,2026-08,4,0,ADMINISTRATIVE_END_OF_PANEL,ONGOING_ACTIVE,2026-04,2026-08,2026-08,,,5
701391,2026-04,2026-08,4,0,ADMINISTRATIVE_END_OF_PANEL,ONGOING_ACTIVE,2026-04,2026-08,2026-08,,,5
701396,2026-04,2026-08,4,0,ADMINISTRATIVE_END_OF_PANEL,ONGOING_ACTIVE,2026-04,2026-08,2026-08,,,5
701398,2026-04,2026-08,4,0,ADMINISTRATIVE_END_OF_PANEL,ONGOING_ACTIVE,2026-04,2026-08,2026-08,,,5
701399,2026-04,2026-08,4,0,ADMINISTRATIVE_END_OF_PANEL,ONGOING_ACTIVE,2026-04,2026-08,2026-08,,,5
701400,2026-04,2026-08,4,0,ADMINISTRATIVE_END_OF_PANEL,ONGOING_ACTIVE,2026-04,2026-08,2026-08,,,5
701402,2026-04,2026-08,4,0,ADMINISTRATIVE_END_OF_PANEL,ONGOING_ACTIVE,2026-04,2026-08,2026-08,,,5
701404,2026-04,2026-08,4,0,ADMINISTRATIVE_END_OF_PANEL,ONGOING_ACTIVE,2026-04,2026-08,2026-08,,,5
701405,2026-04,2026-08,4,0,ADMINISTRATIVE_END_OF_PANEL,ONGOING_ACTIVE,2026-04,2026-08,2026-08,,,5
701406,2026-04,2026-06,2,1,,REPORTED_COMPLETED_EXPLICIT_DATE,2026-04,2026-07,2026-06,2026-06,True,4
701408,2026-04,2026-08,4,0,ADMINISTRATIVE_END_OF_PANEL,ONGOING_ACTIVE,2026-04,2026-08,2026-08,,,5
701410,2026-04,2026-08,4,0,ADMINISTRATIVE_END_OF_PANEL,ONGOING_ACTIVE,2026-04,2026-08,2026-08,,,5
701411,2026-04,2026-08,4,0,ADMINISTRATIVE_END_OF_PANEL,ONGOING_ACTIVE,2026-04,2026-08,2026-08,,,5
701415,2026-04,2026-08,4,0,ADMINISTRATIVE_END_OF_PANEL,ONGOING_ACTIVE,2026-04,2026-08,2026-08,,,5
701570,2026-04,2026-08,4,0,ADMINISTRATIVE_END_OF_PANEL,ONGOING_ACTIVE,2026-04,2026-08,2026-08,,,5
701574,2026-04,2026-08,4,0,ADMINISTRATIVE_END_OF_PANEL,ONGOING_ACTIVE,2026-04,2026-08,2026-08,,,5
701593,2026-04,2026-08,4,0,ADMINISTRATIVE_END_OF_PANEL,ONGOING_ACTIVE,2026-04,2026-08,2026-08,,,5
701598,2026-04,2026-08,4,0,ADMINISTRATIVE_END_OF_PANEL,ONGOING_ACTIVE,2026-04,2026-08,2026-08,,,5
701599,2026-04,2026-08,4,0,ADMINISTRATIVE_END_OF_PANEL,ONGOING_ACTIVE,2026-04,2026-08,2026-08,,,5
701602,2026-04,2026-08,4,0,ADMINISTRATIVE_END_OF_PANEL,ONGOING_ACTIVE,2026-04,2026-08,2026-08,,,5
701657,2026-04,2026-08,4,0,ADMINISTRATIVE_END_OF_PANEL,ONGOING_ACTIVE,2026-04,2026-08,2026-08,,,5
701658,2026-04,2026-08,4,0,ADMINISTRATIVE_END_OF_PANEL,ONGOING_ACTIVE,2026-04,2026-08,2026-08,,,5
701661,2026-07,2026-08,1,0,ADMINISTRATIVE_END_OF_PANEL,ONGOING_ACTIVE,2026-07,2026-08,2026-08,,,2
701662,2026-07,2026-08,1,0,ADMINISTRATIVE_END_OF_PANEL,ONGOING_ACTIVE,2026-07,2026-08,2026-08,,,2
701668,2026-04,2026-08,4,0,ADMINISTRATIVE_END_OF_PANEL,ONGOING_ACTIVE,2026-04,2026-08,2026-08,,,5
701719,2026-04,2026-08,4,0,ADMINISTRATIVE_END_OF_PANEL,ONGOING_ACTIVE,2026-04,2026-08,2026-08,,,5
701745,2026-04,2026-08,4,0,ADMINISTRATIVE_END_OF_PANEL,ONGOING_ACTIVE,2026-04,2026-08,2026-08,,,5
701766,2026-04,2026-08,4,0,ADMINISTRATIVE_END_OF_PANEL,ONGOING_ACTIVE,2026-04,2026-08,2026-08,,,5
701991,2026-04,2026-08,4,0,ADMINISTRATIVE_END_OF_PANEL,ONGOING_ACTIVE,2026-04,2026-08,2026-08,,,5
702625,2026-04,2026-08,4,0,ADMINISTRATIVE_END_OF_PANEL,ONGOING_ACTIVE,2026-04,2026-08,2026-08,,,5
702626,2026-04,2026-08,4,0,ADMINISTRATIVE_END_OF_PANEL,ONGOING_ACTIVE,2026-04,2026-08,2026-08,,,5
702627,2026-04,2026-08,4,0,ADMINISTRATIVE_END_OF_PANEL,ONGOING_ACTIVE,2026-04,2026-08,2026-08,,,5
702628,2026-04,2026-08,4,0,ADMINISTRATIVE_END_OF_PANEL,ONGOING_ACTIVE,2026-04,2026-08,2026-08,,,5
702629,2026-04,2026-08,4,0,ADMINISTRATIVE_END_OF_PANEL,ONGOING_ACTIVE,2026-04,2026-08,2026-08,,,5
702630,2026-04,2026-08,4,0,ADMINISTRATIVE_END_OF_PANEL,ONGOING_ACTIVE,2026-04,2026-08,2026-08,,,5
702632,2026-04,2026-08,4,0,ADMINISTRATIVE_END_OF_PANEL,ONGOING_ACTIVE,2026-04,2026-08,2026-08,,,5
702635,2026-04,2026-08,4,0,ADMINISTRATIVE_END_OF_PANEL,ONGOING_ACTIVE,2026-04,2026-08,2026-08,,,5
702639,2026-04,2026-05,1,1,,REPORTED_COMPLETED_EXPLICIT_DATE,2026-04,2026-05,2026-04,2026-05,True,2
702658,2026-04,2026-08,4,0,ADMINISTRATIVE_END_OF_PANEL,ONGOING_ACTIVE,2026-04,2026-08,2026-08,,,5
702664,2026-04,2026-08,4,0,ADMINISTRATIVE_END_OF_PANEL,ONGOING_ACTIVE,2026-04,2026-08,2026-08,,,5
702665,2026-04,2026-08,4,0,ADMINISTRATIVE_END_OF_PANEL,ONGOING_ACTIVE,2026-04,2026-08,2026-08,,,5
702668,2026-04,2026-08,4,0,ADMINISTRATIVE_END_OF_PANEL,ONGOING_ACTIVE,2026-04,2026-08,2026-08,,,5
702674,2026-04,2026-08,4,0,ADMINISTRATIVE_END_OF_PANEL,ONGOING_ACTIVE,2026-04,2026-08,2026-08,,,5
702699,2026-04,2026-08,4,0,ADMINISTRATIVE_END_OF_PANEL,ONGOING_ACTIVE,2026-04,2026-08,2026-08,,,5
702734,2026-04,2026-08,4,0,ADMINISTRATIVE_END_OF_PANEL,ONGOING_ACTIVE,2026-04,2026-08,2026-08,,,5
702741,2026-04,2026-08,4,0,ADMINISTRATIVE_END_OF_PANEL,ONGOING_ACTIVE,2026-04,2026-08,2026-08,,,5
702742,2026-04,2026-08,4,0,ADMINISTRATIVE_END_OF_PANEL,ONGOING_ACTIVE,2026-04,2026-08,2026-08,,,5
702746,2026-04,2026-08,4,0,ADMINISTRATIVE_END_OF_PANEL,ONGOING_ACTIVE,2026-04,2026-08,2026-08,,,5
702760,2026-04,2026-08,4,0,ADMINISTRATIVE_END_OF_PANEL,ONGOING_ACTIVE,2026-04,2026-08,2026-08,,,5
702793,2026-04,2026-08,4,0,ADMINISTRATIVE_END_OF_PANEL,ONGOING_ACTIVE,2026-04,2026-08,2026-08,,,5
702808,2026-04,2026-08,4,0,ADMINISTRATIVE_END_OF_PANEL,ONGOING_ACTIVE,2026-04,2026-08,2026-08,,,5
702810,2026-04,2026-08,4,0,ADMINISTRATIVE_END_OF_PANEL,ONGOING_ACTIVE,2026-04,2026-08,2026-08,,,5
702833,2026-04,2026-08,4,0,ADMINISTRATIVE_END_OF_PANEL,ONGOING_ACTIVE,2026-04,2026-08,2026-08,,,5
702851,2026-04,2026-07,3,1,,REPORTED_COMPLETED_EXPLICIT_DATE,2026-04,2026-07,2026-06,2026-07,True,4
702949,2026-04,2026-08,4,0,ADMINISTRATIVE_END_OF_PANEL,ONGOING_ACTIVE,2026-04,2026-08,2026-08,,,5
702958,2026-04,2026-08,4,0,ADMINISTRATIVE_END_OF_PANEL,ONGOING_ACTIVE,2026-04,2026-08,2026-08,,,5
703021,2026-04,2026-08,4,0,ADMINISTRATIVE_END_OF_PANEL,ONGOING_ACTIVE,2026-04,2026-08,2026-08,,,5
703057,2026-04,2026-08,4,0,ADMINISTRATIVE_END_OF_PANEL,ONGOING_ACTIVE,2026-04,2026-08,2026-08,,,5
705356,2026-04,2026-08,4,0,ADMINISTRATIVE_END_OF_PANEL,ONGOING_ACTIVE,2026-04,2026-08,2026-08,,,5
705357,2026-04,2026-08,4,0,ADMINISTRATIVE_END_OF_PANEL,ONGOING_ACTIVE,2026-04,2026-08,2026-08,,,5
705358,2026-04,2026-08,4,0,ADMINISTRATIVE_END_OF_PANEL,ONGOING_ACTIVE,2026-04,2026-08,2026-08,,,5
705359,2026-04,2026-08,4,0,ADMINISTRATIVE_END_OF_PANEL,ONGOING_ACTIVE,2026-04,2026-08,2026-08,,,5
705366,2026-04,2026-08,4,0,ADMINISTRATIVE_END_OF_PANEL,ONGOING_ACTIVE,2026-04,2026-08,2026-08,,,5
705368,2026-04,2026-08,4,0,ADMINISTRATIVE_END_OF_PANEL,ONGOING_ACTIVE,2026-04,2026-08,2026-08,,,5
705373,2026-04,2026-08,4,0,ADMINISTRATIVE_END_OF_PANEL,ONGOING_ACTIVE,2026-04,2026-08,2026-08,,,5
705391,2026-04,2026-08,4,0,ADMINISTRATIVE_END_OF_PANEL,ONGOING_ACTIVE,2026-04,2026-08,2026-08,,,5
705419,2026-07,2026-08,1,0,ADMINISTRATIVE_END_OF_PANEL,ONGOING_ACTIVE,2026-07,2026-08,2026-08,,,2
705458,2026-04,2026-08,4,0,ADMINISTRATIVE_END_OF_PANEL,ONGOING_ACTIVE,2026-04,2026-08,2026-08,,,5
705479,2026-04,2026-08,4,0,ADMINISTRATIVE_END_OF_PANEL,ONGOING_ACTIVE,2026-04,2026-08,2026-08,,,5
705489,2026-04,2026-08,4,0,ADMINISTRATIVE_END_OF_PANEL,ONGOING_ACTIVE,2026-04,2026-08,2026-08,,,4
705490,2026-04,2026-08,4,0,ADMINISTRATIVE_END_OF_PANEL,ONGOING_ACTIVE,2026-04,2026-08,2026-08,,,5
705492,2026-04,2026-08,4,0,ADMINISTRATIVE_END_OF_PANEL,ONGOING_ACTIVE,2026-04,2026-08,2026-08,,,5
705493,2026-04,2026-08,4,0,ADMINISTRATIVE_END_OF_PANEL,ONGOING_ACTIVE,2026-04,2026-08,2026-08,,,5
705495,2026-04,2026-08,4,0,ADMINISTRATIVE_END_OF_PANEL,ONGOING_ACTIVE,2026-04,2026-08,2026-08,,,5
705498,2026-04,2026-08,4,0,ADMINISTRATIVE_END_OF_PANEL,ONGOING_ACTIVE,2026-04,2026-08,2026-08,,,5
705500,2026-04,2026-08,4,0,ADMINISTRATIVE_END_OF_PANEL,ONGOING_ACTIVE,2026-04,2026-08,2026-08,,,5
705502,2026-04,2026-08,4,0,ADMINISTRATIVE_END_OF_PANEL,ONGOING_ACTIVE,2026-04,2026-08,2026-08,,,5
705504,2026-04,2026-08,4,0,ADMINISTRATIVE_END_OF_PANEL,ONGOING_ACTIVE,2026-04,2026-08,2026-08,,,5
705505,2026-04,2026-08,4,0,ADMINISTRATIVE_END_OF_PANEL,ONGOING_ACTIVE,2026-04,2026-08,2026-08,,,5
705510,2026-04,2026-08,4,0,ADMINISTRATIVE_END_OF_PANEL,ONGOING_ACTIVE,2026-04,2026-08,2026-08,,,5
705513,2026-04,2026-08,4,0,ADMINISTRATIVE_END_OF_PANEL,ONGOING_ACTIVE,2026-04,2026-08,2026-08,,,5
705515,2026-04,2026-08,4,0,ADMINISTRATIVE_END_OF_PANEL,ONGOING_ACTIVE,2026-04,2026-08,2026-08,,,5
705526,2026-04,2026-08,4,0,ADMINISTRATIVE_END_OF_PANEL,ONGOING_ACTIVE,2026-04,2026-08,2026-08,,,5
705527,2026-04,2026-08,4,0,ADMINISTRATIVE_END_OF_PANEL,ONGOING_ACTIVE,2026-04,2026-08,2026-08,,,5
705528,2026-04,2026-08,4,0,ADMINISTRATIVE_END_OF_PANEL,ONGOING_ACTIVE,2026-04,2026-08,2026-08,,,5
705567,2026-04,2026-08,4,0,ADMINISTRATIVE_END_OF_PANEL,ONGOING_ACTIVE,2026-04,2026-08,2026-08,,,5
705572,2026-04,2026-08,4,0,ADMINISTRATIVE_END_OF_PANEL,ONGOING_ACTIVE,2026-04,2026-08,2026-08,,,5
705583,2026-04,2026-08,4,0,ADMINISTRATIVE_END_OF_PANEL,ONGOING_ACTIVE,2026-04,2026-08,2026-08,,,5
705588,2026-04,2026-08,4,0,ADMINISTRATIVE_END_OF_PANEL,ONGOING_ACTIVE,2026-04,2026-08,2026-08,,,5
705638,2026-04,2026-08,4,0,ADMINISTRATIVE_END_OF_PANEL,ONGOING_ACTIVE,2026-04,2026-08,2026-08,,,5
705639,2026-04,2026-08,4,0,ADMINISTRATIVE_END_OF_PANEL,ONGOING_ACTIVE,2026-04,2026-08,2026-08,,,5
705659,2026-04,2026-08,4,0,ADMINISTRATIVE_END_OF_PANEL,ONGOING_ACTIVE,2026-04,2026-08,2026-08,,,5
705661,2026-04,2026-08,4,0,ADMINISTRATIVE_END_OF_PANEL,ONGOING_ACTIVE,2026-04,2026-08,2026-08,,,5
705663,2026-04,2026-08,4,0,ADMINISTRATIVE_END_OF_PANEL,ONGOING_ACTIVE,2026-04,2026-08,2026-08,,,5
705667,2026-04,2026-08,4,0,ADMINISTRATIVE_END_OF_PANEL,ONGOING_ACTIVE,2026-04,2026-08,2026-08,,,5
705735,2026-04,2026-08,4,0,ADMINISTRATIVE_END_OF_PANEL,ONGOING_ACTIVE,2026-04,2026-08,2026-08,,,5
705741,2026-04,2026-08,4,0,ADMINISTRATIVE_END_OF_PANEL,ONGOING_ACTIVE,2026-04,2026-08,2026-08,,,5
705742,2026-04,2026-08,4,0,ADMINISTRATIVE_END_OF_PANEL,ONGOING_ACTIVE,2026-04,2026-08,2026-08,,,4
705752,2026-04,2026-08,4,0,ADMINISTRATIVE_END_OF_PANEL,ONGOING_ACTIVE,2026-04,2026-08,2026-08,,,5
705761,2026-04,2026-08,4,0,ADMINISTRATIVE_END_OF_PANEL,ONGOING_ACTIVE,2026-04,2026-08,2026-08,,,5
705765,2026-04,2026-08,4,0,ADMINISTRATIVE_END_OF_PANEL,ONGOING_ACTIVE,2026-04,2026-08,2026-08,,,5
705766,2026-04,2026-08,4,0,ADMINISTRATIVE_END_OF_PANEL,ONGOING_ACTIVE,2026-04,2026-08,2026-08,,,5
705772,2026-04,2026-08,4,0,ADMINISTRATIVE_END_OF_PANEL,ONGOING_ACTIVE,2026-04,2026-08,2026-08,,,5
705777,2026-04,2026-08,4,0,ADMINISTRATIVE_END_OF_PANEL,ONGOING_ACTIVE,2026-04,2026-08,2026-08,,,5
705780,2026-04,2026-08,4,0,ADMINISTRATIVE_END_OF_PANEL,ONGOING_ACTIVE,2026-04,2026-08,2026-08,,,5
705782,2026-04,2026-08,4,0,ADMINISTRATIVE_END_OF_PANEL,ONGOING_ACTIVE,2026-04,2026-08,2026-08,,,5
705783,2026-04,2026-08,4,0,ADMINISTRATIVE_END_OF_PANEL,ONGOING_ACTIVE,2026-04,2026-08,2026-08,,,5
705785,2026-04,2026-08,4,0,ADMINISTRATIVE_END_OF_PANEL,ONGOING_ACTIVE,2026-04,2026-08,2026-08,,,5
705933,2026-04,2026-08,4,0,ADMINISTRATIVE_END_OF_PANEL,ONGOING_ACTIVE,2026-04,2026-08,2026-08,,,5
706718,2026-04,2026-08,4,0,ADMINISTRATIVE_END_OF_PANEL,ONGOING_ACTIVE,2026-04,2026-08,2026-08,,,5
706724,2026-04,2026-08,4,0,ADMINISTRATIVE_END_OF_PANEL,ONGOING_ACTIVE,2026-04,2026-08,2026-08,,,5
706763,2026-04,2026-08,4,0,ADMINISTRATIVE_END_OF_PANEL,ONGOING_ACTIVE,2026-04,2026-08,2026-08,,,5
706775,2026-04,2026-08,4,0,ADMINISTRATIVE_END_OF_PANEL,ONGOING_ACTIVE,2026-04,2026-08,2026-08,,,5
706811,2026-04,2026-08,4,0,ADMINISTRATIVE_END_OF_PANEL,ONGOING_ACTIVE,2026-04,2026-08,2026-08,,,5
706836,2026-04,2026-08,4,0,ADMINISTRATIVE_END_OF_PANEL,ONGOING_ACTIVE,2026-04,2026-08,2026-08,,,5
706854,2026-04,2026-08,4,0,ADMINISTRATIVE_END_OF_PANEL,ONGOING_ACTIVE,2026-04,2026-08,2026-08,,,5
706860,2026-04,2026-08,4,0,ADMINISTRATIVE_END_OF_PANEL,ONGOING_ACTIVE,2026-04,2026-08,2026-08,,,5
706865,2026-04,2026-08,4,0,ADMINISTRATIVE_END_OF_PANEL,ONGOING_ACTIVE,2026-04,2026-08,2026-08,,,5
706866,2026-04,2026-08,4,0,ADMINISTRATIVE_END_OF_PANEL,ONGOING_ACTIVE,2026-04,2026-08,2026-08,,,5
707020,2026-04,2026-08,4,0,ADMINISTRATIVE_END_OF_PANEL,ONGOING_ACTIVE,2026-04,2026-08,2026-08,,,5
707021,2026-04,2026-08,4,0,ADMINISTRATIVE_END_OF_PANEL,ONGOING_ACTIVE,2026-04,2026-08,2026-08,,,5
707022,2026-04,2026-08,4,0,ADMINISTRATIVE_END_OF_PANEL,ONGOING_ACTIVE,2026-04,2026-08,2026-08,,,5
707039,2026-04,2026-08,4,0,ADMINISTRATIVE_END_OF_PANEL,ONGOING_ACTIVE,2026-04,2026-08,2026-08,,,5
707044,2026-04,2026-08,4,0,ADMINISTRATIVE_END_OF_PANEL,ONGOING_ACTIVE,2026-04,2026-08,2026-08,,,5
707045,2026-04,2026-08,4,0,ADMINISTRATIVE_END_OF_PANEL,ONGOING_ACTIVE,2026-04,2026-08,2026-08,,,5
707046,2026-04,2026-08,4,0,ADMINISTRATIVE_END_OF_PANEL,ONGOING_ACTIVE,2026-04,2026-08,2026-08,,,5
707049,2026-04,2026-08,4,0,ADMINISTRATIVE_END_OF_PANEL,ONGOING_ACTIVE,2026-04,2026-08,2026-08,,,5
707050,2026-04,2026-08,4,0,ADMINISTRATIVE_END_OF_PANEL,ONGOING_ACTIVE,2026-04,2026-08,2026-08,,,5
707051,2026-05,2026-08,3,0,ADMINISTRATIVE_END_OF_PANEL,ONGOING_ACTIVE,2026-05,2026-08,2026-08,,,4
707058,2026-04,2026-08,4,0,ADMINISTRATIVE_END_OF_PANEL,ONGOING_ACTIVE,2026-04,2026-08,2026-08,,,5
707059,2026-04,2026-08,4,0,ADMINISTRATIVE_END_OF_PANEL,ONGOING_ACTIVE,2026-04,2026-08,2026-08,,,5
707069,2026-04,2026-08,4,0,ADMINISTRATIVE_END_OF_PANEL,ONGOING_ACTIVE,2026-04,2026-08,2026-08,,,5
707070,2026-04,2026-08,4,0,ADMINISTRATIVE_END_OF_PANEL,ONGOING_ACTIVE,2026-04,2026-08,2026-08,,,5
707086,2026-04,2026-08,4,0,ADMINISTRATIVE_END_OF_PANEL,ONGOING_ACTIVE,2026-04,2026-08,2026-08,,,5
707087,2026-04,2026-08,4,0,ADMINISTRATIVE_END_OF_PANEL,ONGOING_ACTIVE,2026-04,2026-08,2026-08,,,5
707215,2026-04,2026-08,4,0,ADMINISTRATIVE_END_OF_PANEL,ONGOING_ACTIVE,2026-04,2026-08,2026-08,,,5
707229,2026-04,2026-08,4,0,ADMINISTRATIVE_END_OF_PANEL,ONGOING_ACTIVE,2026-04,2026-08,2026-08,,,5
707410,2026-04,2026-08,4,0,ADMINISTRATIVE_END_OF_PANEL,ONGOING_ACTIVE,2026-04,2026-08,2026-08,,,5
707419,2026-04,2026-08,4,0,ADMINISTRATIVE_END_OF_PANEL,ONGOING_ACTIVE,2026-04,2026-08,2026-08,,,5
707420,2026-07,2026-08,1,0,ADMINISTRATIVE_END_OF_PANEL,ONGOING_ACTIVE,2026-07,2026-08,2026-08,,,2
708687,2026-06,2026-08,2,0,ADMINISTRATIVE_END_OF_PANEL,ONGOING_ACTIVE,2026-06,2026-08,2026-08,,,3
709747,2026-04,2026-08,4,0,ADMINISTRATIVE_END_OF_PANEL,ONGOING_ACTIVE,2026-04,2026-08,2026-08,,,5
709750,2026-04,2026-08,4,0,ADMINISTRATIVE_END_OF_PANEL,ONGOING_ACTIVE,2026-04,2026-08,2026-08,,,5
709752,2026-04,2026-08,4,0,ADMINISTRATIVE_END_OF_PANEL,ONGOING_ACTIVE,2026-04,2026-08,2026-08,,,5
709753,2026-04,2026-08,4,1,,REPORTED_COMPLETED_EXPLICIT_DATE,2026-04,2026-08,2026-07,2026-08,True,5
709754,2026-04,2026-08,4,0,ADMINISTRATIVE_END_OF_PANEL,ONGOING_ACTIVE,2026-04,2026-08,2026-08,,,5
709755,2026-04,2026-08,4,0,ADMINISTRATIVE_END_OF_PANEL,ONGOING_ACTIVE,2026-04,2026-08,2026-08,,,5
709758,2026-04,2026-05,1,1,,REPORTED_COMPLETED_EXPLICIT_DATE,2026-04,2026-05,2026-04,2026-05,True,2
709759,2026-04,2026-08,4,0,ADMINISTRATIVE_END_OF_PANEL,ONGOING_ACTIVE,2026-04,2026-08,2026-08,,,5
709770,2026-04,2026-08,4,0,ADMINISTRATIVE_END_OF_PANEL,ONGOING_ACTIVE,2026-04,2026-08,2026-08,,,5
709771,2026-04,2026-08,4,0,ADMINISTRATIVE_END_OF_PANEL,ONGOING_ACTIVE,2026-04,2026-08,2026-08,,,5
709772,2026-04,2026-08,4,0,ADMINISTRATIVE_END_OF_PANEL,ONGOING_ACTIVE,2026-04,2026-08,2026-08,,,5
709773,2026-04,2026-08,4,0,ADMINISTRATIVE_END_OF_PANEL,ONGOING_ACTIVE,2026-04,2026-08,2026-08,,,5
709774,2026-04,2026-08,4,0,ADMINISTRATIVE_END_OF_PANEL,ONGOING_ACTIVE,2026-04,2026-08,2026-08,,,5
709776,2026-04,2026-08,4,0,ADMINISTRATIVE_END_OF_PANEL,ONGOING_ACTIVE,2026-04,2026-08,2026-08,,,5
709777,2026-04,2026-08,4,0,ADMINISTRATIVE_END_OF_PANEL,ONGOING_ACTIVE,2026-04,2026-08,2026-08,,,5
709778,2026-04,2026-08,4,0,ADMINISTRATIVE_END_OF_PANEL,ONGOING_ACTIVE,2026-04,2026-08,2026-08,,,5
709779,2026-04,2026-08,4,0,ADMINISTRATIVE_END_OF_PANEL,ONGOING_ACTIVE,2026-04,2026-08,2026-08,,,5
709780,2026-04,2026-08,4,0,ADMINISTRATIVE_END_OF_PANEL,ONGOING_ACTIVE,2026-04,2026-08,2026-08,,,5
709781,2026-04,2026-08,4,0,ADMINISTRATIVE_END_OF_PANEL,ONGOING_ACTIVE,2026-04,2026-08,2026-08,,,5
709783,2026-04,2026-08,4,0,ADMINISTRATIVE_END_OF_PANEL,ONGOING_ACTIVE,2026-04,2026-08,2026-08,,,5
709785,2026-04,2026-08,4,0,ADMINISTRATIVE_END_OF_PANEL,ONGOING_ACTIVE,2026-04,2026-08,2026-08,,,5
709786,2026-04,2026-08,4,0,ADMINISTRATIVE_END_OF_PANEL,ONGOING_ACTIVE,2026-04,2026-08,2026-08,,,5
709791,2026-04,2026-08,4,0,ADMINISTRATIVE_END_OF_PANEL,ONGOING_ACTIVE,2026-04,2026-08,2026-08,,,5
709792,2026-04,2026-08,4,0,ADMINISTRATIVE_END_OF_PANEL,ONGOING_ACTIVE,2026-04,2026-08,2026-08,,,5
709793,2026-04,2026-08,4,0,ADMINISTRATIVE_END_OF_PANEL,ONGOING_ACTIVE,2026-04,2026-08,2026-08,,,5
709794,2026-07,2026-08,1,0,ADMINISTRATIVE_END_OF_PANEL,ONGOING_ACTIVE,2026-07,2026-08,2026-08,,,2
709795,2026-04,2026-08,4,0,ADMINISTRATIVE_END_OF_PANEL,ONGOING_ACTIVE,2026-04,2026-08,2026-08,,,5
709796,2026-04,2026-08,4,0,ADMINISTRATIVE_END_OF_PANEL,ONGOING_ACTIVE,2026-04,2026-08,2026-08,,,5
709797,2026-04,2026-08,4,0,ADMINISTRATIVE_END_OF_PANEL,ONGOING_ACTIVE,2026-04,2026-08,2026-08,,,5
709798,2026-04,2026-08,4,0,ADMINISTRATIVE_END_OF_PANEL,ONGOING_ACTIVE,2026-04,2026-08,2026-08,,,5
709799,2026-04,2026-08,4,0,ADMINISTRATIVE_END_OF_PANEL,ONGOING_ACTIVE,2026-04,2026-08,2026-08,,,5
709800,2026-04,2026-08,4,0,ADMINISTRATIVE_END_OF_PANEL,ONGOING_ACTIVE,2026-04,2026-08,2026-08,,,5
709812,2026-04,2026-08,4,0,ADMINISTRATIVE_END_OF_PANEL,ONGOING_ACTIVE,2026-04,2026-08,2026-08,,,5
709813,2026-04,2026-08,4,0,ADMINISTRATIVE_END_OF_PANEL,ONGOING_ACTIVE,2026-04,2026-08,2026-08,,,5
709818,2026-04,2026-08,4,0,ADMINISTRATIVE_END_OF_PANEL,ONGOING_ACTIVE,2026-04,2026-08,2026-08,,,5
709819,2026-04,2026-08,4,0,ADMINISTRATIVE_END_OF_PANEL,ONGOING_ACTIVE,2026-04,2026-08,2026-08,,,5
709826,2026-04,2026-08,4,0,ADMINISTRATIVE_END_OF_PANEL,ONGOING_ACTIVE,2026-04,2026-08,2026-08,,,5
709831,2026-04,2026-08,4,0,ADMINISTRATIVE_END_OF_PANEL,ONGOING_ACTIVE,2026-04,2026-08,2026-08,,,5
709832,2026-04,2026-08,4,0,ADMINISTRATIVE_END_OF_PANEL,ONGOING_ACTIVE,2026-04,2026-08,2026-08,,,5
709837,2026-04,2026-08,4,0,ADMINISTRATIVE_END_OF_PANEL,ONGOING_ACTIVE,2026-04,2026-08,2026-08,,,5
709838,2026-04,2026-08,4,0,ADMINISTRATIVE_END_OF_PANEL,ONGOING_ACTIVE,2026-04,2026-08,2026-08,,,5
709839,2026-04,2026-08,4,0,ADMINISTRATIVE_END_OF_PANEL,ONGOING_ACTIVE,2026-04,2026-08,2026-08,,,5
709840,2026-04,2026-08,4,0,ADMINISTRATIVE_END_OF_PANEL,ONGOING_ACTIVE,2026-04,2026-08,2026-08,,,5
709841,2026-04,2026-08,4,0,ADMINISTRATIVE_END_OF_PANEL,ONGOING_ACTIVE,2026-04,2026-08,2026-08,,,5
709842,2026-04,2026-08,4,0,ADMINISTRATIVE_END_OF_PANEL,ONGOING_ACTIVE,2026-04,2026-08,2026-08,,,5
709845,2026-04,2026-08,4,0,ADMINISTRATIVE_END_OF_PANEL,ONGOING_ACTIVE,2026-04,2026-08,2026-08,,,5
709847,2026-04,2026-08,4,0,ADMINISTRATIVE_END_OF_PANEL,ONGOING_ACTIVE,2026-04,2026-08,2026-08,,,5
709848,2026-04,2026-08,4,0,ADMINISTRATIVE_END_OF_PANEL,ONGOING_ACTIVE,2026-04,2026-08,2026-08,,,5
709849,2026-04,2026-08,4,0,ADMINISTRATIVE_END_OF_PANEL,ONGOING_ACTIVE,2026-04,2026-08,2026-08,,,5
709850,2026-04,2026-08,4,0,ADMINISTRATIVE_END_OF_PANEL,ONGOING_ACTIVE,2026-04,2026-08,2026-08,,,5
709851,2026-04,2026-08,4,0,ADMINISTRATIVE_END_OF_PANEL,ONGOING_ACTIVE,2026-04,2026-08,2026-08,,,5
709856,2026-04,2026-08,4,0,ADMINISTRATIVE_END_OF_PANEL,ONGOING_ACTIVE,2026-04,2026-08,2026-08,,,5
709857,2026-04,2026-08,4,0,ADMINISTRATIVE_END_OF_PANEL,ONGOING_ACTIVE,2026-04,2026-08,2026-08,,,5
709859,2026-04,2026-08,4,0,ADMINISTRATIVE_END_OF_PANEL,ONGOING_ACTIVE,2026-04,2026-08,2026-08,,,5
709864,2026-04,2026-08,4,0,ADMINISTRATIVE_END_OF_PANEL,ONGOING_ACTIVE,2026-04,2026-08,2026-08,,,5
709865,2026-04,2026-08,4,0,ADMINISTRATIVE_END_OF_PANEL,ONGOING_ACTIVE,2026-04,2026-08,2026-08,,,5
738679,2026-07,2026-08,1,0,ADMINISTRATIVE_END_OF_PANEL,ONGOING_ACTIVE,2026-07,2026-08,2026-08,,,2
757296,2026-08,2026-08,0,0,ADMINISTRATIVE_END_OF_PANEL,ONGOING_ACTIVE,2026-08,2026-08,2026-08,,,1
785574,2026-08,2026-08,0,0,ADMINISTRATIVE_END_OF_PANEL,ONGOING_ACTIVE,2026-08,2026-08,2026-08,,,1
834015,2026-07,2026-08,1,0,ADMINISTRATIVE_END_OF_PANEL,ONGOING_ACTIVE,2026-07,2026-08,2026-08,,,2
858179,2026-08,2026-08,0,0,ADMINISTRATIVE_END_OF_PANEL,ONGOING_ACTIVE,2026-08,2026-08,2026-08,,,1
891687,2026-08,2026-08,0,0,ADMINISTRATIVE_END_OF_PANEL,ONGOING_ACTIVE,2026-08,2026-08,2026-08,,,1
900874,2026-04,2026-08,4,0,ADMINISTRATIVE_END_OF_PANEL,ONGOING_ACTIVE,2026-04,2026-08,2026-08,,,5
914467,2026-07,2026-08,1,0,ADMINISTRATIVE_END_OF_PANEL,ONGOING_ACTIVE,2026-07,2026-08,2026-08,,,2
928129,2026-08,2026-08,0,0,ADMINISTRATIVE_END_OF_PANEL,ONGOING_ACTIVE,2026-08,2026-08,2026-08,,,1
929104,2026-08,2026-08,0,0,ADMINISTRATIVE_END_OF_PANEL,ONGOING_ACTIVE,2026-08,2026-08,2026-08,,,1
938832,2026-07,2026-08,1,0,ADMINISTRATIVE_END_OF_PANEL,ONGOING_ACTIVE,2026-07,2026-08,2026-08,,,2
944288,2026-07,2026-08,1,0,ADMINISTRATIVE_END_OF_PANEL,ONGOING_ACTIVE,2026-07,2026-08,2026-08,,,2
944988,2026-08,2026-08,0,0,ADMINISTRATIVE_END_OF_PANEL,ONGOING_ACTIVE,2026-08,2026-08,2026-08,,,1
946208,2026-07,2026-08,1,0,ADMINISTRATIVE_END_OF_PANEL,ONGOING_ACTIVE,2026-07,2026-08,2026-08,,,2
976009,2026-07,2026-08,1,0,ADMINISTRATIVE_END_OF_PANEL,ONGOING_ACTIVE,2026-07,2026-08,2026-08,,,2
994914,2026-08,2026-08,0,0,ADMINISTRATIVE_END_OF_PANEL,ONGOING_ACTIVE,2026-08,2026-08,2026-08,,,1
